-- phpMyAdmin SQL Dump
-- version 4.7.1
-- https://www.phpmyadmin.net/
--
-- Host: sql9.freemysqlhosting.net
-- Generation Time: Sep 02, 2023 at 11:23 PM
-- Server version: 5.5.62-0ubuntu0.14.04.1
-- PHP Version: 7.0.33-0ubuntu0.16.04.16


SET AUTOCOMMIT = 0;
START TRANSACTION;








--
-- Database: "sql9638503"
--

-- --------------------------------------------------------

--
-- Table structure for table "NaturalHose"
--

CREATE TABLE "NaturalHose" (
  "Id" BIGINT NOT NULL,
  "TitleNaturalHose" VARCHAR NOT NULL,
  "ServicesId" BIGINT NOT NULL
) ;

--
-- Dumping data for table "NaturalHose"
--

INSERT INTO "NaturalHose" ("Id", "TitleNaturalHose", "ServicesId") VALUES
(57, 'Altazor', 1),
(58, 'Altosano', 1),
(59, 'Buenavista', 1),
(60, 'Buenos Aires', 1),
(61, 'Buzal', 1),
(62, 'Cambuco', 1),
(63, 'Camilo', 1),
(64, 'Cartagena', 1),
(65, 'Centro', 1),
(66, 'Chaquipay', 1),
(67, 'Cobre Neiva', 1),
(68, 'Cocos', 1),
(69, 'Cortaderal', 1),
(70, 'Curubita', 1),
(71, 'El carmen', 1),
(72, 'El Encanto', 1),
(73, 'El Mirador', 1),
(74, 'El Oasis', 1),
(75, 'El Ramal', 1),
(76, 'El Roble', 1),
(77, 'La Cunchala', 1),
(78, 'La Cunchalita', 1),
(79, 'La Florida', 1),
(80, 'La Laguna', 1),
(81, 'La Laja', 1),
(82, 'La Llano', 1),
(83, 'Las Quinchas', 1),
(84, 'Los Bancos', 1),
(85, 'Manca', 1),
(86, 'Palenque', 1),
(87, 'Pénjamo', 1),
(88, 'Pizarra Bolívar', 1),
(89, 'Platanillal', 1),
(90, 'Samal', 1),
(91, 'San Antonio', 1),
(92, 'San José de Nazareth', 1),
(93, 'San Pablal', 1),
(94, 'San Vicente', 1),
(95, 'Sevilla', 1),
(96, 'Tapaz del Quipe', 1),
(97, 'Teusaquillo', 1),
(98, 'Acapulco', 67),
(99, 'Centro', 67),
(100, 'El Bosque', 67),
(101, 'El Carmen', 67),
(102, 'El Danubio', 67),
(103, 'Porvenir', 67),
(104, 'Bogotá', 69),
(105, 'Betania', 1),
(106, 'Horizonte', 67),
(107, 'Bolivar', 1),
(108, 'Sabripa', 1),
(109, 'Otanche', 67);

-- --------------------------------------------------------

--
-- Table structure for table "Send"
--

CREATE TABLE "Send" (
  "Id" BIGINT NOT NULL,
  "UserId" BIGINT DEFAULT NULL,
  "DateSend" TIMESTAMP DEFAULT NULL,
  "CountMesage" BIGINT DEFAULT NULL
) ;

--
-- Dumping data for table "Send"
--

INSERT INTO "Send" ("Id", "UserId", "DateSend", "CountMesage") VALUES
(1, 14, '2023-08-15 02:03:22', 1),
(2, 0, '2023-08-15 02:28:47', 1),
(3, 24, '2023-08-15 16:26:58', 4),
(4, 24, '2023-08-15 16:48:48', 4),
(5, 24, '2023-08-15 17:13:27', 4),
(6, 17, '2023-08-16 01:35:52', 5),
(7, 17, '2023-08-16 01:36:36', 5),
(8, 17, '2023-08-16 01:36:58', 5),
(9, 17, '2023-08-16 01:37:31', 5),
(10, 15, '2023-08-15 21:56:36', 1400),
(11, 25, '2023-08-17 14:04:15', 3),
(12, 0, '2023-08-17 20:17:42', 1),
(13, 19, '2023-08-18 12:20:22', 2),
(14, 0, '2023-08-18 14:01:08', 1),
(15, 0, '2023-08-18 14:36:45', 4),
(16, 14, '2023-08-18 14:51:25', 7),
(17, 19, '2023-08-18 14:53:29', 970),
(18, 25, '2023-08-18 17:04:32', 405),
(19, 25, '2023-08-18 19:45:51', 405),
(20, 14, '2023-08-21 20:15:50', 2),
(21, 14, '2023-08-21 20:41:37', 2),
(22, 25, '2023-08-22 02:50:11', 2),
(23, 25, '2023-08-22 02:51:30', 1),
(24, 25, '2023-08-22 02:53:15', 2),
(25, 25, '2023-08-22 03:01:34', 1),
(26, 28, '2023-08-22 12:39:14', 240),
(27, 28, '2023-08-23 14:21:18', 29),
(28, 19, '2023-08-24 20:24:32', 12),
(29, 19, '2023-08-24 20:26:45', 1),
(30, 19, '2023-08-24 21:27:27', 970),
(31, 28, '2023-08-25 19:39:53', 1),
(32, 28, '2023-08-25 19:41:53', 1),
(33, 28, '2023-08-25 19:44:20', 2),
(34, 28, '2023-08-25 19:48:14', 2),
(35, 14, '2023-08-26 02:58:11', 2),
(36, 14, '2023-08-28 00:14:25', 2),
(37, 28, '2023-08-28 13:46:26', 2),
(38, 19, '2023-08-29 15:47:56', 1),
(39, 19, '2023-08-29 16:37:25', 520),
(40, 14, '2023-08-29 17:56:34', 1),
(41, 14, '2023-08-29 18:58:50', 210),
(42, 14, '2023-08-29 19:38:06', 392),
(43, 14, '2023-08-29 19:41:37', 4),
(44, 14, '2023-08-29 19:49:55', 1),
(45, 14, '2023-08-29 21:38:53', 21),
(46, 19, '2023-08-29 22:31:01', 1),
(47, 19, '2023-08-29 23:20:00', 450),
(48, 14, '2023-08-29 23:45:24', 6),
(49, 14, '2023-08-29 23:49:56', 5),
(50, 14, '2023-08-29 23:53:28', 3),
(51, 14, '2023-08-30 02:40:43', 11),
(52, 14, '2023-08-30 02:43:57', 4),
(53, 14, '2023-08-30 12:42:05', 2),
(54, 19, '2023-08-30 21:13:40', 2),
(55, 19, '2023-08-30 21:17:51', 1),
(56, 19, '2023-08-30 21:59:23', 451),
(57, 25, '2023-08-31 00:18:03', 1),
(58, 25, '2023-08-31 00:56:24', 407),
(59, 14, '2023-08-31 01:40:07', 10),
(60, 14, '2023-08-31 01:54:07', 10),
(61, 14, '2023-08-31 02:28:42', 7),
(62, 14, '2023-08-31 02:37:56', 7),
(63, 14, '2023-08-31 03:05:15', 44),
(64, 14, '2023-08-31 03:07:06', 2),
(65, 25, '2023-08-31 14:32:33', 407),
(66, 19, '2023-08-31 20:11:49', 2),
(67, 19, '2023-08-31 20:57:11', 451),
(68, 14, '2023-09-01 02:08:23', 15),
(69, 14, '2023-09-01 02:10:28', 1),
(70, 15, '2023-09-02 15:29:06', 1),
(71, 15, '2023-09-02 16:10:17', 370);

-- --------------------------------------------------------

--
-- Table structure for table "Services"
--

CREATE TABLE "Services" (
  "Id" BIGINT NOT NULL,
  "TitleNameServices" VARCHAR NOT NULL,
  "UserId" BIGINT NOT NULL,
  "Type" VARCHAR NOT NULL
) ;

--
-- Dumping data for table "Services"
--

INSERT INTO "Services" ("Id", "TitleNameServices", "UserId", "Type") VALUES
(1, 'Vereda', 14, 'UBI'),
(2, 'Corregimiento', 14, 'UBI'),
(3, 'Rural', 14, 'UBI'),
(4, 'Bares', 14, 'OTR'),
(5, 'Comercio', 14, 'OTR'),
(6, 'Conductores', 14, 'OTR'),
(7, 'Lideres', 14, 'OTR'),
(8, 'Profesionales', 14, 'OTR'),
(9, 'Urbano', 15, 'UBI'),
(11, 'Urbano', 16, 'UBI'),
(12, 'Vereda', 15, 'UBI'),
(13, 'Corregimiento', 15, 'UBI'),
(14, 'Rural', 15, 'UBI'),
(15, 'Bares', 15, 'OTR'),
(16, 'Comercio', 15, 'OTR'),
(17, 'Conductores', 15, 'OTR'),
(18, 'Lideres', 15, 'OTR'),
(19, 'Profesionales', 15, 'OTR'),
(61, 'Urbano', 17, 'UBI'),
(62, 'urbano', 18, 'UBI'),
(63, 'urbano', 18, 'UBI'),
(64, 'Urbano', 19, 'UBI'),
(65, 'Urbano', 24, 'UBI'),
(66, 'Urbano', 25, 'UBI'),
(67, 'Sector', 14, 'UBI'),
(69, 'Ciudad', 14, 'UBI'),
(71, 'Urbano', 28, 'UBI');

-- --------------------------------------------------------

--
-- Table structure for table "Sex"
--

CREATE TABLE "Sex" (
  "Id" BIGINT NOT NULL,
  "TitleNaturalHose" VARCHAR NOT NULL,
  "tipeSex" BOOLEAN NOT NULL
) ;

--
-- Dumping data for table "Sex"
--

INSERT INTO "Sex" ("Id", "TitleNaturalHose", "tipeSex") VALUES
(1, 'Mujer', FALSE),
(2, 'Hombre', TRUE),
(3, 'Otro', TRUE);

-- --------------------------------------------------------

--
-- Table structure for table "ShipmentOrders"
--

CREATE TABLE "ShipmentOrders" (
  "Id" BIGINT NOT NULL,
  "FirstName" VARCHAR NOT NULL,
  "LastName" VARCHAR NOT NULL,
  "Email" VARCHAR DEFAULT NULL,
  "Phone" VARCHAR DEFAULT NULL,
  "HouseId" BIGINT DEFAULT NULL,
  "BirthDate" TIMESTAMP DEFAULT NULL,
  "DocumentType" VARCHAR DEFAULT NULL,
  "DocumentId" VARCHAR DEFAULT NULL,
  "SexId" BIGINT NOT NULL,
  "ServicesId" BIGINT NOT NULL,
  "Sidewalk" VARCHAR NOT NULL,
  "Need" VARCHAR DEFAULT NULL,
  "ModifyUserId" BIGINT NOT NULL,
  "EconomicActivity" BIGINT DEFAULT NULL,
  "ServiceActivityId" BIGINT DEFAULT NULL
) ;

--
-- Dumping data for table "ShipmentOrders"
--

INSERT INTO "ShipmentOrders" ("Id", "FirstName", "LastName", "Email", "Phone", "HouseId", "BirthDate", "DocumentType", "DocumentId", "SexId", "ServicesId", "Sidewalk", "Need", "ModifyUserId", "EconomicActivity", "ServiceActivityId") VALUES
(53551, 'Luisa', 'Giraldo', 'mail@mail.com', '3215753048', NULL, '1811-08-20 00:00:00', 'CC', NULL, 2, 61, '', NULL, 17, NULL, NULL),
(53552, 'David', 'Ciro', 'jorge@mail.com', '3184666661', NULL, '2000-02-12 00:00:00', 'CC', NULL, 2, 61, '', NULL, 17, NULL, NULL),
(53553, 'julian', 'giraldo', 'jdcc228@yahoo.es', '3215753048', NULL, '2002-05-12 00:00:00', 'CC', NULL, 2, 61, '', NULL, 17, NULL, NULL),
(53554, 'David', 'Ciro', 'jdcc228@yahoo.es', '3184666618', NULL, NULL, 'CC', NULL, 2, 61, '', NULL, 17, NULL, NULL),
(53555, 'David', 'Ciro', 'mail@mai.com', '3184666618', NULL, '2222-12-12 00:00:00', 'CC', NULL, 2, 62, '', NULL, 18, NULL, NULL),
(53556, 'Sandra Milena', '.', 'w@w.com', '3118081195', NULL, '2222-12-12 00:00:00', 'CC', NULL, 2, 61, '', NULL, 17, NULL, NULL),
(53557, 'Tiberio', 'Orrego', 'mail@mail.com', '3108451434', NULL, '4444-04-04 00:00:00', 'CC', NULL, 2, 62, '', NULL, 18, NULL, NULL),
(55816, 'David', 'Ciro', 'inforfercho@gmail.com', '3184666618', NULL, '1222-02-12 00:00:00', 'CC', NULL, 2, 65, '', NULL, 24, NULL, NULL),
(55817, 'Wendy', 'Peña', 'jorge@mail.com', '3008095659', NULL, NULL, 'CC', NULL, 2, 65, '', NULL, 24, NULL, NULL),
(66596, 'Adriana Del Pilr', '', 'mailmail@gmail.com', '3206138734', NULL, '1222-02-12 00:00:00', 'CC', NULL, 2, 66, '', NULL, 25, NULL, NULL),
(66597, 'Adriana JM', '', 'mailmail@gmail.com', '3113646571', NULL, '1222-02-12 00:00:00', 'CC', NULL, 2, 66, '', NULL, 25, NULL, NULL),
(66598, 'Adriana Montoy', '', 'mailmail@gmail.com', '3116196888', NULL, '1222-02-12 00:00:00', 'CC', NULL, 2, 66, '', NULL, 25, NULL, NULL),
(66599, 'Adriana Osorio', '', 'mailmail@gmail.com', '3207701631', NULL, '1222-02-12 00:00:00', 'CC', NULL, 2, 66, '', NULL, 25, NULL, NULL),
(66600, 'Adriana Osorio', '', 'mailmail@gmail.com', '3206138434', NULL, '1222-02-12 00:00:00', 'CC', NULL, 2, 66, '', NULL, 25, NULL, NULL),
(66601, 'Adriana Osorio Pto Berrio', '', 'mailmail@gmail.com', ' 3216332264', NULL, '1222-02-12 00:00:00', 'CC', NULL, 2, 66, '', NULL, 25, NULL, NULL),
(66602, 'Adriana Osorno', '', 'mailmail@gmail.com', '3235929352', NULL, '1222-02-12 00:00:00', 'CC', NULL, 2, 66, '', NULL, 25, NULL, NULL),
(66603, 'Agripina Patiño', '', 'mailmail@gmail.com', '3212788534', NULL, '1222-02-12 00:00:00', 'CC', NULL, 2, 66, '', NULL, 25, NULL, NULL),
(66604, 'Alba Aguilar', '', 'mailmail@gmail.com', '3234793231', NULL, '1222-02-12 00:00:00', 'CC', NULL, 2, 66, '', NULL, 25, NULL, NULL),
(66605, 'Alba Lucia Tilano Acebedo', '', 'mailmail@gmail.com', '3165280546', NULL, '1222-02-12 00:00:00', 'CC', NULL, 2, 66, '', NULL, 25, NULL, NULL),
(66606, 'Alba Meza', '', 'mailmail@gmail.com', '3182022793', NULL, '1222-02-12 00:00:00', 'CC', NULL, 2, 66, '', NULL, 25, NULL, NULL),
(66607, 'Alba Sanchez', '', 'mailmail@gmail.com', '3223605181', NULL, '1222-02-12 00:00:00', 'CC', NULL, 2, 66, '', NULL, 25, NULL, NULL),
(66608, 'Alberto Rojas', '', 'mailmail@gmail.com', '3015504315', NULL, '1222-02-12 00:00:00', 'CC', NULL, 2, 66, '', NULL, 25, NULL, NULL),
(66609, 'Alcira', '', 'mailmail@gmail.com', '3132380973', NULL, '1222-02-12 00:00:00', 'CC', NULL, 2, 66, '', NULL, 25, NULL, NULL),
(66610, 'Aleida Gutiérrez', '', 'mailmail@gmail.com', '3116928802', NULL, '1222-02-12 00:00:00', 'CC', NULL, 2, 66, '', NULL, 25, NULL, NULL),
(66611, 'Aleida Vargas', '', 'mailmail@gmail.com', '3168954640', NULL, '1222-02-12 00:00:00', 'CC', NULL, 2, 66, '', NULL, 25, NULL, NULL),
(66612, 'Alejandra', '', 'mailmail@gmail.com', '3106618772', NULL, '1222-02-12 00:00:00', 'CC', NULL, 2, 66, '', NULL, 25, NULL, NULL),
(66613, 'Alejandra Castillon', '', 'mailmail@gmail.com', '3128985875', NULL, '1222-02-12 00:00:00', 'CC', NULL, 2, 66, '', NULL, 25, NULL, NULL),
(66614, 'Alejandra Duque', '', 'mailmail@gmail.com', '3212171837', NULL, '1222-02-12 00:00:00', 'CC', NULL, 2, 66, '', NULL, 25, NULL, NULL),
(66615, 'Alejandra Gonsalez', '', 'mailmail@gmail.com', '3158705779', NULL, '1222-02-12 00:00:00', 'CC', NULL, 2, 66, '', NULL, 25, NULL, NULL),
(66616, 'Alejandra Morales 17/abril', '', 'mailmail@gmail.com', '3145191725', NULL, '1222-02-12 00:00:00', 'CC', NULL, 2, 66, '', NULL, 25, NULL, NULL),
(66617, 'Alejandra Toro', '', 'mailmail@gmail.com', '3217305742', NULL, '1222-02-12 00:00:00', 'CC', NULL, 2, 66, '', NULL, 25, NULL, NULL),
(66618, 'Alejandra Velasquez', '', 'mailmail@gmail.com', '3126390034', NULL, '1222-02-12 00:00:00', 'CC', NULL, 2, 66, '', NULL, 25, NULL, NULL),
(66619, 'Alejandra Zapata Centro', '', 'mailmail@gmail.com', '3114372218', NULL, '1222-02-12 00:00:00', 'CC', NULL, 2, 66, '', NULL, 25, NULL, NULL),
(66620, 'Alejandro Gallego Mejia', '', 'mailmail@gmail.com', '3144019286', NULL, '1222-02-12 00:00:00', 'CC', NULL, 2, 66, '', NULL, 25, NULL, NULL),
(66621, 'Alejandro Gutiérrez PL', '', 'mailmail@gmail.com', '3207519461', NULL, '1222-02-12 00:00:00', 'CC', NULL, 2, 66, '', NULL, 25, NULL, NULL),
(66622, 'Alejnadra Castrillon', '', 'mailmail@gmail.com', '3128485875', NULL, '1222-02-12 00:00:00', 'CC', NULL, 2, 66, '', NULL, 25, NULL, NULL),
(66623, 'Alejo', '', 'mailmail@gmail.com', '3226404859', NULL, '1222-02-12 00:00:00', 'CC', NULL, 2, 66, '', NULL, 25, NULL, NULL),
(66624, 'Alexander Arboleda', '', 'mailmail@gmail.com', '3203262188', NULL, '1222-02-12 00:00:00', 'CC', NULL, 2, 66, '', NULL, 25, NULL, NULL),
(66625, 'Alexander Echeverri Grisales', '', 'mailmail@gmail.com', '3128388048', NULL, '1222-02-12 00:00:00', 'CC', NULL, 2, 66, '', NULL, 25, NULL, NULL),
(66626, 'Alexandra Sucerquia PL', '', 'mailmail@gmail.com', '3212535811', NULL, '1222-02-12 00:00:00', 'CC', NULL, 2, 66, '', NULL, 25, NULL, NULL),
(66627, 'Alexandra Vega Ochoa', '', 'mailmail@gmail.com', '3128989219', NULL, '1222-02-12 00:00:00', 'CC', NULL, 2, 66, '', NULL, 25, NULL, NULL),
(66628, 'Alexandra Vietnam', '', 'mailmail@gmail.com', '3218331316', NULL, '1222-02-12 00:00:00', 'CC', NULL, 2, 66, '', NULL, 25, NULL, NULL),
(66629, 'Alicia Jaramillo', '', 'mailmail@gmail.com', '3136307416', NULL, '1222-02-12 00:00:00', 'CC', NULL, 2, 66, '', NULL, 25, NULL, NULL),
(66630, 'Alvani Velasco', '', 'mailmail@gmail.com', '3123793122', NULL, '1222-02-12 00:00:00', 'CC', NULL, 2, 66, '', NULL, 25, NULL, NULL),
(66631, 'Álvaro Gutiérrez', '', 'mailmail@gmail.com', '3116923960', NULL, '1222-02-12 00:00:00', 'CC', NULL, 2, 66, '', NULL, 25, NULL, NULL),
(66632, 'Amalia Gaviria', '', 'mailmail@gmail.com', '3145045787', NULL, '1222-02-12 00:00:00', 'CC', NULL, 2, 66, '', NULL, 25, NULL, NULL),
(66633, 'Amparo', '', 'mailmail@gmail.com', '3188405302', NULL, '1222-02-12 00:00:00', 'CC', NULL, 2, 66, '', NULL, 25, NULL, NULL),
(66634, 'Amparo Agudelo', '', 'mailmail@gmail.com', '3124969698', NULL, '1222-02-12 00:00:00', 'CC', NULL, 2, 66, '', NULL, 25, NULL, NULL),
(66635, 'Amparo Atilano', '', 'mailmail@gmail.com', '3212136286', NULL, '1222-02-12 00:00:00', 'CC', NULL, 2, 66, '', NULL, 25, NULL, NULL),
(66636, 'Amparo Buitrago', '', 'mailmail@gmail.com', '3188629166', NULL, '1222-02-12 00:00:00', 'CC', NULL, 2, 66, '', NULL, 25, NULL, NULL),
(66637, 'Amparo Cuervo', '', 'mailmail@gmail.com', '3235127115', NULL, '1222-02-12 00:00:00', 'CC', NULL, 2, 66, '', NULL, 25, NULL, NULL),
(66638, 'Amparo Duque', '', 'mailmail@gmail.com', '3128162821', NULL, '1222-02-12 00:00:00', 'CC', NULL, 2, 66, '', NULL, 25, NULL, NULL),
(66639, 'Amparo Duque', '', 'mailmail@gmail.com', '3105524623', NULL, '1222-02-12 00:00:00', 'CC', NULL, 2, 66, '', NULL, 25, NULL, NULL),
(66640, 'Amparo Jiménez', '', 'mailmail@gmail.com', '3217626127', NULL, '1222-02-12 00:00:00', 'CC', NULL, 2, 66, '', NULL, 25, NULL, NULL),
(66641, 'Amparo Jiménez', '', 'mailmail@gmail.com', '3227626127', NULL, '1222-02-12 00:00:00', 'CC', NULL, 2, 66, '', NULL, 25, NULL, NULL),
(66642, 'Amparo Martinez', '', 'mailmail@gmail.com', '326 3285283', NULL, '1222-02-12 00:00:00', 'CC', NULL, 2, 66, '', NULL, 25, NULL, NULL),
(66643, 'Amparo Morales', '', 'mailmail@gmail.com', '3137916866', NULL, '1222-02-12 00:00:00', 'CC', NULL, 2, 66, '', NULL, 25, NULL, NULL),
(66644, 'Amparo Patiño', '', 'mailmail@gmail.com', '3116468763', NULL, '1222-02-12 00:00:00', 'CC', NULL, 2, 66, '', NULL, 25, NULL, NULL),
(66645, 'Ana Camila Isaza', '', 'mailmail@gmail.com', '3235941133', NULL, '1222-02-12 00:00:00', 'CC', NULL, 2, 66, '', NULL, 25, NULL, NULL),
(66646, 'Ana Carolina', '', 'mailmail@gmail.com', '3196470640', NULL, '1222-02-12 00:00:00', 'CC', NULL, 2, 66, '', NULL, 25, NULL, NULL),
(66647, 'Ana Castaño', '', 'mailmail@gmail.com', '3216969308', NULL, '1222-02-12 00:00:00', 'CC', NULL, 2, 66, '', NULL, 25, NULL, NULL),
(66648, 'Ana Celi Valencia', '', 'mailmail@gmail.com', '3177976864', NULL, '1222-02-12 00:00:00', 'CC', NULL, 2, 66, '', NULL, 25, NULL, NULL),
(66649, 'Ana Conde', '', 'mailmail@gmail.com', '3203616049', NULL, '1222-02-12 00:00:00', 'CC', NULL, 2, 66, '', NULL, 25, NULL, NULL),
(66650, 'Ana Cristina', '', 'mailmail@gmail.com', '3145121495', NULL, '1222-02-12 00:00:00', 'CC', NULL, 2, 66, '', NULL, 25, NULL, NULL),
(66651, 'Ana Delia Vidales', '', 'mailmail@gmail.com', '3133581063', NULL, '1222-02-12 00:00:00', 'CC', NULL, 2, 66, '', NULL, 25, NULL, NULL),
(66652, 'Ana Gomez', '', 'mailmail@gmail.com', '3135916999', NULL, '1222-02-12 00:00:00', 'CC', NULL, 2, 66, '', NULL, 25, NULL, NULL),
(66653, 'Ana Isabel', '', 'mailmail@gmail.com', '3122656150', NULL, '1222-02-12 00:00:00', 'CC', NULL, 2, 66, '', NULL, 25, NULL, NULL),
(66654, 'Ana Judith', '', 'mailmail@gmail.com', '3115449623', NULL, '1222-02-12 00:00:00', 'CC', NULL, 2, 66, '', NULL, 25, NULL, NULL),
(66655, 'Ana María Agudelo', '', 'mailmail@gmail.com', '3116967874', NULL, '1222-02-12 00:00:00', 'CC', NULL, 2, 66, '', NULL, 25, NULL, NULL),
(66656, 'Ana María Pérez PL', '', 'mailmail@gmail.com', '3142532760', NULL, '1222-02-12 00:00:00', 'CC', NULL, 2, 66, '', NULL, 25, NULL, NULL),
(66657, 'Ana Olga mira', '', 'mailmail@gmail.com', '3136819942', NULL, '1222-02-12 00:00:00', 'CC', NULL, 2, 66, '', NULL, 25, NULL, NULL),
(66658, 'Ana Renteria Puerto Colombia', '', 'mailmail@gmail.com', '3177408786', NULL, '1222-02-12 00:00:00', 'CC', NULL, 2, 66, '', NULL, 25, NULL, NULL),
(66659, 'Ana Rosa Ochoa PL', '', 'mailmail@gmail.com', '3146821496', NULL, '1222-02-12 00:00:00', 'CC', NULL, 2, 66, '', NULL, 25, NULL, NULL),
(66660, 'Ana Saldarriaga', '', 'mailmail@gmail.com', '3146454194', NULL, '1222-02-12 00:00:00', 'CC', NULL, 2, 66, '', NULL, 25, NULL, NULL),
(66661, 'Ana Taborda', '', 'mailmail@gmail.com', '3127558625', NULL, '1222-02-12 00:00:00', 'CC', NULL, 2, 66, '', NULL, 25, NULL, NULL),
(66662, 'Ana Uribe', '', 'mailmail@gmail.com', '3136033246', NULL, '1222-02-12 00:00:00', 'CC', NULL, 2, 66, '', NULL, 25, NULL, NULL),
(66663, 'Ana Velilla', '', 'mailmail@gmail.com', '3114234221', NULL, '1222-02-12 00:00:00', 'CC', NULL, 2, 66, '', NULL, 25, NULL, NULL),
(66664, 'Anatelisa Perea', '', 'mailmail@gmail.com', '320409398', NULL, '1222-02-12 00:00:00', 'CC', NULL, 2, 66, '', NULL, 25, NULL, NULL),
(66665, 'Anderson Castrillon B/los Indios', '', 'mailmail@gmail.com', '3108200761', NULL, '1222-02-12 00:00:00', 'CC', NULL, 2, 66, '', NULL, 25, NULL, NULL),
(66666, 'Anderson Zapata 17/abril', '', 'mailmail@gmail.com', '3127720188', NULL, '1222-02-12 00:00:00', 'CC', NULL, 2, 66, '', NULL, 25, NULL, NULL),
(66667, 'Andrea González', '', 'mailmail@gmail.com', '3207465478', NULL, '1222-02-12 00:00:00', 'CC', NULL, 2, 66, '', NULL, 25, NULL, NULL),
(66668, 'Andrea Quintero', '', 'mailmail@gmail.com', '3147962706', NULL, '1222-02-12 00:00:00', 'CC', NULL, 2, 66, '', NULL, 25, NULL, NULL),
(66669, 'Andrea Zapata', '', 'mailmail@gmail.com', '3167481026', NULL, '1222-02-12 00:00:00', 'CC', NULL, 2, 66, '', NULL, 25, NULL, NULL),
(66670, 'Andres Andrade', '', 'mailmail@gmail.com', '3228902991', NULL, '1222-02-12 00:00:00', 'CC', NULL, 2, 66, '', NULL, 25, NULL, NULL),
(66671, 'Andres Bedoya Cuervos', '', 'mailmail@gmail.com', '3207465341', NULL, '1222-02-12 00:00:00', 'CC', NULL, 2, 66, '', NULL, 25, NULL, NULL),
(66672, 'Andres Cardenas', '', 'mailmail@gmail.com', ' 3216437388', NULL, '1222-02-12 00:00:00', 'CC', NULL, 2, 66, '', NULL, 25, NULL, NULL),
(66673, 'Andres Pily Concejal', '', 'mailmail@gmail.com', '3205642626', NULL, '1222-02-12 00:00:00', 'CC', NULL, 2, 66, '', NULL, 25, NULL, NULL),
(66674, 'Andres Zapata B/Antioquia', '', 'mailmail@gmail.com', '3148613040', NULL, '1222-02-12 00:00:00', 'CC', NULL, 2, 66, '', NULL, 25, NULL, NULL),
(66675, 'Angel Eriberto Cuervo', '', 'mailmail@gmail.com', '3185532975', NULL, '1222-02-12 00:00:00', 'CC', NULL, 2, 66, '', NULL, 25, NULL, NULL),
(66676, 'Angela', '', 'mailmail@gmail.com', '3106284558', NULL, '1222-02-12 00:00:00', 'CC', NULL, 2, 66, '', NULL, 25, NULL, NULL),
(66677, 'Angela Barrera', '', 'mailmail@gmail.com', '3145514329', NULL, '1222-02-12 00:00:00', 'CC', NULL, 2, 66, '', NULL, 25, NULL, NULL),
(66678, 'Angela Buriticá', '', 'mailmail@gmail.com', '3205892834', NULL, '1222-02-12 00:00:00', 'CC', NULL, 2, 66, '', NULL, 25, NULL, NULL),
(66679, 'Angela Cano', '', 'mailmail@gmail.com', '3225215443', NULL, '1222-02-12 00:00:00', 'CC', NULL, 2, 66, '', NULL, 25, NULL, NULL),
(66680, 'Angela Hernández', '', 'mailmail@gmail.com', '3138205045', NULL, '1222-02-12 00:00:00', 'CC', NULL, 2, 66, '', NULL, 25, NULL, NULL),
(66681, 'Angela Martínez', '', 'mailmail@gmail.com', '3016209723', NULL, '1222-02-12 00:00:00', 'CC', NULL, 2, 66, '', NULL, 25, NULL, NULL),
(66682, 'Angela Rodríguez', '', 'mailmail@gmail.com', '3246357728', NULL, '1222-02-12 00:00:00', 'CC', NULL, 2, 66, '', NULL, 25, NULL, NULL),
(66683, 'Angela Rua', '', 'mailmail@gmail.com', '3118654130', NULL, '1222-02-12 00:00:00', 'CC', NULL, 2, 66, '', NULL, 25, NULL, NULL),
(66684, 'Angi Leal', '', 'mailmail@gmail.com', '3228683965', NULL, '1222-02-12 00:00:00', 'CC', NULL, 2, 66, '', NULL, 25, NULL, NULL),
(66685, 'Angie Bedoya', '', 'mailmail@gmail.com', '3216089583', NULL, '1222-02-12 00:00:00', 'CC', NULL, 2, 66, '', NULL, 25, NULL, NULL),
(66686, 'Angie Carolina Llano M', '', 'mailmail@gmail.com', '3205412112', NULL, '1222-02-12 00:00:00', 'CC', NULL, 2, 66, '', NULL, 25, NULL, NULL),
(66687, 'Angie Gómez', '', 'mailmail@gmail.com', '3142907690', NULL, '1222-02-12 00:00:00', 'CC', NULL, 2, 66, '', NULL, 25, NULL, NULL),
(66688, 'Angie Jiménez', '', 'mailmail@gmail.com', '3216837325', NULL, '1222-02-12 00:00:00', 'CC', NULL, 2, 66, '', NULL, 25, NULL, NULL),
(66689, 'Angie María', '', 'mailmail@gmail.com', '3192411649', NULL, '1222-02-12 00:00:00', 'CC', NULL, 2, 66, '', NULL, 25, NULL, NULL),
(66690, 'Angie Martinez', '', 'mailmail@gmail.com', '3014169986', NULL, '1222-02-12 00:00:00', 'CC', NULL, 2, 66, '', NULL, 25, NULL, NULL),
(66691, 'Angie Rua', '', 'mailmail@gmail.com', '3209921490', NULL, '1222-02-12 00:00:00', 'CC', NULL, 2, 66, '', NULL, 25, NULL, NULL),
(66692, 'Antonio Castellanos', '', 'mailmail@gmail.com', '3208750528', NULL, '1222-02-12 00:00:00', 'CC', NULL, 2, 66, '', NULL, 25, NULL, NULL),
(66693, 'Araceli Betancur', '', 'mailmail@gmail.com', '3216169151', NULL, '1222-02-12 00:00:00', 'CC', NULL, 2, 66, '', NULL, 25, NULL, NULL),
(66694, 'Aracely Patiño', '', 'mailmail@gmail.com', '3128158850', NULL, '1222-02-12 00:00:00', 'CC', NULL, 2, 66, '', NULL, 25, NULL, NULL),
(66695, 'Arelis Quiriz Turbay 1', '', 'mailmail@gmail.com', '3207587310', NULL, '1222-02-12 00:00:00', 'CC', NULL, 2, 66, '', NULL, 25, NULL, NULL),
(66696, 'Arelis Quiroz', '', 'mailmail@gmail.com', '3122509219', NULL, '1222-02-12 00:00:00', 'CC', NULL, 2, 66, '', NULL, 25, NULL, NULL),
(66697, 'Argenida Cardona', '', 'mailmail@gmail.com', '3136693805', NULL, '1222-02-12 00:00:00', 'CC', NULL, 2, 66, '', NULL, 25, NULL, NULL),
(66698, 'Arlensy', '', 'mailmail@gmail.com', '3126502989', NULL, '1222-02-12 00:00:00', 'CC', NULL, 2, 66, '', NULL, 25, NULL, NULL),
(66699, 'Astrid Arango', '', 'mailmail@gmail.com', '3113058846', NULL, '1222-02-12 00:00:00', 'CC', NULL, 2, 66, '', NULL, 25, NULL, NULL),
(66700, 'Astrid Londoño', '', 'mailmail@gmail.com', '3145643004', NULL, '1222-02-12 00:00:00', 'CC', NULL, 2, 66, '', NULL, 25, NULL, NULL),
(66701, 'Atelvina Aguilar', '', 'mailmail@gmail.com', '3126446764', NULL, '1222-02-12 00:00:00', 'CC', NULL, 2, 66, '', NULL, 25, NULL, NULL),
(66702, 'Atencion al Cliente', '', 'mailmail@gmail.com', '*611', NULL, '1222-02-12 00:00:00', 'CC', NULL, 2, 66, '', NULL, 25, NULL, NULL),
(66703, 'Aura Cecilia Lopez', '', 'mailmail@gmail.com', '3136902966', NULL, '1222-02-12 00:00:00', 'CC', NULL, 2, 66, '', NULL, 25, NULL, NULL),
(66704, 'Aura Merino', '', 'mailmail@gmail.com', '3127556165', NULL, '1222-02-12 00:00:00', 'CC', NULL, 2, 66, '', NULL, 25, NULL, NULL),
(66705, 'Aurora Agudelo', '', 'mailmail@gmail.com', '3113740618', NULL, '1222-02-12 00:00:00', 'CC', NULL, 2, 66, '', NULL, 25, NULL, NULL),
(66706, 'Balvanera Vargas', '', 'mailmail@gmail.com', '3137762836', NULL, '1222-02-12 00:00:00', 'CC', NULL, 2, 66, '', NULL, 25, NULL, NULL),
(66707, 'Beatriz', '', 'mailmail@gmail.com', '3206703717', NULL, '1222-02-12 00:00:00', 'CC', NULL, 2, 66, '', NULL, 25, NULL, NULL),
(66708, 'Beatriz Arroyave', '', 'mailmail@gmail.com', '3225625735', NULL, '1222-02-12 00:00:00', 'CC', NULL, 2, 66, '', NULL, 25, NULL, NULL),
(66709, 'Beatriz Buriticá', '', 'mailmail@gmail.com', '3217083151', NULL, '1222-02-12 00:00:00', 'CC', NULL, 2, 66, '', NULL, 25, NULL, NULL),
(66710, 'Beatriz Montaño', '', 'mailmail@gmail.com', '3128937000', NULL, '1222-02-12 00:00:00', 'CC', NULL, 2, 66, '', NULL, 25, NULL, NULL),
(66711, 'Beatriz Oquendo', '', 'mailmail@gmail.com', '3216789632', NULL, '1222-02-12 00:00:00', 'CC', NULL, 2, 66, '', NULL, 25, NULL, NULL),
(66712, 'Beatriz Orrego', '', 'mailmail@gmail.com', '3147105851', NULL, '1222-02-12 00:00:00', 'CC', NULL, 2, 66, '', NULL, 25, NULL, NULL),
(66713, 'Beatriz Peña', '', 'mailmail@gmail.com', '3166619345', NULL, '1222-02-12 00:00:00', 'CC', NULL, 2, 66, '', NULL, 25, NULL, NULL),
(66714, 'Beatriz Serna', '', 'mailmail@gmail.com', '3195118035', NULL, '1222-02-12 00:00:00', 'CC', NULL, 2, 66, '', NULL, 25, NULL, NULL),
(66715, 'Benhur Vega', '', 'mailmail@gmail.com', '3126752272', NULL, '1222-02-12 00:00:00', 'CC', NULL, 2, 66, '', NULL, 25, NULL, NULL),
(66716, 'Berenice Gallego', '', 'mailmail@gmail.com', '3116016661', NULL, '1222-02-12 00:00:00', 'CC', NULL, 2, 66, '', NULL, 25, NULL, NULL),
(66717, 'Bertha', '', 'mailmail@gmail.com', '3206325160', NULL, '1222-02-12 00:00:00', 'CC', NULL, 2, 66, '', NULL, 25, NULL, NULL),
(66718, 'Bertha Gutiérrez', '', 'mailmail@gmail.com', '3118303961', NULL, '1222-02-12 00:00:00', 'CC', NULL, 2, 66, '', NULL, 25, NULL, NULL),
(66719, 'Bertha Londoño', '', 'mailmail@gmail.com', '3106448849', NULL, '1222-02-12 00:00:00', 'CC', NULL, 2, 66, '', NULL, 25, NULL, NULL),
(66720, 'Bertha Sánchez', '', 'mailmail@gmail.com', '3123841031', NULL, '1222-02-12 00:00:00', 'CC', NULL, 2, 66, '', NULL, 25, NULL, NULL),
(66721, 'Bertilda Polo', '', 'mailmail@gmail.com', '3217685742', NULL, '1222-02-12 00:00:00', 'CC', NULL, 2, 66, '', NULL, 25, NULL, NULL),
(66722, 'Bertulfo Álvarez PL', '', 'mailmail@gmail.com', '3146005452', NULL, '1222-02-12 00:00:00', 'CC', NULL, 2, 66, '', NULL, 25, NULL, NULL),
(66723, 'Betty Acevedo', '', 'mailmail@gmail.com', '3216171838', NULL, '1222-02-12 00:00:00', 'CC', NULL, 2, 66, '', NULL, 25, NULL, NULL),
(66724, 'Betty Mesa', '', 'mailmail@gmail.com', '3148375555', NULL, '1222-02-12 00:00:00', 'CC', NULL, 2, 66, '', NULL, 25, NULL, NULL),
(66725, 'Blanca Artiga', '', 'mailmail@gmail.com', '3134450518', NULL, '1222-02-12 00:00:00', 'CC', NULL, 2, 66, '', NULL, 25, NULL, NULL),
(66726, 'Blanca Calderón', '', 'mailmail@gmail.com', '3135989189', NULL, '1222-02-12 00:00:00', 'CC', NULL, 2, 66, '', NULL, 25, NULL, NULL),
(66727, 'Blanca Delgado', '', 'mailmail@gmail.com', '3135384843', NULL, '1222-02-12 00:00:00', 'CC', NULL, 2, 66, '', NULL, 25, NULL, NULL),
(66728, 'Blanca Hernández', '', 'mailmail@gmail.com', '3007521539', NULL, '1222-02-12 00:00:00', 'CC', NULL, 2, 66, '', NULL, 25, NULL, NULL),
(66729, 'Blanca Oliva Pueblo Nuevo', '', 'mailmail@gmail.com', '3148701774', NULL, '1222-02-12 00:00:00', 'CC', NULL, 2, 66, '', NULL, 25, NULL, NULL),
(66730, 'Blanca Ramirez', '', 'mailmail@gmail.com', '3186548016', NULL, '1222-02-12 00:00:00', 'CC', NULL, 2, 66, '', NULL, 25, NULL, NULL),
(66731, 'Blanca Tejada', '', 'mailmail@gmail.com', '3148652626', NULL, '1222-02-12 00:00:00', 'CC', NULL, 2, 66, '', NULL, 25, NULL, NULL),
(66732, 'Blanca Vargas', '', 'mailmail@gmail.com', '3136797811', NULL, '1222-02-12 00:00:00', 'CC', NULL, 2, 66, '', NULL, 25, NULL, NULL),
(66733, 'Blanca Vásquez', '', 'mailmail@gmail.com', '3004478096', NULL, '1222-02-12 00:00:00', 'CC', NULL, 2, 66, '', NULL, 25, NULL, NULL),
(66734, 'Blanca Vega', '', 'mailmail@gmail.com', '3212476824', NULL, '1222-02-12 00:00:00', 'CC', NULL, 2, 66, '', NULL, 25, NULL, NULL),
(66735, 'Brayan Betancur PL', '', 'mailmail@gmail.com', '3105176726', NULL, '1222-02-12 00:00:00', 'CC', NULL, 2, 66, '', NULL, 25, NULL, NULL),
(66736, 'Brayan Echvarria', '', 'mailmail@gmail.com', '3137416525', NULL, '1222-02-12 00:00:00', 'CC', NULL, 2, 66, '', NULL, 25, NULL, NULL),
(66737, 'Bruno Patiño', '', 'mailmail@gmail.com', '3113529965', NULL, '1222-02-12 00:00:00', 'CC', NULL, 2, 66, '', NULL, 25, NULL, NULL),
(66738, 'Buzon de Voz', '', 'mailmail@gmail.com', '*123', NULL, '1222-02-12 00:00:00', 'CC', NULL, 2, 66, '', NULL, 25, NULL, NULL),
(66739, 'Camila alvarez 17Abril', '', 'mailmail@gmail.com', '3506412320', NULL, '1222-02-12 00:00:00', 'CC', NULL, 2, 66, '', NULL, 25, NULL, NULL),
(66740, 'Camila Basto', '', 'mailmail@gmail.com', '3128503545', NULL, '1222-02-12 00:00:00', 'CC', NULL, 2, 66, '', NULL, 25, NULL, NULL),
(66741, 'Camila Castañeda', '', 'mailmail@gmail.com', '3214593735', NULL, '1222-02-12 00:00:00', 'CC', NULL, 2, 66, '', NULL, 25, NULL, NULL),
(66742, 'Camila Castrillon', '', 'mailmail@gmail.com', '3155296329', NULL, '1222-02-12 00:00:00', 'CC', NULL, 2, 66, '', NULL, 25, NULL, NULL),
(66743, 'Camila Molano', '', 'mailmail@gmail.com', '3113830200', NULL, '1222-02-12 00:00:00', 'CC', NULL, 2, 66, '', NULL, 25, NULL, NULL),
(66744, 'Camilo Andres', '', 'mailmail@gmail.com', '3104401179', NULL, '1222-02-12 00:00:00', 'CC', NULL, 2, 66, '', NULL, 25, NULL, NULL),
(66745, 'Camilo Andres Cabrales PL', '', 'mailmail@gmail.com', '3127094587', NULL, '1222-02-12 00:00:00', 'CC', NULL, 2, 66, '', NULL, 25, NULL, NULL),
(66746, 'Carlos Alzate Empleabilidad', '', 'mailmail@gmail.com', ' 3135349583', NULL, '1222-02-12 00:00:00', 'CC', NULL, 2, 66, '', NULL, 25, NULL, NULL),
(66747, 'Carlos Castro', '', 'mailmail@gmail.com', '3004989862', NULL, '1222-02-12 00:00:00', 'CC', NULL, 2, 66, '', NULL, 25, NULL, NULL),
(66748, 'Carlos Izquierdo', '', 'mailmail@gmail.com', '3226019765', NULL, '1222-02-12 00:00:00', 'CC', NULL, 2, 66, '', NULL, 25, NULL, NULL),
(66749, 'Carlos Jaramillo', '', 'mailmail@gmail.com', ' 3127638598', NULL, '1222-02-12 00:00:00', 'CC', NULL, 2, 66, '', NULL, 25, NULL, NULL),
(66750, 'Carlos Méndez', '', 'mailmail@gmail.com', '3173268440', NULL, '1222-02-12 00:00:00', 'CC', NULL, 2, 66, '', NULL, 25, NULL, NULL),
(66751, 'Carlos Saldarriaga', '', 'mailmail@gmail.com', '3216618750', NULL, '1222-02-12 00:00:00', 'CC', NULL, 2, 66, '', NULL, 25, NULL, NULL),
(66752, 'Carlos Tobon', '', 'mailmail@gmail.com', '3206933286', NULL, '1222-02-12 00:00:00', 'CC', NULL, 2, 66, '', NULL, 25, NULL, NULL),
(66753, 'Carmelo', '', 'mailmail@gmail.com', '3128946754', NULL, '1222-02-12 00:00:00', 'CC', NULL, 2, 66, '', NULL, 25, NULL, NULL),
(66754, 'Carmen Aguirre', '', 'mailmail@gmail.com', '3224445753', NULL, '1222-02-12 00:00:00', 'CC', NULL, 2, 66, '', NULL, 25, NULL, NULL),
(66755, 'Carmen Atilano', '', 'mailmail@gmail.com', '3104002013', NULL, '1222-02-12 00:00:00', 'CC', NULL, 2, 66, '', NULL, 25, NULL, NULL),
(66756, 'Carmen Castrillon', '', 'mailmail@gmail.com', '3161684944', NULL, '1222-02-12 00:00:00', 'CC', NULL, 2, 66, '', NULL, 25, NULL, NULL),
(66757, 'Carmen Henao', '', 'mailmail@gmail.com', '3128708305', NULL, '1222-02-12 00:00:00', 'CC', NULL, 2, 66, '', NULL, 25, NULL, NULL),
(66758, 'Carmen Polo', '', 'mailmail@gmail.com', '3128475661', NULL, '1222-02-12 00:00:00', 'CC', NULL, 2, 66, '', NULL, 25, NULL, NULL),
(66759, 'Carmen Ramírez', '', 'mailmail@gmail.com', '3124620170', NULL, '1222-02-12 00:00:00', 'CC', NULL, 2, 66, '', NULL, 25, NULL, NULL),
(66760, 'Carmen Tique', '', 'mailmail@gmail.com', '3128186099', NULL, '1222-02-12 00:00:00', 'CC', NULL, 2, 66, '', NULL, 25, NULL, NULL),
(66761, 'Carmen Torres', '', 'mailmail@gmail.com', '3148717528', NULL, '1222-02-12 00:00:00', 'CC', NULL, 2, 66, '', NULL, 25, NULL, NULL),
(66762, 'Carmen Torres', '', 'mailmail@gmail.com', '3127170385', NULL, '1222-02-12 00:00:00', 'CC', NULL, 2, 66, '', NULL, 25, NULL, NULL),
(66763, 'Carmwn Garces', '', 'mailmail@gmail.com', '3134355632', NULL, '1222-02-12 00:00:00', 'CC', NULL, 2, 66, '', NULL, 25, NULL, NULL),
(66764, 'Carolina López Mesa', '', 'mailmail@gmail.com', '3122965174', NULL, '1222-02-12 00:00:00', 'CC', NULL, 2, 66, '', NULL, 25, NULL, NULL),
(66765, 'Carolina Medina', '', 'mailmail@gmail.com', '3113429926', NULL, '1222-02-12 00:00:00', 'CC', NULL, 2, 66, '', NULL, 25, NULL, NULL),
(66766, 'Carolina Ortiz', '', 'mailmail@gmail.com', '3126091646', NULL, '1222-02-12 00:00:00', 'CC', NULL, 2, 66, '', NULL, 25, NULL, NULL),
(66767, 'Carolina Parra', '', 'mailmail@gmail.com', '3207812891', NULL, '1222-02-12 00:00:00', 'CC', NULL, 2, 66, '', NULL, 25, NULL, NULL),
(66768, 'Carolina Pulgarin', '', 'mailmail@gmail.com', '3135704618', NULL, '1222-02-12 00:00:00', 'CC', NULL, 2, 66, '', NULL, 25, NULL, NULL),
(66769, 'Carolina Tomás', '', 'mailmail@gmail.com', '3215954706', NULL, '1222-02-12 00:00:00', 'CC', NULL, 2, 66, '', NULL, 25, NULL, NULL),
(66770, 'Cartucha', '', 'mailmail@gmail.com', '3218826398', NULL, '1222-02-12 00:00:00', 'CC', NULL, 2, 66, '', NULL, 25, NULL, NULL),
(66771, 'Castillo Julio', '', 'mailmail@gmail.com', '3147457366', NULL, '1222-02-12 00:00:00', 'CC', NULL, 2, 66, '', NULL, 25, NULL, NULL),
(66772, 'Catherine Cruz', '', 'mailmail@gmail.com', '3127987001', NULL, '1222-02-12 00:00:00', 'CC', NULL, 2, 66, '', NULL, 25, NULL, NULL),
(66773, 'Cecilia Herrera', '', 'mailmail@gmail.com', '3128334649', NULL, '1222-02-12 00:00:00', 'CC', NULL, 2, 66, '', NULL, 25, NULL, NULL),
(66774, 'Cecilia Martínez PL', '', 'mailmail@gmail.com', '3136027477', NULL, '1222-02-12 00:00:00', 'CC', NULL, 2, 66, '', NULL, 25, NULL, NULL),
(66775, 'Cecilia Muriel', '', 'mailmail@gmail.com', '3153054849', NULL, '1222-02-12 00:00:00', 'CC', NULL, 2, 66, '', NULL, 25, NULL, NULL),
(66776, 'Cecilia Pérez', '', 'mailmail@gmail.com', '3112848656', NULL, '1222-02-12 00:00:00', 'CC', NULL, 2, 66, '', NULL, 25, NULL, NULL),
(66777, 'Celina', '', 'mailmail@gmail.com', '3122064311', NULL, '1222-02-12 00:00:00', 'CC', NULL, 2, 66, '', NULL, 25, NULL, NULL),
(66778, 'Celmira Vera', '', 'mailmail@gmail.com', '3115263998', NULL, '1222-02-12 00:00:00', 'CC', NULL, 2, 66, '', NULL, 25, NULL, NULL),
(66779, 'Cenaida Martínez', '', 'mailmail@gmail.com', '3137383253', NULL, '1222-02-12 00:00:00', 'CC', NULL, 2, 66, '', NULL, 25, NULL, NULL),
(66780, 'Cenaida Vargas', '', 'mailmail@gmail.com', '3128700305', NULL, '1222-02-12 00:00:00', 'CC', NULL, 2, 66, '', NULL, 25, NULL, NULL),
(66781, 'Centro', '', 'mailmail@gmail.com', '31440100444', NULL, '1222-02-12 00:00:00', 'CC', NULL, 2, 66, '', NULL, 25, NULL, NULL),
(66782, 'Chicha 2021', '', 'mailmail@gmail.com', '3128400914', NULL, '1222-02-12 00:00:00', 'CC', NULL, 2, 66, '', NULL, 25, NULL, NULL),
(66783, 'Chita', '', 'mailmail@gmail.com', '3216106778', NULL, '1222-02-12 00:00:00', 'CC', NULL, 2, 66, '', NULL, 25, NULL, NULL),
(66784, 'Clara Ortiz', '', 'mailmail@gmail.com', '3217659030', NULL, '1222-02-12 00:00:00', 'CC', NULL, 2, 66, '', NULL, 25, NULL, NULL),
(66785, 'Claudi Agudelo', '', 'mailmail@gmail.com', '3157089159', NULL, '1222-02-12 00:00:00', 'CC', NULL, 2, 66, '', NULL, 25, NULL, NULL),
(66786, 'Claudia Bar', '', 'mailmail@gmail.com', '3116365651', NULL, '1222-02-12 00:00:00', 'CC', NULL, 2, 66, '', NULL, 25, NULL, NULL),
(66787, 'Claudia Cardona', '', 'mailmail@gmail.com', '3014111409', NULL, '1222-02-12 00:00:00', 'CC', NULL, 2, 66, '', NULL, 25, NULL, NULL),
(66788, 'Claudia Castro', '', 'mailmail@gmail.com', '3136810666', NULL, '1222-02-12 00:00:00', 'CC', NULL, 2, 66, '', NULL, 25, NULL, NULL),
(66789, 'Claudia Cifuentes', '', 'mailmail@gmail.com', '3145481363', NULL, '1222-02-12 00:00:00', 'CC', NULL, 2, 66, '', NULL, 25, NULL, NULL),
(66790, 'Claudia Fernández', '', 'mailmail@gmail.com', '3215179480', NULL, '1222-02-12 00:00:00', 'CC', NULL, 2, 66, '', NULL, 25, NULL, NULL),
(66791, 'Claudia García', '', 'mailmail@gmail.com', '31265333425', NULL, '1222-02-12 00:00:00', 'CC', NULL, 2, 66, '', NULL, 25, NULL, NULL),
(66792, 'Claudia González', '', 'mailmail@gmail.com', '3175062958', NULL, '1222-02-12 00:00:00', 'CC', NULL, 2, 66, '', NULL, 25, NULL, NULL),
(66793, 'Claudia Hernández', '', 'mailmail@gmail.com', '3225655483', NULL, '1222-02-12 00:00:00', 'CC', NULL, 2, 66, '', NULL, 25, NULL, NULL),
(66794, 'Claudia Mira', '', 'mailmail@gmail.com', '3162112869', NULL, '1222-02-12 00:00:00', 'CC', NULL, 2, 66, '', NULL, 25, NULL, NULL),
(66795, 'Claudia Rodríguez', '', 'mailmail@gmail.com', '3185516539', NULL, '1222-02-12 00:00:00', 'CC', NULL, 2, 66, '', NULL, 25, NULL, NULL),
(66796, 'Claudia Valenzuela', '', 'mailmail@gmail.com', '3105428876', NULL, '1222-02-12 00:00:00', 'CC', NULL, 2, 66, '', NULL, 25, NULL, NULL),
(66797, 'Consuelo Agudelo', '', 'mailmail@gmail.com', '3137241659', NULL, '1222-02-12 00:00:00', 'CC', NULL, 2, 66, '', NULL, 25, NULL, NULL),
(66798, 'Consuelo Ceballos', '', 'mailmail@gmail.com', '3145481817', NULL, '1222-02-12 00:00:00', 'CC', NULL, 2, 66, '', NULL, 25, NULL, NULL),
(66799, 'Consuelo Inpec', '', 'mailmail@gmail.com', '335 665629', NULL, '1222-02-12 00:00:00', 'CC', NULL, 2, 66, '', NULL, 25, NULL, NULL),
(66800, 'Consuelo Orozco', '', 'mailmail@gmail.com', '3206123201', NULL, '1222-02-12 00:00:00', 'CC', NULL, 2, 66, '', NULL, 25, NULL, NULL),
(66801, 'Consuelo Valencia', '', 'mailmail@gmail.com', '3137580109', NULL, '1222-02-12 00:00:00', 'CC', NULL, 2, 66, '', NULL, 25, NULL, NULL),
(66802, 'Consuelo Villegas', '', 'mailmail@gmail.com', '3138381057', NULL, '1222-02-12 00:00:00', 'CC', NULL, 2, 66, '', NULL, 25, NULL, NULL),
(66803, 'Corina Amaya', '', 'mailmail@gmail.com', '3128607089', NULL, '1222-02-12 00:00:00', 'CC', NULL, 2, 66, '', NULL, 25, NULL, NULL),
(66804, 'Cristian Arroyave', '', 'mailmail@gmail.com', '3024614813', NULL, '1222-02-12 00:00:00', 'CC', NULL, 2, 66, '', NULL, 25, NULL, NULL),
(66805, 'Cristian Cáceres', '', 'mailmail@gmail.com', '3127221253', NULL, '1222-02-12 00:00:00', 'CC', NULL, 2, 66, '', NULL, 25, NULL, NULL),
(66806, 'Cristian Marín', '', 'mailmail@gmail.com', '3206413580', NULL, '1222-02-12 00:00:00', 'CC', NULL, 2, 66, '', NULL, 25, NULL, NULL),
(66807, 'Cristian Restrepo', '', 'mailmail@gmail.com', '3205671590', NULL, '1222-02-12 00:00:00', 'CC', NULL, 2, 66, '', NULL, 25, NULL, NULL),
(66808, 'Cristian Vargas', '', 'mailmail@gmail.com', ' 3104412942', NULL, '1222-02-12 00:00:00', 'CC', NULL, 2, 66, '', NULL, 25, NULL, NULL),
(66809, 'Cristina Hernandez', '', 'mailmail@gmail.com', '3103511632', NULL, '1222-02-12 00:00:00', 'CC', NULL, 2, 66, '', NULL, 25, NULL, NULL),
(66810, 'Cristóbal Londoño', '', 'mailmail@gmail.com', '3115651256', NULL, '1222-02-12 00:00:00', 'CC', NULL, 2, 66, '', NULL, 25, NULL, NULL),
(66811, 'Cristóbal Sanchez', '', 'mailmail@gmail.com', ' 3104554282', NULL, '1222-02-12 00:00:00', 'CC', NULL, 2, 66, '', NULL, 25, NULL, NULL),
(66812, 'Cruz Sossa', '', 'mailmail@gmail.com', '3122987685', NULL, '1222-02-12 00:00:00', 'CC', NULL, 2, 66, '', NULL, 25, NULL, NULL),
(66813, 'Custodia Builes', '', 'mailmail@gmail.com', '3148296645', NULL, '1222-02-12 00:00:00', 'CC', NULL, 2, 66, '', NULL, 25, NULL, NULL),
(66814, 'Dalgy Puerta', '', 'mailmail@gmail.com', '3218839040', NULL, '1222-02-12 00:00:00', 'CC', NULL, 2, 66, '', NULL, 25, NULL, NULL),
(66815, 'Dalila Urbina', '', 'mailmail@gmail.com', '3117730839', NULL, '1222-02-12 00:00:00', 'CC', NULL, 2, 66, '', NULL, 25, NULL, NULL),
(66816, 'Damaris Gamboa', '', 'mailmail@gmail.com', '3136056580', NULL, '1222-02-12 00:00:00', 'CC', NULL, 2, 66, '', NULL, 25, NULL, NULL),
(66817, 'Damian Espinosa', '', 'mailmail@gmail.com', '3005687003', NULL, '1222-02-12 00:00:00', 'CC', NULL, 2, 66, '', NULL, 25, NULL, NULL),
(66818, 'Danibeth', '', 'mailmail@gmail.com', '3227957862', NULL, '1222-02-12 00:00:00', 'CC', NULL, 2, 66, '', NULL, 25, NULL, NULL),
(66819, 'Daniel Ramírez Quiroz PL', '', 'mailmail@gmail.com', '3102763618', NULL, '1222-02-12 00:00:00', 'CC', NULL, 2, 66, '', NULL, 25, NULL, NULL),
(66820, 'Daniela Chimchia', '', 'mailmail@gmail.com', '3148567234', NULL, '1222-02-12 00:00:00', 'CC', NULL, 2, 66, '', NULL, 25, NULL, NULL),
(66821, 'Daniela Martinez', '', 'mailmail@gmail.com', '3127514985', NULL, '1222-02-12 00:00:00', 'CC', NULL, 2, 66, '', NULL, 25, NULL, NULL),
(66822, 'Daniela Pamplona', '', 'mailmail@gmail.com', '3154702713', NULL, '1222-02-12 00:00:00', 'CC', NULL, 2, 66, '', NULL, 25, NULL, NULL),
(66823, 'Daniela Rodriguez', '', 'mailmail@gmail.com', '3209493275', NULL, '1222-02-12 00:00:00', 'CC', NULL, 2, 66, '', NULL, 25, NULL, NULL),
(66824, 'Danna Tejda', '', 'mailmail@gmail.com', '3016463098', NULL, '1222-02-12 00:00:00', 'CC', NULL, 2, 66, '', NULL, 25, NULL, NULL),
(66825, 'Darío Zapata Sargento', '', 'mailmail@gmail.com', '3146160710', NULL, '1222-02-12 00:00:00', 'CC', NULL, 2, 66, '', NULL, 25, NULL, NULL),
(66826, 'Darly Benitez', '', 'mailmail@gmail.com', '3116098438', NULL, '1222-02-12 00:00:00', 'CC', NULL, 2, 66, '', NULL, 25, NULL, NULL),
(66827, 'Darly Londoño', '', 'mailmail@gmail.com', '3233313663', NULL, '1222-02-12 00:00:00', 'CC', NULL, 2, 66, '', NULL, 25, NULL, NULL),
(66828, 'David Mejía Turbay 1', '', 'mailmail@gmail.com', '3226422753', NULL, '1222-02-12 00:00:00', 'CC', NULL, 2, 66, '', NULL, 25, NULL, NULL),
(66829, 'Dayana Barberís', '', 'mailmail@gmail.com', '3043305071', NULL, '1222-02-12 00:00:00', 'CC', NULL, 2, 66, '', NULL, 25, NULL, NULL),
(66830, 'Dayana Fernandez', '', 'mailmail@gmail.com', '3215064732', NULL, '1222-02-12 00:00:00', 'CC', NULL, 2, 66, '', NULL, 25, NULL, NULL),
(66831, 'Dayana Osario Cuervos', '', 'mailmail@gmail.com', '3127951766', NULL, '1222-02-12 00:00:00', 'CC', NULL, 2, 66, '', NULL, 25, NULL, NULL),
(66832, 'Dayana Salcedo', '', 'mailmail@gmail.com', '3148602714', NULL, '1222-02-12 00:00:00', 'CC', NULL, 2, 66, '', NULL, 25, NULL, NULL),
(66833, 'Deiner Calderón', '', 'mailmail@gmail.com', '3157249233', NULL, '1222-02-12 00:00:00', 'CC', NULL, 2, 66, '', NULL, 25, NULL, NULL),
(66834, 'Deisy Vanesa Jaramillo', '', 'mailmail@gmail.com', '3115221059', NULL, '1222-02-12 00:00:00', 'CC', NULL, 2, 66, '', NULL, 25, NULL, NULL),
(66835, 'Delia', '', 'mailmail@gmail.com', '3127370581', NULL, '1222-02-12 00:00:00', 'CC', NULL, 2, 66, '', NULL, 25, NULL, NULL),
(66836, 'Delida Lloreda', '', 'mailmail@gmail.com', '3116338045', NULL, '1222-02-12 00:00:00', 'CC', NULL, 2, 66, '', NULL, 25, NULL, NULL),
(66837, 'Denis Hincapié', '', 'mailmail@gmail.com', '3135782019', NULL, '1222-02-12 00:00:00', 'CC', NULL, 2, 66, '', NULL, 25, NULL, NULL),
(66838, 'Dennis Uribe Uribe', '', 'mailmail@gmail.com', '3204469434', NULL, '1222-02-12 00:00:00', 'CC', NULL, 2, 66, '', NULL, 25, NULL, NULL),
(66839, 'Derly Bocanegra', '', 'mailmail@gmail.com', '3152120814', NULL, '1222-02-12 00:00:00', 'CC', NULL, 2, 66, '', NULL, 25, NULL, NULL),
(66840, 'Diana Aguinaga', '', 'mailmail@gmail.com', '3206598434', NULL, '1222-02-12 00:00:00', 'CC', NULL, 2, 66, '', NULL, 25, NULL, NULL),
(66841, 'Diana Bohorquez', '', 'mailmail@gmail.com', '3108910715', NULL, '1222-02-12 00:00:00', 'CC', NULL, 2, 66, '', NULL, 25, NULL, NULL),
(66842, 'Diana Cordoba', '', 'mailmail@gmail.com', '3216074762', NULL, '1222-02-12 00:00:00', 'CC', NULL, 2, 66, '', NULL, 25, NULL, NULL),
(66843, 'Diana Duran', '', 'mailmail@gmail.com', '3122192440', NULL, '1222-02-12 00:00:00', 'CC', NULL, 2, 66, '', NULL, 25, NULL, NULL),
(66844, 'Diana Gañan', '', 'mailmail@gmail.com', '3133446769', NULL, '1222-02-12 00:00:00', 'CC', NULL, 2, 66, '', NULL, 25, NULL, NULL),
(66845, 'Diana Hernández', '', 'mailmail@gmail.com', '3206066122', NULL, '1222-02-12 00:00:00', 'CC', NULL, 2, 66, '', NULL, 25, NULL, NULL),
(66846, 'Diana Los Almendros', '', 'mailmail@gmail.com', '3192202396', NULL, '1222-02-12 00:00:00', 'CC', NULL, 2, 66, '', NULL, 25, NULL, NULL),
(66847, 'Diana Marcela', '', 'mailmail@gmail.com', '3183059244', NULL, '1222-02-12 00:00:00', 'CC', NULL, 2, 66, '', NULL, 25, NULL, NULL),
(66848, 'Diana Mendoza', '', 'mailmail@gmail.com', '3128487726', NULL, '1222-02-12 00:00:00', 'CC', NULL, 2, 66, '', NULL, 25, NULL, NULL),
(66849, 'Diana Morales 17/abril', '', 'mailmail@gmail.com', '3207177665', NULL, '1222-02-12 00:00:00', 'CC', NULL, 2, 66, '', NULL, 25, NULL, NULL),
(66850, 'Diana Ortega PL', '', 'mailmail@gmail.com', '3153106214', NULL, '1222-02-12 00:00:00', 'CC', NULL, 2, 66, '', NULL, 25, NULL, NULL),
(66851, 'Diana Osorno', '', 'mailmail@gmail.com', '3233419483', NULL, '1222-02-12 00:00:00', 'CC', NULL, 2, 66, '', NULL, 25, NULL, NULL),
(66852, 'Diana Paola Agudelo', '', 'mailmail@gmail.com', '3217293266', NULL, '1222-02-12 00:00:00', 'CC', NULL, 2, 66, '', NULL, 25, NULL, NULL),
(66853, 'Diana Patricia', '', 'mailmail@gmail.com', '3118616815', NULL, '1222-02-12 00:00:00', 'CC', NULL, 2, 66, '', NULL, 25, NULL, NULL),
(66854, 'Diana Perez', '', 'mailmail@gmail.com', '3208327818', NULL, '1222-02-12 00:00:00', 'CC', NULL, 2, 66, '', NULL, 25, NULL, NULL),
(66855, 'Diana Pineda', '', 'mailmail@gmail.com', '3226831560', NULL, '1222-02-12 00:00:00', 'CC', NULL, 2, 66, '', NULL, 25, NULL, NULL),
(66856, 'Diana Rodríguez', '', 'mailmail@gmail.com', '3142247843', NULL, '1222-02-12 00:00:00', 'CC', NULL, 2, 66, '', NULL, 25, NULL, NULL),
(66857, 'Diana Sepulveda', '', 'mailmail@gmail.com', '3117583515', NULL, '1222-02-12 00:00:00', 'CC', NULL, 2, 66, '', NULL, 25, NULL, NULL),
(66858, 'Diana Vera', '', 'mailmail@gmail.com', '3234908428', NULL, '1222-02-12 00:00:00', 'CC', NULL, 2, 66, '', NULL, 25, NULL, NULL),
(66859, 'Diana Zapata', '', 'mailmail@gmail.com', '3217301948', NULL, '1222-02-12 00:00:00', 'CC', NULL, 2, 66, '', NULL, 25, NULL, NULL),
(66860, 'Dians Velasquez', '', 'mailmail@gmail.com', '3217792411', NULL, '1222-02-12 00:00:00', 'CC', NULL, 2, 66, '', NULL, 25, NULL, NULL),
(66861, 'Dilan', '', 'mailmail@gmail.com', '3233260571', NULL, '1222-02-12 00:00:00', 'CC', NULL, 2, 66, '', NULL, 25, NULL, NULL),
(66862, 'Dilia Rosa Rojas', '', 'mailmail@gmail.com', '3128205577', NULL, '1222-02-12 00:00:00', 'CC', NULL, 2, 66, '', NULL, 25, NULL, NULL),
(66863, 'Dioselina Calderón', '', 'mailmail@gmail.com', '3217120179', NULL, '1222-02-12 00:00:00', 'CC', NULL, 2, 66, '', NULL, 25, NULL, NULL),
(66864, 'Diro Delgado', '', 'mailmail@gmail.com', '3148776922', NULL, '1222-02-12 00:00:00', 'CC', NULL, 2, 66, '', NULL, 25, NULL, NULL),
(66865, 'Divi Perdomo', '', 'mailmail@gmail.com', '31278800740', NULL, '1222-02-12 00:00:00', 'CC', NULL, 2, 66, '', NULL, 25, NULL, NULL),
(66866, 'Dolly Arrollave', '', 'mailmail@gmail.com', '31217876417', NULL, '1222-02-12 00:00:00', 'CC', NULL, 2, 66, '', NULL, 25, NULL, NULL),
(66867, 'Dolly Camacho', '', 'mailmail@gmail.com', '3186942714', NULL, '1222-02-12 00:00:00', 'CC', NULL, 2, 66, '', NULL, 25, NULL, NULL),
(66868, 'Dolly Castrillon', '', 'mailmail@gmail.com', '3116626635', NULL, '1222-02-12 00:00:00', 'CC', NULL, 2, 66, '', NULL, 25, NULL, NULL),
(66869, 'Dolly Duque', '', 'mailmail@gmail.com', '3134298986', NULL, '1222-02-12 00:00:00', 'CC', NULL, 2, 66, '', NULL, 25, NULL, NULL),
(66870, 'Dolly Sern', '', 'mailmail@gmail.com', '3113511320', NULL, '1222-02-12 00:00:00', 'CC', NULL, 2, 66, '', NULL, 25, NULL, NULL),
(66871, 'Dolly Yamile Quiroz PL', '', 'mailmail@gmail.com', '3113910562', NULL, '1222-02-12 00:00:00', 'CC', NULL, 2, 66, '', NULL, 25, NULL, NULL),
(66872, 'Dolly Zuleta', '', 'mailmail@gmail.com', '3218970688', NULL, '1222-02-12 00:00:00', 'CC', NULL, 2, 66, '', NULL, 25, NULL, NULL),
(66873, 'Dolores Ossa', '', 'mailmail@gmail.com', '3216390641', NULL, '1222-02-12 00:00:00', 'CC', NULL, 2, 66, '', NULL, 25, NULL, NULL),
(66874, 'Doly Agudelo', '', 'mailmail@gmail.com', '3135339701', NULL, '1222-02-12 00:00:00', 'CC', NULL, 2, 66, '', NULL, 25, NULL, NULL),
(66875, 'David Ciro', '', 'mailmail@gmail.com', '3184666618', NULL, '1222-02-12 00:00:00', 'CC', NULL, 2, 66, '', NULL, 25, NULL, NULL),
(66876, 'Jorge Posada', '', 'mailmail@gmail.com', '3016270254', NULL, '1222-02-12 00:00:00', 'CC', NULL, 2, 66, '', NULL, 25, NULL, NULL),
(66877, 'Don Pedro', '', 'mailmail@gmail.com', '3133953811', NULL, '1222-02-12 00:00:00', 'CC', NULL, 2, 66, '', NULL, 25, NULL, NULL),
(66878, 'Donaldo', '', 'mailmail@gmail.com', '3146382036', NULL, '1222-02-12 00:00:00', 'CC', NULL, 2, 66, '', NULL, 25, NULL, NULL),
(66879, 'Dora Castro Cuervos', '', 'mailmail@gmail.com', '3505058921', NULL, '1222-02-12 00:00:00', 'CC', NULL, 2, 66, '', NULL, 25, NULL, NULL),
(66880, 'Dora Herrera 17/abril', '', 'mailmail@gmail.com', '3122032547', NULL, '1222-02-12 00:00:00', 'CC', NULL, 2, 66, '', NULL, 25, NULL, NULL),
(66881, 'Dora Ines Agudelo', '', 'mailmail@gmail.com', '3184537084', NULL, '1222-02-12 00:00:00', 'CC', NULL, 2, 66, '', NULL, 25, NULL, NULL),
(66882, 'Doralis Chimchilla', '', 'mailmail@gmail.com', '3008263206', NULL, '1222-02-12 00:00:00', 'CC', NULL, 2, 66, '', NULL, 25, NULL, NULL),
(66883, 'Dorfani Acevedo', '', 'mailmail@gmail.com', '3133843068', NULL, '1222-02-12 00:00:00', 'CC', NULL, 2, 66, '', NULL, 25, NULL, NULL),
(66884, 'Dorian', '', 'mailmail@gmail.com', '3155882598', NULL, '1222-02-12 00:00:00', 'CC', NULL, 2, 66, '', NULL, 25, NULL, NULL),
(66885, 'Doriela Medina', '', 'mailmail@gmail.com', '3177144320', NULL, '1222-02-12 00:00:00', 'CC', NULL, 2, 66, '', NULL, 25, NULL, NULL),
(66886, 'Doris Zapata', '', 'mailmail@gmail.com', '3206284953', NULL, '1222-02-12 00:00:00', 'CC', NULL, 2, 66, '', NULL, 25, NULL, NULL),
(66887, 'Dufany Gomez', '', 'mailmail@gmail.com', '3144459815', NULL, '1222-02-12 00:00:00', 'CC', NULL, 2, 66, '', NULL, 25, NULL, NULL),
(66888, 'Dulfai Gaviria Cuervos', '', 'mailmail@gmail.com', '3128618967', NULL, '1222-02-12 00:00:00', 'CC', NULL, 2, 66, '', NULL, 25, NULL, NULL),
(66889, 'Durley Cardenas', '', 'mailmail@gmail.com', '3127575357', NULL, '1222-02-12 00:00:00', 'CC', NULL, 2, 66, '', NULL, 25, NULL, NULL),
(66890, 'Durley García', '', 'mailmail@gmail.com', '3128558707', NULL, '1222-02-12 00:00:00', 'CC', NULL, 2, 66, '', NULL, 25, NULL, NULL),
(66891, 'Duvan Kokonuco', '', 'mailmail@gmail.com', '3192052756', NULL, '1222-02-12 00:00:00', 'CC', NULL, 2, 66, '', NULL, 25, NULL, NULL),
(66892, 'Duvian Villa', '', 'mailmail@gmail.com', '3127389524', NULL, '1222-02-12 00:00:00', 'CC', NULL, 2, 66, '', NULL, 25, NULL, NULL),
(66893, 'Edelmira Carmona', '', 'mailmail@gmail.com', '3232877346', NULL, '1222-02-12 00:00:00', 'CC', NULL, 2, 66, '', NULL, 25, NULL, NULL),
(66894, 'Edelmira Zapata', '', 'mailmail@gmail.com', '3144506190', NULL, '1222-02-12 00:00:00', 'CC', NULL, 2, 66, '', NULL, 25, NULL, NULL),
(66895, 'Edgar', '', 'mailmail@gmail.com', '3135286611', NULL, '1222-02-12 00:00:00', 'CC', NULL, 2, 66, '', NULL, 25, NULL, NULL),
(66896, 'Edgar Vides', '', 'mailmail@gmail.com', '3206694700', NULL, '1222-02-12 00:00:00', 'CC', NULL, 2, 66, '', NULL, 25, NULL, NULL),
(66897, 'Edi nora', '', 'mailmail@gmail.com', '3137705656', NULL, '1222-02-12 00:00:00', 'CC', NULL, 2, 66, '', NULL, 25, NULL, NULL),
(66898, 'Edilia Mesa', '', 'mailmail@gmail.com', '3218516732', NULL, '1222-02-12 00:00:00', 'CC', NULL, 2, 66, '', NULL, 25, NULL, NULL),
(66899, 'Edilia Valderrama', '', 'mailmail@gmail.com', '3128304787', NULL, '1222-02-12 00:00:00', 'CC', NULL, 2, 66, '', NULL, 25, NULL, NULL),
(66900, 'Edilia Valdez', '', 'mailmail@gmail.com', '3128384787', NULL, '1222-02-12 00:00:00', 'CC', NULL, 2, 66, '', NULL, 25, NULL, NULL),
(66901, 'Edilma', '', 'mailmail@gmail.com', '3127785833', NULL, '1222-02-12 00:00:00', 'CC', NULL, 2, 66, '', NULL, 25, NULL, NULL),
(66902, 'Edilma García', '', 'mailmail@gmail.com', '3147149530', NULL, '1222-02-12 00:00:00', 'CC', NULL, 2, 66, '', NULL, 25, NULL, NULL),
(66903, 'Edison Lujan', '', 'mailmail@gmail.com', '3228815375', NULL, '1222-02-12 00:00:00', 'CC', NULL, 2, 66, '', NULL, 25, NULL, NULL),
(66904, 'Edith Mármol', '', 'mailmail@gmail.com', '3164518938', NULL, '1222-02-12 00:00:00', 'CC', NULL, 2, 66, '', NULL, 25, NULL, NULL),
(66905, 'Edith Turbay 1', '', 'mailmail@gmail.com', '3233379609', NULL, '1222-02-12 00:00:00', 'CC', NULL, 2, 66, '', NULL, 25, NULL, NULL),
(66906, 'Eduardo Sánchez', '', 'mailmail@gmail.com', '3128378329', NULL, '1222-02-12 00:00:00', 'CC', NULL, 2, 66, '', NULL, 25, NULL, NULL),
(66907, 'Edwin Andres Vergara', '', 'mailmail@gmail.com', '3206667976', NULL, '1222-02-12 00:00:00', 'CC', NULL, 2, 66, '', NULL, 25, NULL, NULL),
(66908, 'Edwin Duque', '', 'mailmail@gmail.com', '3206954460', NULL, '1222-02-12 00:00:00', 'CC', NULL, 2, 66, '', NULL, 25, NULL, NULL),
(66909, 'Efilma Saavedra', '', 'mailmail@gmail.com', '3136097838', NULL, '1222-02-12 00:00:00', 'CC', NULL, 2, 66, '', NULL, 25, NULL, NULL),
(66910, 'El Al Fa El Rey Del Regueton', '', 'mailmail@gmail.com', '3125253546', NULL, '1222-02-12 00:00:00', 'CC', NULL, 2, 66, '', NULL, 25, NULL, NULL),
(66911, 'El Oasis', '', 'mailmail@gmail.com', '3215811831', NULL, '1222-02-12 00:00:00', 'CC', NULL, 2, 66, '', NULL, 25, NULL, NULL),
(66912, 'El Oasis ', '', 'mailmail@gmail.com', '3215811831', NULL, '1222-02-12 00:00:00', 'CC', NULL, 2, 66, '', NULL, 25, NULL, NULL),
(66913, 'Elcy Vásquez', '', 'mailmail@gmail.com', '3217646283', NULL, '1222-02-12 00:00:00', 'CC', NULL, 2, 66, '', NULL, 25, NULL, NULL),
(66914, 'Elda Henao', '', 'mailmail@gmail.com', '3107874171', NULL, '1222-02-12 00:00:00', 'CC', NULL, 2, 66, '', NULL, 25, NULL, NULL),
(66915, 'Elda Isaza', '', 'mailmail@gmail.com', '3217981925', NULL, '1222-02-12 00:00:00', 'CC', NULL, 2, 66, '', NULL, 25, NULL, NULL),
(66916, 'Elda Londoño', '', 'mailmail@gmail.com', '3123730473', NULL, '1222-02-12 00:00:00', 'CC', NULL, 2, 66, '', NULL, 25, NULL, NULL),
(66917, 'Elda Maria', '', 'mailmail@gmail.com', '3106846487', NULL, '1222-02-12 00:00:00', 'CC', NULL, 2, 66, '', NULL, 25, NULL, NULL),
(66918, 'Elena Cano', '', 'mailmail@gmail.com', '3205599741', NULL, '1222-02-12 00:00:00', 'CC', NULL, 2, 66, '', NULL, 25, NULL, NULL),
(66919, 'Elena García', '', 'mailmail@gmail.com', '3148581755', NULL, '1222-02-12 00:00:00', 'CC', NULL, 2, 66, '', NULL, 25, NULL, NULL),
(66920, 'Elena Hidalgo', '', 'mailmail@gmail.com', '3217112225', NULL, '1222-02-12 00:00:00', 'CC', NULL, 2, 66, '', NULL, 25, NULL, NULL),
(66921, 'Elena López', '', 'mailmail@gmail.com', '3128112697', NULL, '1222-02-12 00:00:00', 'CC', NULL, 2, 66, '', NULL, 25, NULL, NULL),
(66922, 'Elena Marin', '', 'mailmail@gmail.com', '3108226136', NULL, '1222-02-12 00:00:00', 'CC', NULL, 2, 66, '', NULL, 25, NULL, NULL),
(66923, 'Elena Murillo', '', 'mailmail@gmail.com', '3243899430', NULL, '1222-02-12 00:00:00', 'CC', NULL, 2, 66, '', NULL, 25, NULL, NULL),
(66924, 'Elena Ortega', '', 'mailmail@gmail.com', '3206894763', NULL, '1222-02-12 00:00:00', 'CC', NULL, 2, 66, '', NULL, 25, NULL, NULL),
(66925, 'Elena Palacio', '', 'mailmail@gmail.com', '3137633012', NULL, '1222-02-12 00:00:00', 'CC', NULL, 2, 66, '', NULL, 25, NULL, NULL),
(66926, 'Elena Restrepo', '', 'mailmail@gmail.com', '3135488236', NULL, '1222-02-12 00:00:00', 'CC', NULL, 2, 66, '', NULL, 25, NULL, NULL),
(66927, 'Elena Rodriguez', '', 'mailmail@gmail.com', '3127997538', NULL, '1222-02-12 00:00:00', 'CC', NULL, 2, 66, '', NULL, 25, NULL, NULL),
(66928, 'Elena Serna', '', 'mailmail@gmail.com', '3148039970', NULL, '1222-02-12 00:00:00', 'CC', NULL, 2, 66, '', NULL, 25, NULL, NULL),
(66929, 'Eliana Cano B/ LOS INDIOS', '', 'mailmail@gmail.com', '3104168872', NULL, '1222-02-12 00:00:00', 'CC', NULL, 2, 66, '', NULL, 25, NULL, NULL),
(66930, 'Eliana Gómez', '', 'mailmail@gmail.com', '3106274395', NULL, '1222-02-12 00:00:00', 'CC', NULL, 2, 66, '', NULL, 25, NULL, NULL),
(66931, 'Eliana Margarita PyP', '', 'mailmail@gmail.com', '3042027763', NULL, '1222-02-12 00:00:00', 'CC', NULL, 2, 66, '', NULL, 25, NULL, NULL),
(66932, 'Eliana Orozco', '', 'mailmail@gmail.com', '3226844781', NULL, '1222-02-12 00:00:00', 'CC', NULL, 2, 66, '', NULL, 25, NULL, NULL),
(66933, 'Eliana Zuluaga', '', 'mailmail@gmail.com', '3122778985', NULL, '1222-02-12 00:00:00', 'CC', NULL, 2, 66, '', NULL, 25, NULL, NULL),
(66934, 'Eliceo Laguna', '', 'mailmail@gmail.com', '3106462192', NULL, '1222-02-12 00:00:00', 'CC', NULL, 2, 66, '', NULL, 25, NULL, NULL),
(66935, 'Elizabet Agudelo PL', '', 'mailmail@gmail.com', '3145384303', NULL, '1222-02-12 00:00:00', 'CC', NULL, 2, 66, '', NULL, 25, NULL, NULL),
(66936, 'Elizabet Martinez', '', 'mailmail@gmail.com', '305 4026054', NULL, '1222-02-12 00:00:00', 'CC', NULL, 2, 66, '', NULL, 25, NULL, NULL),
(66937, 'Elizabet Molina', '', 'mailmail@gmail.com', '3126598823', NULL, '1222-02-12 00:00:00', 'CC', NULL, 2, 66, '', NULL, 25, NULL, NULL),
(66938, 'Elizabet Portuguez', '', 'mailmail@gmail.com', '3235960186', NULL, '1222-02-12 00:00:00', 'CC', NULL, 2, 66, '', NULL, 25, NULL, NULL),
(66939, 'Elsa', '', 'mailmail@gmail.com', '3137515117', NULL, '1222-02-12 00:00:00', 'CC', NULL, 2, 66, '', NULL, 25, NULL, NULL),
(66940, 'Elsa Gambindo', '', 'mailmail@gmail.com', '3145498330', NULL, '1222-02-12 00:00:00', 'CC', NULL, 2, 66, '', NULL, 25, NULL, NULL),
(66941, 'Elsy Romero', '', 'mailmail@gmail.com', '3127422906', NULL, '1222-02-12 00:00:00', 'CC', NULL, 2, 66, '', NULL, 25, NULL, NULL),
(66942, 'Elvia Madrigal', '', 'mailmail@gmail.com', '3115070123', NULL, '1222-02-12 00:00:00', 'CC', NULL, 2, 66, '', NULL, 25, NULL, NULL),
(66943, 'Elvira Nuñez', '', 'mailmail@gmail.com', '3147569548', NULL, '1222-02-12 00:00:00', 'CC', NULL, 2, 66, '', NULL, 25, NULL, NULL);
INSERT INTO "ShipmentOrders" ("Id", "FirstName", "LastName", "Email", "Phone", "HouseId", "BirthDate", "DocumentType", "DocumentId", "SexId", "ServicesId", "Sidewalk", "Need", "ModifyUserId", "EconomicActivity", "ServiceActivityId") VALUES
(66944, 'Emelia', '', 'mailmail@gmail.com', '3187721254', NULL, '1222-02-12 00:00:00', 'CC', NULL, 2, 66, '', NULL, 25, NULL, NULL),
(66945, 'Emilia Echaría', '', 'mailmail@gmail.com', '3113585421', NULL, '1222-02-12 00:00:00', 'CC', NULL, 2, 66, '', NULL, 25, NULL, NULL),
(66946, 'Emilia Rojas B/los Indios', '', 'mailmail@gmail.com', '3126927577', NULL, '1222-02-12 00:00:00', 'CC', NULL, 2, 66, '', NULL, 25, NULL, NULL),
(66947, 'Emiliana Herrera', '', 'mailmail@gmail.com', '3164398688', NULL, '1222-02-12 00:00:00', 'CC', NULL, 2, 66, '', NULL, 25, NULL, NULL),
(66948, 'Emma Foronda', '', 'mailmail@gmail.com', '3157827412', NULL, '1222-02-12 00:00:00', 'CC', NULL, 2, 66, '', NULL, 25, NULL, NULL),
(66949, 'Erica Perez', '', 'mailmail@gmail.com', '3162565133', NULL, '1222-02-12 00:00:00', 'CC', NULL, 2, 66, '', NULL, 25, NULL, NULL),
(66950, 'Erika Bastidaa', '', 'mailmail@gmail.com', '3208106164', NULL, '1222-02-12 00:00:00', 'CC', NULL, 2, 66, '', NULL, 25, NULL, NULL),
(66951, 'Erika Lozano', '', 'mailmail@gmail.com', '3218172401', NULL, '1222-02-12 00:00:00', 'CC', NULL, 2, 66, '', NULL, 25, NULL, NULL),
(66952, 'Erika Maria', '', 'mailmail@gmail.com', '3207259365', NULL, '1222-02-12 00:00:00', 'CC', NULL, 2, 66, '', NULL, 25, NULL, NULL),
(66953, 'Erika Mejía Kennedy', '', 'mailmail@gmail.com', '3209435904', NULL, '1222-02-12 00:00:00', 'CC', NULL, 2, 66, '', NULL, 25, NULL, NULL),
(66954, 'Erika Osorio', '', 'mailmail@gmail.com', '3104936705', NULL, '1222-02-12 00:00:00', 'CC', NULL, 2, 66, '', NULL, 25, NULL, NULL),
(66955, 'Erika Patiño', '', 'mailmail@gmail.com', '3225255135', NULL, '1222-02-12 00:00:00', 'CC', NULL, 2, 66, '', NULL, 25, NULL, NULL),
(66956, 'Erika Usuga', '', 'mailmail@gmail.com', '3144827923', NULL, '1222-02-12 00:00:00', 'CC', NULL, 2, 66, '', NULL, 25, NULL, NULL),
(66957, 'Erika Valencia', '', 'mailmail@gmail.com', '3145545477', NULL, '1222-02-12 00:00:00', 'CC', NULL, 2, 66, '', NULL, 25, NULL, NULL),
(66958, 'Erika Valle', '', 'mailmail@gmail.com', '3105157505', NULL, '1222-02-12 00:00:00', 'CC', NULL, 2, 66, '', NULL, 25, NULL, NULL),
(66959, 'Esmeralda', '', 'mailmail@gmail.com', '3147230235', NULL, '1222-02-12 00:00:00', 'CC', NULL, 2, 66, '', NULL, 25, NULL, NULL),
(66960, 'Esperanza Saldarriaga', '', 'mailmail@gmail.com', '3158372297', NULL, '1222-02-12 00:00:00', 'CC', NULL, 2, 66, '', NULL, 25, NULL, NULL),
(66961, 'Estefania Cano', '', 'mailmail@gmail.com', '3148296806', NULL, '1222-02-12 00:00:00', 'CC', NULL, 2, 66, '', NULL, 25, NULL, NULL),
(66962, 'Estefania González', '', 'mailmail@gmail.com', '3128751998', NULL, '1222-02-12 00:00:00', 'CC', NULL, 2, 66, '', NULL, 25, NULL, NULL),
(66963, 'Estefany Mosquera Vanegas', '', 'mailmail@gmail.com', '3137651790', NULL, '1222-02-12 00:00:00', 'CC', NULL, 2, 66, '', NULL, 25, NULL, NULL),
(66964, 'Estefanya Tapias', '', 'mailmail@gmail.com', '3235960970', NULL, '1222-02-12 00:00:00', 'CC', NULL, 2, 66, '', NULL, 25, NULL, NULL),
(66965, 'Estela Munera', '', 'mailmail@gmail.com', '3206206684', NULL, '1222-02-12 00:00:00', 'CC', NULL, 2, 66, '', NULL, 25, NULL, NULL),
(66966, 'Ester Orozco', '', 'mailmail@gmail.com', '3182433435', NULL, '1222-02-12 00:00:00', 'CC', NULL, 2, 66, '', NULL, 25, NULL, NULL),
(66967, 'Estiven Valerio', '', 'mailmail@gmail.com', '3104117786', NULL, '1222-02-12 00:00:00', 'CC', NULL, 2, 66, '', NULL, 25, NULL, NULL),
(66968, 'Eufrosina Ochoa', '', 'mailmail@gmail.com', '3014777926', NULL, '1222-02-12 00:00:00', 'CC', NULL, 2, 66, '', NULL, 25, NULL, NULL),
(66969, 'Eugenia Llano', '', 'mailmail@gmail.com', '3207992544', NULL, '1222-02-12 00:00:00', 'CC', NULL, 2, 66, '', NULL, 25, NULL, NULL),
(66970, 'Eugenia Lopez', '', 'mailmail@gmail.com', '3218807221', NULL, '1222-02-12 00:00:00', 'CC', NULL, 2, 66, '', NULL, 25, NULL, NULL),
(66971, 'Eugenia Martínez', '', 'mailmail@gmail.com', '3227045888', NULL, '1222-02-12 00:00:00', 'CC', NULL, 2, 66, '', NULL, 25, NULL, NULL),
(66972, 'Eva Vasquez', '', 'mailmail@gmail.com', '3137641087', NULL, '1222-02-12 00:00:00', 'CC', NULL, 2, 66, '', NULL, 25, NULL, NULL),
(66973, 'Fabio Tabares Mototaxi', '', 'mailmail@gmail.com', '3206139318', NULL, '1222-02-12 00:00:00', 'CC', NULL, 2, 66, '', NULL, 25, NULL, NULL),
(66974, 'Fabiola Franco', '', 'mailmail@gmail.com', '31338145857', NULL, '1222-02-12 00:00:00', 'CC', NULL, 2, 66, '', NULL, 25, NULL, NULL),
(66975, 'Fabiola Marin', '', 'mailmail@gmail.com', '3135811621', NULL, '1222-02-12 00:00:00', 'CC', NULL, 2, 66, '', NULL, 25, NULL, NULL),
(66976, 'Fabiola Molina', '', 'mailmail@gmail.com', '3215100957', NULL, '1222-02-12 00:00:00', 'CC', NULL, 2, 66, '', NULL, 25, NULL, NULL),
(66977, 'Fabiola Zapata', '', 'mailmail@gmail.com', '3148419895', NULL, '1222-02-12 00:00:00', 'CC', NULL, 2, 66, '', NULL, 25, NULL, NULL),
(66978, 'Fabricio Correa', '', 'mailmail@gmail.com', '3147536078', NULL, '1222-02-12 00:00:00', 'CC', NULL, 2, 66, '', NULL, 25, NULL, NULL),
(66979, 'Fair Castrillon', '', 'mailmail@gmail.com', '3147964208', NULL, '1222-02-12 00:00:00', 'CC', NULL, 2, 66, '', NULL, 25, NULL, NULL),
(66980, 'Fanny Vanegas', '', 'mailmail@gmail.com', '3107175135', NULL, '1222-02-12 00:00:00', 'CC', NULL, 2, 66, '', NULL, 25, NULL, NULL),
(66981, 'Fbiola Suárez', '', 'mailmail@gmail.com', '3217089246', NULL, '1222-02-12 00:00:00', 'CC', NULL, 2, 66, '', NULL, 25, NULL, NULL),
(66982, 'Fernanda Castillo Arias', '', 'mailmail@gmail.com', '3223953537', NULL, '1222-02-12 00:00:00', 'CC', NULL, 2, 66, '', NULL, 25, NULL, NULL),
(66983, 'Fernanda González', '', 'mailmail@gmail.com', '305 3761212', NULL, '1222-02-12 00:00:00', 'CC', NULL, 2, 66, '', NULL, 25, NULL, NULL),
(66984, 'Fernanda Perez', '', 'mailmail@gmail.com', '3122962790', NULL, '1222-02-12 00:00:00', 'CC', NULL, 2, 66, '', NULL, 25, NULL, NULL),
(66985, 'Fernando El Eléctrico', '', 'mailmail@gmail.com', '3117222923', NULL, '1222-02-12 00:00:00', 'CC', NULL, 2, 66, '', NULL, 25, NULL, NULL),
(66986, 'Fernando Velez', '', 'mailmail@gmail.com', '3205307926', NULL, '1222-02-12 00:00:00', 'CC', NULL, 2, 66, '', NULL, 25, NULL, NULL),
(66987, 'Ferney Peña PL', '', 'mailmail@gmail.com', '3233007682', NULL, '1222-02-12 00:00:00', 'CC', NULL, 2, 66, '', NULL, 25, NULL, NULL),
(66988, 'Ferro 2021', '', 'mailmail@gmail.com', '3136645780', NULL, '1222-02-12 00:00:00', 'CC', NULL, 2, 66, '', NULL, 25, NULL, NULL),
(66989, 'Fidel Zapata Uribe Uribe', '', 'mailmail@gmail.com', '3137922555', NULL, '1222-02-12 00:00:00', 'CC', NULL, 2, 66, '', NULL, 25, NULL, NULL),
(66990, 'Flor Alba Torres', '', 'mailmail@gmail.com', '3137569792', NULL, '1222-02-12 00:00:00', 'CC', NULL, 2, 66, '', NULL, 25, NULL, NULL),
(66991, 'Flor Gutiérrez', '', 'mailmail@gmail.com', '3146491302', NULL, '1222-02-12 00:00:00', 'CC', NULL, 2, 66, '', NULL, 25, NULL, NULL),
(66992, 'Flor Lopez', '', 'mailmail@gmail.com', '3193490939', NULL, '1222-02-12 00:00:00', 'CC', NULL, 2, 66, '', NULL, 25, NULL, NULL),
(66993, 'Flor Maria Ruiz', '', 'mailmail@gmail.com', '3128885686', NULL, '1222-02-12 00:00:00', 'CC', NULL, 2, 66, '', NULL, 25, NULL, NULL),
(66994, 'Flor Morales', '', 'mailmail@gmail.com', '3106658348', NULL, '1222-02-12 00:00:00', 'CC', NULL, 2, 66, '', NULL, 25, NULL, NULL),
(66995, 'Flor Pulgarin', '', 'mailmail@gmail.com', '3155460425', NULL, '1222-02-12 00:00:00', 'CC', NULL, 2, 66, '', NULL, 25, NULL, NULL),
(66996, 'Francisco Giraldo', '', 'mailmail@gmail.com', '3205699771', NULL, '1222-02-12 00:00:00', 'CC', NULL, 2, 66, '', NULL, 25, NULL, NULL),
(66997, 'David', 'Ciro', 'mail@mail.com', '3184666618', NULL, '2222-02-12 00:00:00', 'CC', NULL, 2, 66, '', NULL, 25, NULL, NULL),
(66998, 'Jorge', 'Posada', 'mail@mail.com', '3016270254', NULL, '5544-05-04 00:00:00', 'CC', NULL, 2, 66, '', NULL, 25, NULL, NULL),
(66999, 'Ivan', 'Laguna', 'mail@mail.com', '3122239164', NULL, '2212-05-21 00:00:00', 'CC', NULL, 2, 66, '', NULL, 25, NULL, NULL),
(67000, 'Martin', 'Laguna', 'mail@mail.com', '3116434585', NULL, '2015-04-05 00:00:00', 'CC', NULL, 2, 66, '', NULL, 25, NULL, NULL),
(67001, 'Edier', 'Hernandez', 'aaa@mail.com', '3206371091', NULL, '3222-02-13 00:00:00', 'CC', NULL, 2, 66, '', NULL, 25, NULL, NULL),
(67002, 'Adriana Del Pilr', '', 'mailmail@gmail.com', '32061387342', NULL, '1222-02-12 00:00:00', 'CC', NULL, 2, 71, '', NULL, 28, NULL, NULL),
(67003, 'Adriana JM', '', 'mailmail@gmail.com', '31136465715', NULL, '1222-02-12 00:00:00', 'CC', NULL, 2, 71, '', NULL, 28, NULL, NULL),
(67004, 'Adriana Montoy', '', 'mailmail@gmail.com', '31161965888', NULL, '1222-02-12 00:00:00', 'CC', NULL, 2, 71, '', NULL, 28, NULL, NULL),
(67005, 'Adriana Osorio', '', 'mailmail@gmail.com', '32077014631', NULL, '1222-02-12 00:00:00', 'CC', NULL, 2, 71, '', NULL, 28, NULL, NULL),
(67006, 'Adriana Osorio', '', 'mailmail@gmail.com', '32061383434', NULL, '1222-02-12 00:00:00', 'CC', NULL, 2, 71, '', NULL, 28, NULL, NULL),
(67007, 'Adriana Osorio Pto Berrio', '', 'mailmail@gmail.com', ' 32156332264', NULL, '1222-02-12 00:00:00', 'CC', NULL, 2, 71, '', NULL, 28, NULL, NULL),
(67008, 'Adriana Osorno', '', 'mailmail@gmail.com', '32359293452', NULL, '1222-02-12 00:00:00', 'CC', NULL, 2, 71, '', NULL, 28, NULL, NULL),
(67009, 'Agripina Patiño', '', 'mailmail@gmail.com', '32127883534', NULL, '1222-02-12 00:00:00', 'CC', NULL, 2, 71, '', NULL, 28, NULL, NULL),
(67010, 'Alba Aguilar', '', 'mailmail@gmail.com', '32347932331', NULL, '1222-02-12 00:00:00', 'CC', NULL, 2, 71, '', NULL, 28, NULL, NULL),
(67011, 'Alba Lucia Tilano Acebedo', '', 'mailmail@gmail.com', '31656280546', NULL, '1222-02-12 00:00:00', 'CC', NULL, 2, 71, '', NULL, 28, NULL, NULL),
(67012, 'Alba Meza', '', 'mailmail@gmail.com', '31820227963', NULL, '1222-02-12 00:00:00', 'CC', NULL, 2, 71, '', NULL, 28, NULL, NULL),
(67013, 'Alba Sanchez', '', 'mailmail@gmail.com', '32236056181', NULL, '1222-02-12 00:00:00', 'CC', NULL, 2, 71, '', NULL, 28, NULL, NULL),
(67014, 'Alberto Rojas', '', 'mailmail@gmail.com', '30155046315', NULL, '1222-02-12 00:00:00', 'CC', NULL, 2, 71, '', NULL, 28, NULL, NULL),
(67015, 'Alcira', '', 'mailmail@gmail.com', '31323820973', NULL, '1222-02-12 00:00:00', 'CC', NULL, 2, 71, '', NULL, 28, NULL, NULL),
(67016, 'Aleida Gutiérrez', '', 'mailmail@gmail.com', '31165928802', NULL, '1222-02-12 00:00:00', 'CC', NULL, 2, 71, '', NULL, 28, NULL, NULL),
(67017, 'Aleida Vargas', '', 'mailmail@gmail.com', '31689542640', NULL, '1222-02-12 00:00:00', 'CC', NULL, 2, 71, '', NULL, 28, NULL, NULL),
(67018, 'Alejandra', '', 'mailmail@gmail.com', '31066218772', NULL, '1222-02-12 00:00:00', 'CC', NULL, 2, 71, '', NULL, 28, NULL, NULL),
(67019, 'Alejandra Castillon', '', 'mailmail@gmail.com', '31289855875', NULL, '1222-02-12 00:00:00', 'CC', NULL, 2, 71, '', NULL, 28, NULL, NULL),
(67020, 'Alejandra Duque', '', 'mailmail@gmail.com', '32121718367', NULL, '1222-02-12 00:00:00', 'CC', NULL, 2, 71, '', NULL, 28, NULL, NULL),
(67021, 'Alejandra Gonsalez', '', 'mailmail@gmail.com', '31587057379', NULL, '1222-02-12 00:00:00', 'CC', NULL, 2, 71, '', NULL, 28, NULL, NULL),
(67022, 'Alejandra Morales 17/abril', '', 'mailmail@gmail.com', '31465191725', NULL, '1222-02-12 00:00:00', 'CC', NULL, 2, 71, '', NULL, 28, NULL, NULL),
(67023, 'Alejandra Toro', '', 'mailmail@gmail.com', '32173052742', NULL, '1222-02-12 00:00:00', 'CC', NULL, 2, 71, '', NULL, 28, NULL, NULL),
(67024, 'Alejandra Velasquez', '', 'mailmail@gmail.com', '31263590034', NULL, '1222-02-12 00:00:00', 'CC', NULL, 2, 71, '', NULL, 28, NULL, NULL),
(67025, 'Alejandra Zapata Centro', '', 'mailmail@gmail.com', '31145372218', NULL, '1222-02-12 00:00:00', 'CC', NULL, 2, 71, '', NULL, 28, NULL, NULL),
(67026, 'Alejandro Gallego Mejia', '', 'mailmail@gmail.com', '31440619286', NULL, '1222-02-12 00:00:00', 'CC', NULL, 2, 71, '', NULL, 28, NULL, NULL),
(67027, 'Alejandro Gutiérrez PL', '', 'mailmail@gmail.com', '32075197461', NULL, '1222-02-12 00:00:00', 'CC', NULL, 2, 71, '', NULL, 28, NULL, NULL),
(67028, 'Alejnadra Castrillon', '', 'mailmail@gmail.com', '31284858755', NULL, '1222-02-12 00:00:00', 'CC', NULL, 2, 71, '', NULL, 28, NULL, NULL),
(67029, 'Alejo', '', 'mailmail@gmail.com', '32264074859', NULL, '1222-02-12 00:00:00', 'CC', NULL, 2, 71, '', NULL, 28, NULL, NULL),
(67030, 'Alexander Arboleda', '', 'mailmail@gmail.com', '32033262188', NULL, '1222-02-12 00:00:00', 'CC', NULL, 2, 71, '', NULL, 28, NULL, NULL),
(67031, 'Alexander Echeverri Grisales', '', 'mailmail@gmail.com', '31228388048', NULL, '1222-02-12 00:00:00', 'CC', NULL, 2, 71, '', NULL, 28, NULL, NULL),
(67032, 'Alexandra Sucerquia PL', '', 'mailmail@gmail.com', '32125358211', NULL, '1222-02-12 00:00:00', 'CC', NULL, 2, 71, '', NULL, 28, NULL, NULL),
(67033, 'Alexandra Vega Ochoa', '', 'mailmail@gmail.com', '31289892419', NULL, '1222-02-12 00:00:00', 'CC', NULL, 2, 71, '', NULL, 28, NULL, NULL),
(67034, 'Alexandra Vietnam', '', 'mailmail@gmail.com', '32183313616', NULL, '1222-02-12 00:00:00', 'CC', NULL, 2, 71, '', NULL, 28, NULL, NULL),
(67035, 'Alicia Jaramillo', '', 'mailmail@gmail.com', '31363074186', NULL, '1222-02-12 00:00:00', 'CC', NULL, 2, 71, '', NULL, 28, NULL, NULL),
(67036, 'Alvani Velasco', '', 'mailmail@gmail.com', '312379315322', NULL, '1222-02-12 00:00:00', 'CC', NULL, 2, 71, '', NULL, 28, NULL, NULL),
(67037, 'Álvaro Gutiérrez', '', 'mailmail@gmail.com', '31169235960', NULL, '1222-02-12 00:00:00', 'CC', NULL, 2, 71, '', NULL, 28, NULL, NULL),
(67038, 'Amalia Gaviria', '', 'mailmail@gmail.com', '31450457387', NULL, '1222-02-12 00:00:00', 'CC', NULL, 2, 71, '', NULL, 28, NULL, NULL),
(67039, 'Amparo', '', 'mailmail@gmail.com', '31884055302', NULL, '1222-02-12 00:00:00', 'CC', NULL, 2, 71, '', NULL, 28, NULL, NULL),
(67040, 'Amparo Agudelo', '', 'mailmail@gmail.com', '31249869698', NULL, '1222-02-12 00:00:00', 'CC', NULL, 2, 71, '', NULL, 28, NULL, NULL),
(67041, 'Amparo Atilano', '', 'mailmail@gmail.com', '32121386286', NULL, '1222-02-12 00:00:00', 'CC', NULL, 2, 71, '', NULL, 28, NULL, NULL),
(67042, 'Amparo Buitrago', '', 'mailmail@gmail.com', '31886279166', NULL, '1222-02-12 00:00:00', 'CC', NULL, 2, 71, '', NULL, 28, NULL, NULL),
(67043, 'Amparo Cuervo', '', 'mailmail@gmail.com', '32351271715', NULL, '1222-02-12 00:00:00', 'CC', NULL, 2, 71, '', NULL, 28, NULL, NULL),
(67044, 'Amparo Duque', '', 'mailmail@gmail.com', '31281628271', NULL, '1222-02-12 00:00:00', 'CC', NULL, 2, 71, '', NULL, 28, NULL, NULL),
(67045, 'Amparo Duque', '', 'mailmail@gmail.com', '31055246273', NULL, '1222-02-12 00:00:00', 'CC', NULL, 2, 71, '', NULL, 28, NULL, NULL),
(67046, 'Amparo Jiménez', '', 'mailmail@gmail.com', '32176267127', NULL, '1222-02-12 00:00:00', 'CC', NULL, 2, 71, '', NULL, 28, NULL, NULL),
(67047, 'Amparo Jiménez', '', 'mailmail@gmail.com', '32276266127', NULL, '1222-02-12 00:00:00', 'CC', NULL, 2, 71, '', NULL, 28, NULL, NULL),
(67048, 'Amparo Martinez', '', 'mailmail@gmail.com', '326 32685283', NULL, '1222-02-12 00:00:00', 'CC', NULL, 2, 71, '', NULL, 28, NULL, NULL),
(67049, 'Amparo Morales', '', 'mailmail@gmail.com', '31379166866', NULL, '1222-02-12 00:00:00', 'CC', NULL, 2, 71, '', NULL, 28, NULL, NULL),
(67050, 'Adriana Del Pilr', '', 'mailmail@gmail.com', '32061387342', NULL, '1222-02-12 00:00:00', 'CC', NULL, 2, 71, '', NULL, 28, NULL, NULL),
(67051, 'Adriana JM', '', 'mailmail@gmail.com', '31136465715', NULL, '1222-02-12 00:00:00', 'CC', NULL, 2, 71, '', NULL, 28, NULL, NULL),
(67052, 'Adriana Montoy', '', 'mailmail@gmail.com', '31161965888', NULL, '1222-02-12 00:00:00', 'CC', NULL, 2, 71, '', NULL, 28, NULL, NULL),
(67053, 'Adriana Osorio', '', 'mailmail@gmail.com', '32077014631', NULL, '1222-02-12 00:00:00', 'CC', NULL, 2, 71, '', NULL, 28, NULL, NULL),
(67054, 'Adriana Osorio', '', 'mailmail@gmail.com', '32061383434', NULL, '1222-02-12 00:00:00', 'CC', NULL, 2, 71, '', NULL, 28, NULL, NULL),
(67055, 'Adriana Osorio Pto Berrio', '', 'mailmail@gmail.com', ' 32156332264', NULL, '1222-02-12 00:00:00', 'CC', NULL, 2, 71, '', NULL, 28, NULL, NULL),
(67056, 'Adriana Osorno', '', 'mailmail@gmail.com', '32359293452', NULL, '1222-02-12 00:00:00', 'CC', NULL, 2, 71, '', NULL, 28, NULL, NULL),
(67057, 'Agripina Patiño', '', 'mailmail@gmail.com', '32127883534', NULL, '1222-02-12 00:00:00', 'CC', NULL, 2, 71, '', NULL, 28, NULL, NULL),
(67058, 'Alba Aguilar', '', 'mailmail@gmail.com', '32347932331', NULL, '1222-02-12 00:00:00', 'CC', NULL, 2, 71, '', NULL, 28, NULL, NULL),
(67059, 'Alba Lucia Tilano Acebedo', '', 'mailmail@gmail.com', '31656280546', NULL, '1222-02-12 00:00:00', 'CC', NULL, 2, 71, '', NULL, 28, NULL, NULL),
(67060, 'Alba Meza', '', 'mailmail@gmail.com', '31820227963', NULL, '1222-02-12 00:00:00', 'CC', NULL, 2, 71, '', NULL, 28, NULL, NULL),
(67061, 'Alba Sanchez', '', 'mailmail@gmail.com', '32236056181', NULL, '1222-02-12 00:00:00', 'CC', NULL, 2, 71, '', NULL, 28, NULL, NULL),
(67062, 'Alberto Rojas', '', 'mailmail@gmail.com', '30155046315', NULL, '1222-02-12 00:00:00', 'CC', NULL, 2, 71, '', NULL, 28, NULL, NULL),
(67063, 'Alcira', '', 'mailmail@gmail.com', '31323820973', NULL, '1222-02-12 00:00:00', 'CC', NULL, 2, 71, '', NULL, 28, NULL, NULL),
(67064, 'Aleida Gutiérrez', '', 'mailmail@gmail.com', '31165928802', NULL, '1222-02-12 00:00:00', 'CC', NULL, 2, 71, '', NULL, 28, NULL, NULL),
(67065, 'Aleida Vargas', '', 'mailmail@gmail.com', '31689542640', NULL, '1222-02-12 00:00:00', 'CC', NULL, 2, 71, '', NULL, 28, NULL, NULL),
(67066, 'Alejandra', '', 'mailmail@gmail.com', '31066218772', NULL, '1222-02-12 00:00:00', 'CC', NULL, 2, 71, '', NULL, 28, NULL, NULL),
(67067, 'Alejandra Castillon', '', 'mailmail@gmail.com', '31289855875', NULL, '1222-02-12 00:00:00', 'CC', NULL, 2, 71, '', NULL, 28, NULL, NULL),
(67068, 'Alejandra Duque', '', 'mailmail@gmail.com', '32121718367', NULL, '1222-02-12 00:00:00', 'CC', NULL, 2, 71, '', NULL, 28, NULL, NULL),
(67069, 'Alejandra Gonsalez', '', 'mailmail@gmail.com', '31587057379', NULL, '1222-02-12 00:00:00', 'CC', NULL, 2, 71, '', NULL, 28, NULL, NULL),
(67070, 'Alejandra Morales 17/abril', '', 'mailmail@gmail.com', '31465191725', NULL, '1222-02-12 00:00:00', 'CC', NULL, 2, 71, '', NULL, 28, NULL, NULL),
(67071, 'Alejandra Toro', '', 'mailmail@gmail.com', '32173052742', NULL, '1222-02-12 00:00:00', 'CC', NULL, 2, 71, '', NULL, 28, NULL, NULL),
(67072, 'Alejandra Velasquez', '', 'mailmail@gmail.com', '31263590034', NULL, '1222-02-12 00:00:00', 'CC', NULL, 2, 71, '', NULL, 28, NULL, NULL),
(67073, 'Alejandra Zapata Centro', '', 'mailmail@gmail.com', '31145372218', NULL, '1222-02-12 00:00:00', 'CC', NULL, 2, 71, '', NULL, 28, NULL, NULL),
(67074, 'Alejandro Gallego Mejia', '', 'mailmail@gmail.com', '31440619286', NULL, '1222-02-12 00:00:00', 'CC', NULL, 2, 71, '', NULL, 28, NULL, NULL),
(67075, 'Alejandro Gutiérrez PL', '', 'mailmail@gmail.com', '32075197461', NULL, '1222-02-12 00:00:00', 'CC', NULL, 2, 71, '', NULL, 28, NULL, NULL),
(67076, 'Alejnadra Castrillon', '', 'mailmail@gmail.com', '31284858755', NULL, '1222-02-12 00:00:00', 'CC', NULL, 2, 71, '', NULL, 28, NULL, NULL),
(67077, 'Alejo', '', 'mailmail@gmail.com', '32264074859', NULL, '1222-02-12 00:00:00', 'CC', NULL, 2, 71, '', NULL, 28, NULL, NULL),
(67078, 'Alexander Arboleda', '', 'mailmail@gmail.com', '32033262188', NULL, '1222-02-12 00:00:00', 'CC', NULL, 2, 71, '', NULL, 28, NULL, NULL),
(67079, 'Alexander Echeverri Grisales', '', 'mailmail@gmail.com', '31228388048', NULL, '1222-02-12 00:00:00', 'CC', NULL, 2, 71, '', NULL, 28, NULL, NULL),
(67080, 'Alexandra Sucerquia PL', '', 'mailmail@gmail.com', '32125358211', NULL, '1222-02-12 00:00:00', 'CC', NULL, 2, 71, '', NULL, 28, NULL, NULL),
(67081, 'Alexandra Vega Ochoa', '', 'mailmail@gmail.com', '31289892419', NULL, '1222-02-12 00:00:00', 'CC', NULL, 2, 71, '', NULL, 28, NULL, NULL),
(67082, 'Alexandra Vietnam', '', 'mailmail@gmail.com', '32183313616', NULL, '1222-02-12 00:00:00', 'CC', NULL, 2, 71, '', NULL, 28, NULL, NULL),
(67083, 'Alicia Jaramillo', '', 'mailmail@gmail.com', '31363074186', NULL, '1222-02-12 00:00:00', 'CC', NULL, 2, 71, '', NULL, 28, NULL, NULL),
(67084, 'Alvani Velasco', '', 'mailmail@gmail.com', '312379315322', NULL, '1222-02-12 00:00:00', 'CC', NULL, 2, 71, '', NULL, 28, NULL, NULL),
(67085, 'Álvaro Gutiérrez', '', 'mailmail@gmail.com', '31169235960', NULL, '1222-02-12 00:00:00', 'CC', NULL, 2, 71, '', NULL, 28, NULL, NULL),
(67086, 'Amalia Gaviria', '', 'mailmail@gmail.com', '31450457387', NULL, '1222-02-12 00:00:00', 'CC', NULL, 2, 71, '', NULL, 28, NULL, NULL),
(67087, 'Amparo', '', 'mailmail@gmail.com', '31884055302', NULL, '1222-02-12 00:00:00', 'CC', NULL, 2, 71, '', NULL, 28, NULL, NULL),
(67088, 'Amparo Agudelo', '', 'mailmail@gmail.com', '31249869698', NULL, '1222-02-12 00:00:00', 'CC', NULL, 2, 71, '', NULL, 28, NULL, NULL),
(67089, 'Amparo Atilano', '', 'mailmail@gmail.com', '32121386286', NULL, '1222-02-12 00:00:00', 'CC', NULL, 2, 71, '', NULL, 28, NULL, NULL),
(67090, 'Amparo Buitrago', '', 'mailmail@gmail.com', '31886279166', NULL, '1222-02-12 00:00:00', 'CC', NULL, 2, 71, '', NULL, 28, NULL, NULL),
(67091, 'Amparo Cuervo', '', 'mailmail@gmail.com', '32351271715', NULL, '1222-02-12 00:00:00', 'CC', NULL, 2, 71, '', NULL, 28, NULL, NULL),
(67092, 'Amparo Duque', '', 'mailmail@gmail.com', '31281628271', NULL, '1222-02-12 00:00:00', 'CC', NULL, 2, 71, '', NULL, 28, NULL, NULL),
(67093, 'Amparo Duque', '', 'mailmail@gmail.com', '31055246273', NULL, '1222-02-12 00:00:00', 'CC', NULL, 2, 71, '', NULL, 28, NULL, NULL),
(67094, 'Amparo Jiménez', '', 'mailmail@gmail.com', '32176267127', NULL, '1222-02-12 00:00:00', 'CC', NULL, 2, 71, '', NULL, 28, NULL, NULL),
(67095, 'Amparo Jiménez', '', 'mailmail@gmail.com', '32276266127', NULL, '1222-02-12 00:00:00', 'CC', NULL, 2, 71, '', NULL, 28, NULL, NULL),
(67096, 'Amparo Martinez', '', 'mailmail@gmail.com', '326 32685283', NULL, '1222-02-12 00:00:00', 'CC', NULL, 2, 71, '', NULL, 28, NULL, NULL),
(67097, 'Amparo Morales', '', 'mailmail@gmail.com', '31379166866', NULL, '1222-02-12 00:00:00', 'CC', NULL, 2, 71, '', NULL, 28, NULL, NULL),
(67098, 'Adriana Del Pilr', '', 'mailmail@gmail.com', '32061387342', NULL, '1222-02-12 00:00:00', 'CC', NULL, 2, 71, '', NULL, 28, NULL, NULL),
(67099, 'Adriana JM', '', 'mailmail@gmail.com', '31136465715', NULL, '1222-02-12 00:00:00', 'CC', NULL, 2, 71, '', NULL, 28, NULL, NULL),
(67100, 'Adriana Montoy', '', 'mailmail@gmail.com', '31161965888', NULL, '1222-02-12 00:00:00', 'CC', NULL, 2, 71, '', NULL, 28, NULL, NULL),
(67101, 'Adriana Osorio', '', 'mailmail@gmail.com', '32077014631', NULL, '1222-02-12 00:00:00', 'CC', NULL, 2, 71, '', NULL, 28, NULL, NULL),
(67102, 'Adriana Osorio', '', 'mailmail@gmail.com', '32061383434', NULL, '1222-02-12 00:00:00', 'CC', NULL, 2, 71, '', NULL, 28, NULL, NULL),
(67103, 'Adriana Osorio Pto Berrio', '', 'mailmail@gmail.com', ' 32156332264', NULL, '1222-02-12 00:00:00', 'CC', NULL, 2, 71, '', NULL, 28, NULL, NULL),
(67104, 'Adriana Osorno', '', 'mailmail@gmail.com', '32359293452', NULL, '1222-02-12 00:00:00', 'CC', NULL, 2, 71, '', NULL, 28, NULL, NULL),
(67105, 'Agripina Patiño', '', 'mailmail@gmail.com', '32127883534', NULL, '1222-02-12 00:00:00', 'CC', NULL, 2, 71, '', NULL, 28, NULL, NULL),
(67106, 'Alba Aguilar', '', 'mailmail@gmail.com', '32347932331', NULL, '1222-02-12 00:00:00', 'CC', NULL, 2, 71, '', NULL, 28, NULL, NULL),
(67107, 'Alba Lucia Tilano Acebedo', '', 'mailmail@gmail.com', '31656280546', NULL, '1222-02-12 00:00:00', 'CC', NULL, 2, 71, '', NULL, 28, NULL, NULL),
(67108, 'Alba Meza', '', 'mailmail@gmail.com', '31820227963', NULL, '1222-02-12 00:00:00', 'CC', NULL, 2, 71, '', NULL, 28, NULL, NULL),
(67109, 'Alba Sanchez', '', 'mailmail@gmail.com', '32236056181', NULL, '1222-02-12 00:00:00', 'CC', NULL, 2, 71, '', NULL, 28, NULL, NULL),
(67110, 'Alberto Rojas', '', 'mailmail@gmail.com', '30155046315', NULL, '1222-02-12 00:00:00', 'CC', NULL, 2, 71, '', NULL, 28, NULL, NULL),
(67111, 'Alcira', '', 'mailmail@gmail.com', '31323820973', NULL, '1222-02-12 00:00:00', 'CC', NULL, 2, 71, '', NULL, 28, NULL, NULL),
(67112, 'Aleida Gutiérrez', '', 'mailmail@gmail.com', '31165928802', NULL, '1222-02-12 00:00:00', 'CC', NULL, 2, 71, '', NULL, 28, NULL, NULL),
(67113, 'Aleida Vargas', '', 'mailmail@gmail.com', '31689542640', NULL, '1222-02-12 00:00:00', 'CC', NULL, 2, 71, '', NULL, 28, NULL, NULL),
(67114, 'Alejandra', '', 'mailmail@gmail.com', '31066218772', NULL, '1222-02-12 00:00:00', 'CC', NULL, 2, 71, '', NULL, 28, NULL, NULL),
(67115, 'Alejandra Castillon', '', 'mailmail@gmail.com', '31289855875', NULL, '1222-02-12 00:00:00', 'CC', NULL, 2, 71, '', NULL, 28, NULL, NULL),
(67116, 'Alejandra Duque', '', 'mailmail@gmail.com', '32121718367', NULL, '1222-02-12 00:00:00', 'CC', NULL, 2, 71, '', NULL, 28, NULL, NULL),
(67117, 'Alejandra Gonsalez', '', 'mailmail@gmail.com', '31587057379', NULL, '1222-02-12 00:00:00', 'CC', NULL, 2, 71, '', NULL, 28, NULL, NULL),
(67118, 'Alejandra Morales 17/abril', '', 'mailmail@gmail.com', '31465191725', NULL, '1222-02-12 00:00:00', 'CC', NULL, 2, 71, '', NULL, 28, NULL, NULL),
(67119, 'Alejandra Toro', '', 'mailmail@gmail.com', '32173052742', NULL, '1222-02-12 00:00:00', 'CC', NULL, 2, 71, '', NULL, 28, NULL, NULL),
(67120, 'Alejandra Velasquez', '', 'mailmail@gmail.com', '31263590034', NULL, '1222-02-12 00:00:00', 'CC', NULL, 2, 71, '', NULL, 28, NULL, NULL),
(67121, 'Alejandra Zapata Centro', '', 'mailmail@gmail.com', '31145372218', NULL, '1222-02-12 00:00:00', 'CC', NULL, 2, 71, '', NULL, 28, NULL, NULL),
(67122, 'Alejandro Gallego Mejia', '', 'mailmail@gmail.com', '31440619286', NULL, '1222-02-12 00:00:00', 'CC', NULL, 2, 71, '', NULL, 28, NULL, NULL),
(67123, 'Alejandro Gutiérrez PL', '', 'mailmail@gmail.com', '32075197461', NULL, '1222-02-12 00:00:00', 'CC', NULL, 2, 71, '', NULL, 28, NULL, NULL),
(67124, 'Alejnadra Castrillon', '', 'mailmail@gmail.com', '31284858755', NULL, '1222-02-12 00:00:00', 'CC', NULL, 2, 71, '', NULL, 28, NULL, NULL),
(67125, 'Alejo', '', 'mailmail@gmail.com', '32264074859', NULL, '1222-02-12 00:00:00', 'CC', NULL, 2, 71, '', NULL, 28, NULL, NULL),
(67126, 'Alexander Arboleda', '', 'mailmail@gmail.com', '32033262188', NULL, '1222-02-12 00:00:00', 'CC', NULL, 2, 71, '', NULL, 28, NULL, NULL),
(67127, 'Alexander Echeverri Grisales', '', 'mailmail@gmail.com', '31228388048', NULL, '1222-02-12 00:00:00', 'CC', NULL, 2, 71, '', NULL, 28, NULL, NULL),
(67128, 'Alexandra Sucerquia PL', '', 'mailmail@gmail.com', '32125358211', NULL, '1222-02-12 00:00:00', 'CC', NULL, 2, 71, '', NULL, 28, NULL, NULL),
(67129, 'Alexandra Vega Ochoa', '', 'mailmail@gmail.com', '31289892419', NULL, '1222-02-12 00:00:00', 'CC', NULL, 2, 71, '', NULL, 28, NULL, NULL),
(67130, 'Alexandra Vietnam', '', 'mailmail@gmail.com', '32183313616', NULL, '1222-02-12 00:00:00', 'CC', NULL, 2, 71, '', NULL, 28, NULL, NULL),
(67131, 'Alicia Jaramillo', '', 'mailmail@gmail.com', '31363074186', NULL, '1222-02-12 00:00:00', 'CC', NULL, 2, 71, '', NULL, 28, NULL, NULL),
(67132, 'Alvani Velasco', '', 'mailmail@gmail.com', '312379315322', NULL, '1222-02-12 00:00:00', 'CC', NULL, 2, 71, '', NULL, 28, NULL, NULL),
(67133, 'Álvaro Gutiérrez', '', 'mailmail@gmail.com', '31169235960', NULL, '1222-02-12 00:00:00', 'CC', NULL, 2, 71, '', NULL, 28, NULL, NULL),
(67134, 'Amalia Gaviria', '', 'mailmail@gmail.com', '31450457387', NULL, '1222-02-12 00:00:00', 'CC', NULL, 2, 71, '', NULL, 28, NULL, NULL),
(67135, 'Amparo', '', 'mailmail@gmail.com', '31884055302', NULL, '1222-02-12 00:00:00', 'CC', NULL, 2, 71, '', NULL, 28, NULL, NULL),
(67136, 'Amparo Agudelo', '', 'mailmail@gmail.com', '31249869698', NULL, '1222-02-12 00:00:00', 'CC', NULL, 2, 71, '', NULL, 28, NULL, NULL),
(67137, 'Amparo Atilano', '', 'mailmail@gmail.com', '32121386286', NULL, '1222-02-12 00:00:00', 'CC', NULL, 2, 71, '', NULL, 28, NULL, NULL),
(67138, 'Amparo Buitrago', '', 'mailmail@gmail.com', '31886279166', NULL, '1222-02-12 00:00:00', 'CC', NULL, 2, 71, '', NULL, 28, NULL, NULL),
(67139, 'Amparo Cuervo', '', 'mailmail@gmail.com', '32351271715', NULL, '1222-02-12 00:00:00', 'CC', NULL, 2, 71, '', NULL, 28, NULL, NULL),
(67140, 'Amparo Duque', '', 'mailmail@gmail.com', '31281628271', NULL, '1222-02-12 00:00:00', 'CC', NULL, 2, 71, '', NULL, 28, NULL, NULL),
(67141, 'Amparo Duque', '', 'mailmail@gmail.com', '31055246273', NULL, '1222-02-12 00:00:00', 'CC', NULL, 2, 71, '', NULL, 28, NULL, NULL),
(67142, 'Amparo Jiménez', '', 'mailmail@gmail.com', '32176267127', NULL, '1222-02-12 00:00:00', 'CC', NULL, 2, 71, '', NULL, 28, NULL, NULL),
(67143, 'Amparo Jiménez', '', 'mailmail@gmail.com', '32276266127', NULL, '1222-02-12 00:00:00', 'CC', NULL, 2, 71, '', NULL, 28, NULL, NULL),
(67144, 'Amparo Martinez', '', 'mailmail@gmail.com', '326 32685283', NULL, '1222-02-12 00:00:00', 'CC', NULL, 2, 71, '', NULL, 28, NULL, NULL),
(67145, 'Amparo Morales', '', 'mailmail@gmail.com', '31379166866', NULL, '1222-02-12 00:00:00', 'CC', NULL, 2, 71, '', NULL, 28, NULL, NULL),
(67146, 'Adriana Del Pilr', '', 'mailmail@gmail.com', '32061387342', NULL, '1222-02-12 00:00:00', 'CC', NULL, 2, 71, '', NULL, 28, NULL, NULL),
(67147, 'Adriana JM', '', 'mailmail@gmail.com', '31136465715', NULL, '1222-02-12 00:00:00', 'CC', NULL, 2, 71, '', NULL, 28, NULL, NULL),
(67148, 'Adriana Montoy', '', 'mailmail@gmail.com', '31161965888', NULL, '1222-02-12 00:00:00', 'CC', NULL, 2, 71, '', NULL, 28, NULL, NULL),
(67149, 'Adriana Osorio', '', 'mailmail@gmail.com', '32077014631', NULL, '1222-02-12 00:00:00', 'CC', NULL, 2, 71, '', NULL, 28, NULL, NULL),
(67150, 'Adriana Osorio', '', 'mailmail@gmail.com', '32061383434', NULL, '1222-02-12 00:00:00', 'CC', NULL, 2, 71, '', NULL, 28, NULL, NULL),
(67151, 'Adriana Osorio Pto Berrio', '', 'mailmail@gmail.com', ' 32156332264', NULL, '1222-02-12 00:00:00', 'CC', NULL, 2, 71, '', NULL, 28, NULL, NULL),
(67152, 'Adriana Osorno', '', 'mailmail@gmail.com', '32359293452', NULL, '1222-02-12 00:00:00', 'CC', NULL, 2, 71, '', NULL, 28, NULL, NULL),
(67153, 'Agripina Patiño', '', 'mailmail@gmail.com', '32127883534', NULL, '1222-02-12 00:00:00', 'CC', NULL, 2, 71, '', NULL, 28, NULL, NULL),
(67154, 'Alba Aguilar', '', 'mailmail@gmail.com', '32347932331', NULL, '1222-02-12 00:00:00', 'CC', NULL, 2, 71, '', NULL, 28, NULL, NULL),
(67155, 'Alba Lucia Tilano Acebedo', '', 'mailmail@gmail.com', '31656280546', NULL, '1222-02-12 00:00:00', 'CC', NULL, 2, 71, '', NULL, 28, NULL, NULL),
(67156, 'Alba Meza', '', 'mailmail@gmail.com', '31820227963', NULL, '1222-02-12 00:00:00', 'CC', NULL, 2, 71, '', NULL, 28, NULL, NULL),
(67157, 'Alba Sanchez', '', 'mailmail@gmail.com', '32236056181', NULL, '1222-02-12 00:00:00', 'CC', NULL, 2, 71, '', NULL, 28, NULL, NULL),
(67158, 'Alberto Rojas', '', 'mailmail@gmail.com', '30155046315', NULL, '1222-02-12 00:00:00', 'CC', NULL, 2, 71, '', NULL, 28, NULL, NULL),
(67159, 'Alcira', '', 'mailmail@gmail.com', '31323820973', NULL, '1222-02-12 00:00:00', 'CC', NULL, 2, 71, '', NULL, 28, NULL, NULL),
(67160, 'Aleida Gutiérrez', '', 'mailmail@gmail.com', '31165928802', NULL, '1222-02-12 00:00:00', 'CC', NULL, 2, 71, '', NULL, 28, NULL, NULL),
(67161, 'Aleida Vargas', '', 'mailmail@gmail.com', '31689542640', NULL, '1222-02-12 00:00:00', 'CC', NULL, 2, 71, '', NULL, 28, NULL, NULL),
(67162, 'Alejandra', '', 'mailmail@gmail.com', '31066218772', NULL, '1222-02-12 00:00:00', 'CC', NULL, 2, 71, '', NULL, 28, NULL, NULL),
(67163, 'Alejandra Castillon', '', 'mailmail@gmail.com', '31289855875', NULL, '1222-02-12 00:00:00', 'CC', NULL, 2, 71, '', NULL, 28, NULL, NULL),
(67164, 'Alejandra Duque', '', 'mailmail@gmail.com', '32121718367', NULL, '1222-02-12 00:00:00', 'CC', NULL, 2, 71, '', NULL, 28, NULL, NULL),
(67165, 'Alejandra Gonsalez', '', 'mailmail@gmail.com', '31587057379', NULL, '1222-02-12 00:00:00', 'CC', NULL, 2, 71, '', NULL, 28, NULL, NULL),
(67166, 'Alejandra Morales 17/abril', '', 'mailmail@gmail.com', '31465191725', NULL, '1222-02-12 00:00:00', 'CC', NULL, 2, 71, '', NULL, 28, NULL, NULL),
(67167, 'Alejandra Toro', '', 'mailmail@gmail.com', '32173052742', NULL, '1222-02-12 00:00:00', 'CC', NULL, 2, 71, '', NULL, 28, NULL, NULL),
(67168, 'Alejandra Velasquez', '', 'mailmail@gmail.com', '31263590034', NULL, '1222-02-12 00:00:00', 'CC', NULL, 2, 71, '', NULL, 28, NULL, NULL),
(67169, 'Alejandra Zapata Centro', '', 'mailmail@gmail.com', '31145372218', NULL, '1222-02-12 00:00:00', 'CC', NULL, 2, 71, '', NULL, 28, NULL, NULL),
(67170, 'Alejandro Gallego Mejia', '', 'mailmail@gmail.com', '31440619286', NULL, '1222-02-12 00:00:00', 'CC', NULL, 2, 71, '', NULL, 28, NULL, NULL),
(67171, 'Alejandro Gutiérrez PL', '', 'mailmail@gmail.com', '32075197461', NULL, '1222-02-12 00:00:00', 'CC', NULL, 2, 71, '', NULL, 28, NULL, NULL),
(67172, 'Alejnadra Castrillon', '', 'mailmail@gmail.com', '31284858755', NULL, '1222-02-12 00:00:00', 'CC', NULL, 2, 71, '', NULL, 28, NULL, NULL),
(67173, 'Alejo', '', 'mailmail@gmail.com', '32264074859', NULL, '1222-02-12 00:00:00', 'CC', NULL, 2, 71, '', NULL, 28, NULL, NULL),
(67174, 'Alexander Arboleda', '', 'mailmail@gmail.com', '32033262188', NULL, '1222-02-12 00:00:00', 'CC', NULL, 2, 71, '', NULL, 28, NULL, NULL),
(67175, 'Alexander Echeverri Grisales', '', 'mailmail@gmail.com', '31228388048', NULL, '1222-02-12 00:00:00', 'CC', NULL, 2, 71, '', NULL, 28, NULL, NULL),
(67176, 'Alexandra Sucerquia PL', '', 'mailmail@gmail.com', '32125358211', NULL, '1222-02-12 00:00:00', 'CC', NULL, 2, 71, '', NULL, 28, NULL, NULL),
(67177, 'Alexandra Vega Ochoa', '', 'mailmail@gmail.com', '31289892419', NULL, '1222-02-12 00:00:00', 'CC', NULL, 2, 71, '', NULL, 28, NULL, NULL),
(67178, 'Alexandra Vietnam', '', 'mailmail@gmail.com', '32183313616', NULL, '1222-02-12 00:00:00', 'CC', NULL, 2, 71, '', NULL, 28, NULL, NULL),
(67179, 'Alicia Jaramillo', '', 'mailmail@gmail.com', '31363074186', NULL, '1222-02-12 00:00:00', 'CC', NULL, 2, 71, '', NULL, 28, NULL, NULL),
(67180, 'Alvani Velasco', '', 'mailmail@gmail.com', '312379315322', NULL, '1222-02-12 00:00:00', 'CC', NULL, 2, 71, '', NULL, 28, NULL, NULL),
(67181, 'Álvaro Gutiérrez', '', 'mailmail@gmail.com', '31169235960', NULL, '1222-02-12 00:00:00', 'CC', NULL, 2, 71, '', NULL, 28, NULL, NULL),
(67182, 'Amalia Gaviria', '', 'mailmail@gmail.com', '31450457387', NULL, '1222-02-12 00:00:00', 'CC', NULL, 2, 71, '', NULL, 28, NULL, NULL),
(67183, 'Amparo', '', 'mailmail@gmail.com', '31884055302', NULL, '1222-02-12 00:00:00', 'CC', NULL, 2, 71, '', NULL, 28, NULL, NULL),
(67184, 'Amparo Agudelo', '', 'mailmail@gmail.com', '31249869698', NULL, '1222-02-12 00:00:00', 'CC', NULL, 2, 71, '', NULL, 28, NULL, NULL),
(67185, 'Amparo Atilano', '', 'mailmail@gmail.com', '32121386286', NULL, '1222-02-12 00:00:00', 'CC', NULL, 2, 71, '', NULL, 28, NULL, NULL),
(67186, 'Amparo Buitrago', '', 'mailmail@gmail.com', '31886279166', NULL, '1222-02-12 00:00:00', 'CC', NULL, 2, 71, '', NULL, 28, NULL, NULL),
(67187, 'Amparo Cuervo', '', 'mailmail@gmail.com', '32351271715', NULL, '1222-02-12 00:00:00', 'CC', NULL, 2, 71, '', NULL, 28, NULL, NULL),
(67188, 'Amparo Duque', '', 'mailmail@gmail.com', '31281628271', NULL, '1222-02-12 00:00:00', 'CC', NULL, 2, 71, '', NULL, 28, NULL, NULL),
(67189, 'Amparo Duque', '', 'mailmail@gmail.com', '31055246273', NULL, '1222-02-12 00:00:00', 'CC', NULL, 2, 71, '', NULL, 28, NULL, NULL),
(67190, 'Amparo Jiménez', '', 'mailmail@gmail.com', '32176267127', NULL, '1222-02-12 00:00:00', 'CC', NULL, 2, 71, '', NULL, 28, NULL, NULL),
(67191, 'Amparo Jiménez', '', 'mailmail@gmail.com', '32276266127', NULL, '1222-02-12 00:00:00', 'CC', NULL, 2, 71, '', NULL, 28, NULL, NULL),
(67192, 'Amparo Martinez', '', 'mailmail@gmail.com', '326 32685283', NULL, '1222-02-12 00:00:00', 'CC', NULL, 2, 71, '', NULL, 28, NULL, NULL),
(67193, 'Amparo Morales', '', 'mailmail@gmail.com', '31379166866', NULL, '1222-02-12 00:00:00', 'CC', NULL, 2, 71, '', NULL, 28, NULL, NULL),
(67194, 'Adriana Del Pilr', '', 'mailmail@gmail.com', '32061387342', NULL, '1222-02-12 00:00:00', 'CC', NULL, 2, 71, '', NULL, 28, NULL, NULL),
(67195, 'Adriana JM', '', 'mailmail@gmail.com', '31136465715', NULL, '1222-02-12 00:00:00', 'CC', NULL, 2, 71, '', NULL, 28, NULL, NULL),
(67196, 'Adriana Montoy', '', 'mailmail@gmail.com', '31161965888', NULL, '1222-02-12 00:00:00', 'CC', NULL, 2, 71, '', NULL, 28, NULL, NULL),
(67197, 'Adriana Osorio', '', 'mailmail@gmail.com', '32077014631', NULL, '1222-02-12 00:00:00', 'CC', NULL, 2, 71, '', NULL, 28, NULL, NULL),
(67198, 'Adriana Osorio', '', 'mailmail@gmail.com', '32061383434', NULL, '1222-02-12 00:00:00', 'CC', NULL, 2, 71, '', NULL, 28, NULL, NULL),
(67199, 'Adriana Osorio Pto Berrio', '', 'mailmail@gmail.com', ' 32156332264', NULL, '1222-02-12 00:00:00', 'CC', NULL, 2, 71, '', NULL, 28, NULL, NULL),
(67200, 'Adriana Osorno', '', 'mailmail@gmail.com', '32359293452', NULL, '1222-02-12 00:00:00', 'CC', NULL, 2, 71, '', NULL, 28, NULL, NULL),
(67201, 'Agripina Patiño', '', 'mailmail@gmail.com', '32127883534', NULL, '1222-02-12 00:00:00', 'CC', NULL, 2, 71, '', NULL, 28, NULL, NULL),
(67202, 'Alba Aguilar', '', 'mailmail@gmail.com', '32347932331', NULL, '1222-02-12 00:00:00', 'CC', NULL, 2, 71, '', NULL, 28, NULL, NULL),
(67203, 'Alba Lucia Tilano Acebedo', '', 'mailmail@gmail.com', '31656280546', NULL, '1222-02-12 00:00:00', 'CC', NULL, 2, 71, '', NULL, 28, NULL, NULL),
(67204, 'Alba Meza', '', 'mailmail@gmail.com', '31820227963', NULL, '1222-02-12 00:00:00', 'CC', NULL, 2, 71, '', NULL, 28, NULL, NULL),
(67205, 'Alba Sanchez', '', 'mailmail@gmail.com', '32236056181', NULL, '1222-02-12 00:00:00', 'CC', NULL, 2, 71, '', NULL, 28, NULL, NULL),
(67206, 'Alberto Rojas', '', 'mailmail@gmail.com', '30155046315', NULL, '1222-02-12 00:00:00', 'CC', NULL, 2, 71, '', NULL, 28, NULL, NULL),
(67207, 'Alcira', '', 'mailmail@gmail.com', '31323820973', NULL, '1222-02-12 00:00:00', 'CC', NULL, 2, 71, '', NULL, 28, NULL, NULL),
(67208, 'Aleida Gutiérrez', '', 'mailmail@gmail.com', '31165928802', NULL, '1222-02-12 00:00:00', 'CC', NULL, 2, 71, '', NULL, 28, NULL, NULL),
(67209, 'Aleida Vargas', '', 'mailmail@gmail.com', '31689542640', NULL, '1222-02-12 00:00:00', 'CC', NULL, 2, 71, '', NULL, 28, NULL, NULL),
(67210, 'Alejandra', '', 'mailmail@gmail.com', '31066218772', NULL, '1222-02-12 00:00:00', 'CC', NULL, 2, 71, '', NULL, 28, NULL, NULL),
(67211, 'Alejandra Castillon', '', 'mailmail@gmail.com', '31289855875', NULL, '1222-02-12 00:00:00', 'CC', NULL, 2, 71, '', NULL, 28, NULL, NULL),
(67212, 'Alejandra Duque', '', 'mailmail@gmail.com', '32121718367', NULL, '1222-02-12 00:00:00', 'CC', NULL, 2, 71, '', NULL, 28, NULL, NULL),
(67213, 'Alejandra Gonsalez', '', 'mailmail@gmail.com', '31587057379', NULL, '1222-02-12 00:00:00', 'CC', NULL, 2, 71, '', NULL, 28, NULL, NULL),
(67214, 'Alejandra Morales 17/abril', '', 'mailmail@gmail.com', '31465191725', NULL, '1222-02-12 00:00:00', 'CC', NULL, 2, 71, '', NULL, 28, NULL, NULL),
(67215, 'Alejandra Toro', '', 'mailmail@gmail.com', '32173052742', NULL, '1222-02-12 00:00:00', 'CC', NULL, 2, 71, '', NULL, 28, NULL, NULL),
(67216, 'Alejandra Velasquez', '', 'mailmail@gmail.com', '31263590034', NULL, '1222-02-12 00:00:00', 'CC', NULL, 2, 71, '', NULL, 28, NULL, NULL),
(67217, 'Alejandra Zapata Centro', '', 'mailmail@gmail.com', '31145372218', NULL, '1222-02-12 00:00:00', 'CC', NULL, 2, 71, '', NULL, 28, NULL, NULL),
(67218, 'Alejandro Gallego Mejia', '', 'mailmail@gmail.com', '31440619286', NULL, '1222-02-12 00:00:00', 'CC', NULL, 2, 71, '', NULL, 28, NULL, NULL),
(67219, 'Alejandro Gutiérrez PL', '', 'mailmail@gmail.com', '32075197461', NULL, '1222-02-12 00:00:00', 'CC', NULL, 2, 71, '', NULL, 28, NULL, NULL),
(67220, 'Alejnadra Castrillon', '', 'mailmail@gmail.com', '31284858755', NULL, '1222-02-12 00:00:00', 'CC', NULL, 2, 71, '', NULL, 28, NULL, NULL),
(67221, 'Alejo', '', 'mailmail@gmail.com', '32264074859', NULL, '1222-02-12 00:00:00', 'CC', NULL, 2, 71, '', NULL, 28, NULL, NULL),
(67222, 'Alexander Arboleda', '', 'mailmail@gmail.com', '32033262188', NULL, '1222-02-12 00:00:00', 'CC', NULL, 2, 71, '', NULL, 28, NULL, NULL),
(67223, 'Alexander Echeverri Grisales', '', 'mailmail@gmail.com', '31228388048', NULL, '1222-02-12 00:00:00', 'CC', NULL, 2, 71, '', NULL, 28, NULL, NULL),
(67224, 'Alexandra Sucerquia PL', '', 'mailmail@gmail.com', '32125358211', NULL, '1222-02-12 00:00:00', 'CC', NULL, 2, 71, '', NULL, 28, NULL, NULL),
(67225, 'Alexandra Vega Ochoa', '', 'mailmail@gmail.com', '31289892419', NULL, '1222-02-12 00:00:00', 'CC', NULL, 2, 71, '', NULL, 28, NULL, NULL),
(67226, 'Alexandra Vietnam', '', 'mailmail@gmail.com', '32183313616', NULL, '1222-02-12 00:00:00', 'CC', NULL, 2, 71, '', NULL, 28, NULL, NULL),
(67227, 'Alicia Jaramillo', '', 'mailmail@gmail.com', '31363074186', NULL, '1222-02-12 00:00:00', 'CC', NULL, 2, 71, '', NULL, 28, NULL, NULL),
(67228, 'Alvani Velasco', '', 'mailmail@gmail.com', '312379315322', NULL, '1222-02-12 00:00:00', 'CC', NULL, 2, 71, '', NULL, 28, NULL, NULL),
(67229, 'Álvaro Gutiérrez', '', 'mailmail@gmail.com', '31169235960', NULL, '1222-02-12 00:00:00', 'CC', NULL, 2, 71, '', NULL, 28, NULL, NULL),
(67230, 'Amalia Gaviria', '', 'mailmail@gmail.com', '31450457387', NULL, '1222-02-12 00:00:00', 'CC', NULL, 2, 71, '', NULL, 28, NULL, NULL),
(67231, 'Amparo', '', 'mailmail@gmail.com', '31884055302', NULL, '1222-02-12 00:00:00', 'CC', NULL, 2, 71, '', NULL, 28, NULL, NULL),
(67232, 'Amparo Agudelo', '', 'mailmail@gmail.com', '31249869698', NULL, '1222-02-12 00:00:00', 'CC', NULL, 2, 71, '', NULL, 28, NULL, NULL),
(67233, 'Amparo Atilano', '', 'mailmail@gmail.com', '32121386286', NULL, '1222-02-12 00:00:00', 'CC', NULL, 2, 71, '', NULL, 28, NULL, NULL),
(67234, 'Amparo Buitrago', '', 'mailmail@gmail.com', '31886279166', NULL, '1222-02-12 00:00:00', 'CC', NULL, 2, 71, '', NULL, 28, NULL, NULL),
(67235, 'Amparo Cuervo', '', 'mailmail@gmail.com', '32351271715', NULL, '1222-02-12 00:00:00', 'CC', NULL, 2, 71, '', NULL, 28, NULL, NULL),
(67236, 'Amparo Duque', '', 'mailmail@gmail.com', '31281628271', NULL, '1222-02-12 00:00:00', 'CC', NULL, 2, 71, '', NULL, 28, NULL, NULL),
(67237, 'Amparo Duque', '', 'mailmail@gmail.com', '31055246273', NULL, '1222-02-12 00:00:00', 'CC', NULL, 2, 71, '', NULL, 28, NULL, NULL),
(67238, 'Amparo Jiménez', '', 'mailmail@gmail.com', '32176267127', NULL, '1222-02-12 00:00:00', 'CC', NULL, 2, 71, '', NULL, 28, NULL, NULL),
(67239, 'Amparo Jiménez', '', 'mailmail@gmail.com', '32276266127', NULL, '1222-02-12 00:00:00', 'CC', NULL, 2, 71, '', NULL, 28, NULL, NULL),
(67240, 'Amparo Martinez', '', 'mailmail@gmail.com', '326 32685283', NULL, '1222-02-12 00:00:00', 'CC', NULL, 2, 71, '', NULL, 28, NULL, NULL),
(67241, 'Amparo Morales', '', 'mailmail@gmail.com', '31379166866', NULL, '1222-02-12 00:00:00', 'CC', NULL, 2, 71, '', NULL, 28, NULL, NULL),
(67242, 'Alejandra', 'Muñoz', 'inforfercho@gmail.com', '3006003782', NULL, '1222-02-12 00:00:00', 'CC', NULL, 1, 71, '', NULL, 28, NULL, NULL),
(67243, 'Claudia', 'ocampo touch', 'jorge@mail.com', '3225309608', NULL, '8888-08-07 00:00:00', 'CC', NULL, 2, 71, '', NULL, 28, NULL, NULL),
(67860, 'William Andres Ortiz Puentes', '', NULL, '3133952177', 102, NULL, 'CC', NULL, 2, 67, '', NULL, 14, NULL, NULL),
(67861, 'Edna Viviana Herrera', '', NULL, '3208807381', 102, NULL, 'CC', NULL, 1, 67, '', NULL, 14, NULL, NULL),
(67862, 'Oliverio  Herrera Peralta', '', NULL, '3144461649', 102, NULL, 'CC', NULL, 2, 67, '', NULL, 14, NULL, NULL),
(67863, 'Mercedes Delgado', '', NULL, '3144461649', 102, NULL, 'CC', NULL, 1, 67, '', NULL, 14, NULL, NULL),
(67864, 'Deyvi Herrera', '', NULL, '3197676625', 104, NULL, 'CC', NULL, 2, 69, '', NULL, 14, NULL, NULL),
(67865, 'Liceth Herrera', '', NULL, '3124540335', 104, NULL, 'CC', NULL, 1, 69, '', NULL, 14, NULL, NULL),
(67866, 'Alejandro Ortiz', '', NULL, '3103752449', 104, NULL, 'CC', NULL, 2, 69, '', NULL, 14, NULL, NULL),
(67867, 'Yeimy Alzate', '', NULL, '3115649659', 104, NULL, 'CC', NULL, 1, 69, '', NULL, 14, NULL, NULL),
(67868, 'Natalia Ortiz', '', NULL, '3104532409', 102, NULL, 'CC', NULL, 1, 67, '', NULL, 14, NULL, NULL),
(67869, 'Bladimir Ortiz', '', NULL, '3114531252', 102, NULL, 'CC', NULL, 2, 67, '', NULL, 14, NULL, NULL),
(67870, 'Cecilia Cortes', '', NULL, '3118580358', 102, NULL, 'CC', NULL, 1, 67, '', NULL, 14, NULL, NULL),
(67871, 'Paula Valentina Ortiz Cortes', '', NULL, '3115476061', 102, NULL, 'CC', NULL, 1, 67, '', NULL, 14, NULL, NULL),
(67872, 'Rafael Ortiz', '', NULL, '3117857540', 105, NULL, 'CC', NULL, 2, 1, '', NULL, 14, NULL, NULL),
(67873, 'Evelio De Jesus Alzate Guarin', '', NULL, '3102140823', 102, NULL, 'CC', NULL, 2, 67, '', NULL, 14, NULL, NULL),
(67874, 'Cristian Fernando Delgado Espejo', '', NULL, '3132286305', 102, NULL, 'CC', NULL, 2, 67, '', NULL, 14, NULL, NULL),
(67875, 'Laura Yulieth Hernandez Paez', '', NULL, '3213577721', 102, NULL, 'CC', NULL, 1, 67, '', NULL, 14, NULL, NULL),
(67876, 'Hercelia  Delgado Espejo', '', NULL, '3108584655', 102, NULL, 'CC', NULL, 1, 67, '', NULL, 14, NULL, NULL),
(67877, 'Karla Daniela Buitrago Delgado', '', NULL, '3103072717', 102, NULL, 'CC', NULL, 1, 67, '', NULL, 14, NULL, NULL),
(67878, 'Leidy Bibiana Delgado Espejo', '', NULL, '3222100706', 102, NULL, 'CC', NULL, 1, 67, '', NULL, 14, NULL, NULL),
(67879, 'Yeicol Julian Delgado Espejo', '', NULL, '3123427318', 102, NULL, 'CC', NULL, 2, 67, '', NULL, 14, NULL, NULL),
(67880, 'Gloria Marina Delgado Espejo', '', NULL, '3118634770', 102, NULL, 'CC', NULL, 1, 67, '', NULL, 14, NULL, NULL),
(67881, 'Yeison Leandro Lagos Delgado', '', NULL, '3118634770', 102, NULL, 'CC', NULL, 2, 67, '', NULL, 14, NULL, NULL),
(67882, 'Antonio  Lagos Aranda', '', NULL, '3107852434', 103, NULL, 'CC', NULL, 2, 67, '', NULL, 14, NULL, NULL),
(67883, 'Martha Cecilia Delgado Espejo', '', NULL, '3215727790', 102, NULL, 'CC', NULL, 1, 67, '', NULL, 14, NULL, NULL),
(67884, 'Angelo  Garcia Delgado', '', NULL, '3118956503', 102, NULL, 'CC', NULL, 2, 67, '', NULL, 14, NULL, NULL),
(67885, 'Dilan  Garcia Delgado', '', NULL, '3215727790', 102, NULL, 'CC', NULL, 2, 67, '', NULL, 14, NULL, NULL),
(67886, 'Rosember  Delgado Espejo', '', NULL, '3118228854', 102, NULL, 'CC', NULL, 2, 67, '', NULL, 14, NULL, NULL),
(67887, 'Luz Heidy Meza Taicus', '', NULL, '3209334517', 86, NULL, 'CC', NULL, 1, 1, '', NULL, 14, NULL, NULL),
(67888, 'Sorley  Delgado Espejo', '', NULL, '3144367017', 102, NULL, 'CC', NULL, 1, 67, '', NULL, 14, NULL, NULL),
(67889, 'Danna Melisa Delgado Espejo', '', NULL, '3202921530', 102, NULL, 'CC', NULL, 1, 67, '', NULL, 14, NULL, NULL),
(67890, 'Luis Neider Galindo Moreno', '', NULL, '3132818284', 102, NULL, 'CC', NULL, 2, 67, '', NULL, 14, NULL, NULL),
(67891, 'Luz Delgado', '', NULL, '3214959842', 102, NULL, 'CC', NULL, 1, 67, '', NULL, 14, NULL, NULL),
(67892, 'Yirley Caterine Galindo Delgado', '', NULL, '3208041336', 102, NULL, 'CC', NULL, 1, 67, '', NULL, 14, NULL, NULL),
(67893, 'Paola Sulay Cortes Delgado', '', NULL, '3209740939', 102, NULL, 'CC', NULL, 2, 67, '', NULL, 14, NULL, NULL),
(67894, 'Yendy Yised Pinto Cortes', '', NULL, '3118663332', 102, NULL, 'CC', NULL, 1, 67, '', NULL, 14, NULL, NULL),
(67895, 'Dora Alicia Delgado Espejo', '', NULL, '3177624454', 102, NULL, 'CC', NULL, 1, 67, '', NULL, 14, NULL, NULL),
(67896, 'Wilmar Giovany Herrera', '', NULL, '3144461649', 102, NULL, 'CC', NULL, 2, 67, '', NULL, 14, NULL, NULL),
(67897, 'Carlos Augusto Montero Sanchez', '', NULL, '3137786407', 109, NULL, 'CC', NULL, 2, 67, '', NULL, 14, NULL, NULL),
(67898, 'Nadia Chaveleyn Ortiz Florian', '', NULL, '3212004953', 109, NULL, 'CC', NULL, 1, 67, '', NULL, 14, NULL, NULL),
(67899, 'Luz Dary Sanchez Triana', '', NULL, '3202654339', 71, NULL, 'CC', NULL, 1, 67, '', NULL, 14, NULL, NULL),
(67900, 'Oscar Molano', '', NULL, '3192627275', 99, NULL, 'CC', NULL, 2, 67, '', NULL, 14, NULL, NULL),
(67901, 'Isay', '', NULL, '3223042733', 99, NULL, 'CC', NULL, 2, 67, '', NULL, 14, NULL, NULL),
(67902, 'Jose Leovigildo Cruz Norato', '', NULL, '3108036811', 99, NULL, 'CC', NULL, 2, 67, '', NULL, 14, NULL, NULL),
(67903, 'Marcia Givelly Prada Pineda', '', NULL, '3112440185', 71, NULL, 'CC', NULL, 1, 67, '', NULL, 14, NULL, NULL),
(67904, 'David  Diaz Candela', '', NULL, '3123512464', 71, NULL, 'CC', NULL, 2, 67, '', NULL, 14, NULL, NULL),
(67905, 'Gloria Elsy Candela', '', NULL, '3112828039', 71, NULL, 'CC', NULL, 1, 67, '', NULL, 14, NULL, NULL),
(67906, 'Leandro  Jimenez Cortes', '', NULL, '3133797308', 71, NULL, 'CC', NULL, 2, 67, '', NULL, 14, NULL, NULL),
(67907, 'Ana Victoria Cortes Rodriguez', '', NULL, '3128356328', 71, NULL, 'CC', NULL, 1, 67, '', NULL, 14, NULL, NULL),
(67908, 'Paola Andrea Jimenes Cortes', '', NULL, '3213113009', 71, NULL, 'CC', NULL, 1, 67, '', NULL, 14, NULL, NULL),
(67909, 'Leidy Fernanda Herrera', '', NULL, '3215659701', 58, NULL, 'CC', NULL, 1, 1, '', NULL, 14, NULL, NULL),
(67910, 'Efren  Vasco', '', NULL, '3112583211', 58, NULL, 'CC', NULL, 2, 1, '', NULL, 14, NULL, NULL),
(67911, 'Maria Herrera', '', NULL, '3138573303', 109, NULL, 'CC', NULL, 1, 67, '', NULL, 14, NULL, NULL),
(67912, 'Leonardo Abello Herrera', '', NULL, '3206724424', 109, NULL, 'CC', NULL, 2, 67, '', NULL, 14, NULL, NULL),
(67913, 'Lucero Herrera', '', NULL, '3142275644', 109, NULL, 'CC', NULL, 1, 67, '', NULL, 14, NULL, NULL),
(67914, 'Librada Hererra', '', NULL, '3142237101', 109, NULL, 'CC', NULL, 1, 67, '', NULL, 14, NULL, NULL),
(67915, 'Jhonatan Arevalo', '', NULL, '3124597594', 109, NULL, 'CC', NULL, 2, 67, '', NULL, 14, NULL, NULL),
(67916, 'Johana Arevalo', '', NULL, '3142237109', 109, NULL, 'CC', NULL, 1, 67, '', NULL, 14, NULL, NULL),
(67917, 'Wilson Ortiz', '', NULL, '3214327036', 109, NULL, 'CC', NULL, 2, 67, '', NULL, 14, NULL, NULL),
(67918, 'Jorgue Zanabria', '', NULL, '3142283123', 109, NULL, 'CC', NULL, 2, 67, '', NULL, 14, NULL, NULL),
(67919, 'Edilma Peralta', '', NULL, '3114787976', 109, NULL, 'CC', NULL, 1, 67, '', NULL, 14, NULL, NULL),
(67920, 'Fredy Alberto Ordoñez Cristancho', '', NULL, '3125811564', 106, NULL, 'CC', NULL, 2, 1, '', NULL, 14, NULL, NULL),
(67921, 'Osiris Sanchez Diaz', '', NULL, '3143673328', 106, NULL, 'CC', NULL, 1, 1, '', NULL, 14, NULL, NULL),
(67922, 'Alix Marina Diaz Rivera', '', NULL, '3204162740', 106, NULL, 'CC', NULL, 1, 1, '', NULL, 14, NULL, NULL),
(67923, 'Jairo Peña Yepez', '', NULL, '3118514885', 102, NULL, 'CC', NULL, 2, 67, '', NULL, 14, NULL, NULL),
(67924, 'Oscar Barreto', '', NULL, '3138081441', 109, NULL, 'CC', NULL, 2, 67, '', NULL, 14, NULL, NULL),
(67925, 'Julio Jose Laiton Peña', '', NULL, '3227729917', 98, NULL, 'CC', NULL, 2, 67, '', NULL, 14, NULL, NULL);
INSERT INTO "ShipmentOrders" ("Id", "FirstName", "LastName", "Email", "Phone", "HouseId", "BirthDate", "DocumentType", "DocumentId", "SexId", "ServicesId", "Sidewalk", "Need", "ModifyUserId", "EconomicActivity", "ServiceActivityId") VALUES
(67926, 'Jose Gildardo Escarraga Saavedra', '', NULL, '3132486061', 71, NULL, 'CC', NULL, 2, 67, '', NULL, 14, NULL, NULL),
(67927, 'Neylan Yasmin Rojas Cifuentes', '', NULL, '3107860646', 106, NULL, 'CC', NULL, 1, 1, '', NULL, 14, NULL, NULL),
(67928, 'Joselin  Santana Cordoba', '', NULL, '3107860646', 106, NULL, 'CC', NULL, 2, 1, '', NULL, 14, NULL, NULL),
(67929, 'Aliet Zamira Santana Rojas', '', NULL, '3212634512', 106, NULL, 'CC', NULL, 1, 1, '', NULL, 14, NULL, NULL),
(67930, 'Joel Mauricio Santana Rojas', '', NULL, '3107860646', 102, NULL, 'CC', NULL, 2, 67, '', NULL, 14, NULL, NULL),
(67931, 'Anderson Stiven Velasquez Montenegro', '', NULL, '3202942611', 99, NULL, 'CC', NULL, 2, 67, '', NULL, 14, NULL, NULL),
(67932, 'Fany Guerrero', '', NULL, '3105551103', 59, NULL, 'CC', NULL, 1, 1, '', NULL, 14, NULL, NULL),
(67933, 'Liseth  Sanabria Aguilar', '', NULL, '3143108197', 71, NULL, 'CC', NULL, 1, 67, '', NULL, 14, NULL, NULL),
(67934, 'Salomon  Martinez Avila', '', NULL, '3208637873', 81, NULL, 'CC', NULL, 2, 1, '', NULL, 14, NULL, NULL),
(67935, 'Ludi Amanda Gualteros Estupiñan', '', NULL, '3115020499', 102, NULL, 'CC', NULL, 1, 67, '', NULL, 14, NULL, NULL),
(67936, 'Jeinmy Karina Aguilar Moreno', '', NULL, '3213307804', 71, NULL, 'CC', NULL, 1, 67, '', NULL, 14, NULL, NULL),
(67937, 'Eimy Yurley Benitez Avila', '', NULL, '3146410393', 103, NULL, 'CC', NULL, 1, 67, '', NULL, 14, NULL, NULL),
(67938, 'Maria Alcira Saavedra Ruiz', '', NULL, '3202403817', 71, NULL, 'CC', NULL, 1, 67, '', NULL, 14, NULL, NULL),
(67939, 'Jenny Alejandra Garcia Coca', '', NULL, '3144437640', 102, NULL, 'CC', NULL, 1, 67, '', NULL, 14, NULL, NULL),
(67940, 'Devison  Velasquez Feo', '', NULL, '3203232612', 102, NULL, 'CC', NULL, 2, 67, '', NULL, 14, NULL, NULL),
(67941, 'Maria Judith Velasquez Feo', '', NULL, '3144600189', 102, NULL, 'CC', NULL, 1, 67, '', NULL, 14, NULL, NULL),
(67942, 'Helbert Alfonso Buitrago Martin', '', NULL, '3114515507', 103, NULL, 'CC', NULL, 2, 67, '', NULL, 14, NULL, NULL),
(67943, 'Yadira Marisol Martin Martinez', '', NULL, '3114998227', 103, NULL, 'CC', NULL, 1, 67, '', NULL, 14, NULL, NULL),
(67944, 'Ruben Alirio Nuñez Mateus', '', NULL, '3223979715', 103, NULL, 'CC', NULL, 2, 67, '', NULL, 14, NULL, NULL),
(67945, 'Anatolio  Saavedra Saavedra', '', NULL, '3212002708', 102, NULL, 'CC', NULL, 2, 67, '', NULL, 14, NULL, NULL),
(67946, 'Joan Andrey Cancelado Cifuentes', '', NULL, '3132165795', 102, NULL, 'CC', NULL, 2, 67, '', NULL, 14, NULL, NULL),
(67947, 'Rosenberg  Ramirez Ortiz', '', NULL, '3102638473', 71, NULL, 'CC', NULL, 2, 67, '', NULL, 14, NULL, NULL),
(67948, 'Luz Dari Fandiño Valenzuela', '', NULL, '3102638473', 71, NULL, 'CC', NULL, 1, 67, '', NULL, 14, NULL, NULL),
(67949, 'Shirly Vanesa Ramirez Fandiño', '', NULL, '3102638473', 71, NULL, 'CC', NULL, 1, 67, '', NULL, 14, NULL, NULL),
(67950, 'Yirley Camila Ramirez Fandiño', '', NULL, '3115262634', 100, NULL, 'CC', NULL, 1, 67, '', NULL, 14, NULL, NULL),
(67951, 'Jefferson Andres Beltran Vega', '', NULL, '3138261340', 71, NULL, 'CC', NULL, 2, 67, '', NULL, 14, NULL, NULL),
(67952, 'Anyi Lorena Paez Murcia', '', NULL, '3123204232', 100, NULL, 'CC', NULL, 1, 67, '', NULL, 14, NULL, NULL),
(67953, 'Cristian David Rojas Cancelada', '', NULL, '3112902880', 102, NULL, 'CC', NULL, 2, 67, '', NULL, 14, NULL, NULL),
(67954, 'Maria Isabel Cancelado Puertas', '', NULL, '3208250054', 102, NULL, 'CC', NULL, 1, 67, '', NULL, 14, NULL, NULL),
(67955, 'Julio  Rojas Rodriguez', '', NULL, '3208250054', 102, NULL, 'CC', NULL, 2, 67, '', NULL, 14, NULL, NULL),
(67956, 'Cindy Lisdey Perez Quevedo', '', NULL, '3144253443', 102, NULL, 'CC', NULL, 1, 67, '', NULL, 14, NULL, NULL),
(67957, 'Margie Izabella Fierro Perez', '', NULL, '3144253443', 102, NULL, 'CC', NULL, 1, 67, '', NULL, 14, NULL, NULL),
(67958, 'Mixy Yulieth Perez Quevedo', '', NULL, '3214593022', 102, NULL, 'CC', NULL, 1, 67, '', NULL, 14, NULL, NULL),
(67959, 'Tifany Valentina Cuenca Perez', '', NULL, '3204824548', 102, NULL, 'CC', NULL, 1, 67, '', NULL, 14, NULL, NULL),
(67960, 'Marilyn Estefan Perez Quevedo', '', NULL, '3142444582', 102, NULL, 'CC', NULL, 1, 67, '', NULL, 14, NULL, NULL),
(67961, 'Luz Miryam Quevedo Velasquez', '', NULL, '3142962829', 102, NULL, 'CC', NULL, 1, 67, '', NULL, 14, NULL, NULL),
(67962, 'Oscar Leonardo Puentes Aguilar', '', NULL, '3226018446', 109, NULL, 'CC', NULL, 2, 67, '', NULL, 14, NULL, NULL),
(67963, 'Cecilia  Puentes Anzola', '', NULL, '3133879748', 71, NULL, 'CC', NULL, 1, 67, '', NULL, 14, NULL, NULL),
(67964, 'Eleuterio  Puentes Anzola', '', NULL, '3113669199', 109, NULL, 'CC', NULL, 2, 67, '', NULL, 14, NULL, NULL),
(67965, 'Yulder Julian Moreno Leon', '', NULL, '3202219847', 71, NULL, 'CC', NULL, 2, 67, '', NULL, 14, NULL, NULL),
(67966, 'Luz Amparo Rojas Florez', '', NULL, '3146740928', 102, NULL, 'CC', NULL, 1, 67, '', NULL, 14, NULL, NULL),
(67967, 'Marisol  Alvarez', '', NULL, '3223614174', 98, NULL, 'CC', NULL, 1, 67, '', NULL, 14, NULL, NULL),
(67968, 'Katerin Yulieth Cepeda Alvarez', '', NULL, '3204877514', 98, NULL, 'CC', NULL, 1, 67, '', NULL, 14, NULL, NULL),
(67969, 'Salomon  Diaz Gutierrez', '', NULL, '3192125705', 103, NULL, 'CC', NULL, 2, 67, '', NULL, 14, NULL, NULL),
(67970, 'Mayerly  Damian Fajardo', '', NULL, '3192125705', 103, NULL, 'CC', NULL, 2, 67, '', NULL, 14, NULL, NULL),
(67971, 'Carol Natalia Diaz Damian', '', NULL, '3105696279', 63, NULL, 'CC', NULL, 1, 1, '', NULL, 14, NULL, NULL),
(67972, 'Samuel  Diaz Gutierrez', '', NULL, '3125202235', 71, NULL, 'CC', NULL, 2, 1, '', NULL, 14, NULL, NULL),
(67973, 'Maria Orfilia Velasquez Moreno', '', NULL, '3112298026', 106, NULL, 'CC', NULL, 1, 1, '', NULL, 14, NULL, NULL),
(67974, 'Jesus Alfredo Garcia Vargas', '', NULL, '3112298026', 106, NULL, 'CC', NULL, 2, 1, '', NULL, 14, NULL, NULL),
(67975, 'Diego Enrique Garcia Velasquez', '', NULL, '3112298026', 106, NULL, 'CC', NULL, 2, 1, '', NULL, 14, NULL, NULL),
(67976, 'Emma Carolina Garcia Velasquez', '', NULL, '3133964177', 106, NULL, 'CC', NULL, 1, 1, '', NULL, 14, NULL, NULL),
(67977, 'Joan Santiago Garcia Velasquez', '', NULL, '3004639399', 106, NULL, 'CC', NULL, 2, 1, '', NULL, 14, NULL, NULL),
(67978, 'Hermilda  Moreno Bustos', '', NULL, '3142561813', 106, NULL, 'CC', NULL, 1, 1, '', NULL, 14, NULL, NULL),
(67979, 'Jesus Antonio Velasquez Feo', '', NULL, '3143358912', 75, NULL, 'CC', NULL, 2, 1, '', NULL, 14, NULL, NULL),
(67980, 'Ronaldo  Velasquez Lopez', '', NULL, '3102218005', 102, NULL, 'CC', NULL, 2, 67, '', NULL, 14, NULL, NULL),
(67981, 'Diana Carolina Perez Hernandez', '', NULL, '3102218005', 102, NULL, 'CC', NULL, 1, 67, '', NULL, 14, NULL, NULL),
(67982, 'Anyi Yesenia Velasquez Lopez', '', NULL, '3123586388', 102, NULL, 'CC', NULL, 1, 67, '', NULL, 14, NULL, NULL),
(67983, 'Luis Alberto Velez Lozada', '', NULL, '3229485540', 102, NULL, 'CC', NULL, 2, 67, '', NULL, 14, NULL, NULL),
(67984, 'Jose Angel Paez Gamboa', '', NULL, '3202584319', 75, NULL, 'CC', NULL, 2, 1, '', NULL, 14, NULL, NULL),
(67985, 'Deissy Esperanza Acero Ramirez', '', NULL, '3202584319', 75, NULL, 'CC', NULL, 1, 1, '', NULL, 14, NULL, NULL),
(67986, 'Maria Isabel Garcia Vargas', '', NULL, '3212525456', 100, NULL, 'CC', NULL, 1, 67, '', NULL, 14, NULL, NULL),
(67987, 'Jonathan Smith Poveda', '', NULL, '3132503597', 71, NULL, 'CC', NULL, 2, 67, '', NULL, 14, NULL, NULL),
(67988, 'Maria Mayerly Nuñez Leon', '', NULL, '3223755352', 75, NULL, 'CC', NULL, 1, 1, '', NULL, 14, NULL, NULL),
(67989, 'Alex Alberto Salamanca Ramirez', '', NULL, '3223755352', 75, NULL, 'CC', NULL, 2, 1, '', NULL, 14, NULL, NULL),
(67990, 'Mabel Zulay Duarte Galindo', '', NULL, '3209571763', 103, NULL, 'CC', NULL, 1, 67, '', NULL, 14, NULL, NULL),
(67991, 'Carlos Daniel Moreno Duarte', '', NULL, '3125026173', 103, NULL, 'CC', NULL, 2, 67, '', NULL, 14, NULL, NULL),
(67992, 'Maria Olinda Velasco Ortiz', '', NULL, '3115141179', 71, NULL, 'CC', NULL, 1, 67, '', NULL, 14, NULL, NULL),
(67993, 'Eliem Lucelly Moreno', '', NULL, '3208565214', 71, NULL, 'CC', NULL, 1, 67, '', NULL, 14, NULL, NULL),
(67994, 'Luis Osvaldo Bautista Rodriguez', '', NULL, '3223809553', 100, NULL, 'CC', NULL, 2, 67, '', NULL, 14, NULL, NULL),
(67995, 'Maria Yamile Lancheros', '', NULL, '3108533601', 58, NULL, 'CC', NULL, 1, 1, '', NULL, 14, NULL, NULL),
(67996, 'Leidy Yineth Florian Garcia', '', NULL, '3138726490', 102, NULL, 'CC', NULL, 1, 67, '', NULL, 14, NULL, NULL),
(67997, 'Dixon Escarraga Mahecha', '', NULL, '3123189189', 102, NULL, 'CC', NULL, 2, 67, '', NULL, 14, NULL, NULL),
(67998, 'Cristina Maria Usma Mogollon', '', NULL, '3227592636', 103, NULL, 'CC', NULL, 1, 67, '', NULL, 14, NULL, NULL),
(67999, 'Jose Alfredo Lopez', '', NULL, '3204932887', 58, NULL, 'CC', NULL, 2, 1, '', NULL, 14, NULL, NULL),
(68000, 'Elkin Alzate', '', NULL, '3103183898', 109, NULL, 'CC', NULL, 2, 67, '', NULL, 14, NULL, NULL),
(68001, 'Carmen Elisa Mendoza', '', NULL, '3202864641', 71, NULL, 'CC', NULL, 1, 67, '', NULL, 14, NULL, NULL),
(68002, 'Luis Gerardo Pineda Gonzalez', '', NULL, '3209894196', 71, NULL, 'CC', NULL, 2, 67, '', NULL, 14, NULL, NULL),
(68003, 'Edwin Fernando Garcia Chacon', '', NULL, '3144253443', 102, NULL, 'CC', NULL, 2, 67, '', NULL, 14, NULL, NULL),
(68004, 'Ana Herlinda Galindo Ramirez', '', NULL, '3133941969', 71, NULL, 'CC', NULL, 1, 67, '', NULL, 14, NULL, NULL),
(68005, 'Kimberly  Navarrete Saavedra', '', NULL, '3208746690', 78, NULL, 'CC', NULL, 1, 1, '', NULL, 14, NULL, NULL),
(68006, 'Yulieth Paola Aguilar Pinzon', '', NULL, '3208114872', 98, NULL, 'CC', NULL, 1, 67, '', NULL, 14, NULL, NULL),
(68007, 'Paula Valeria Saavedra Ospina', '', NULL, '3112887294', 109, NULL, 'CC', NULL, 1, 67, '', NULL, 14, NULL, NULL),
(68008, 'Maria Alexandra Vargas Aguasia', '', NULL, '3208136609', 100, NULL, 'CC', NULL, 1, 67, '', NULL, 14, NULL, NULL),
(68009, 'Norbey Octavio Garavito Cancelado', '', NULL, '3144441514', 102, NULL, 'CC', NULL, 2, 67, '', NULL, 14, NULL, NULL),
(68010, 'Reinaldo  Florez', '', NULL, '3114492256', 102, NULL, 'CC', NULL, 2, 67, '', NULL, 14, NULL, NULL),
(68011, 'Kevin Joel Florez Alvarez', '', NULL, '3108519325', 102, NULL, 'CC', NULL, 2, 67, '', NULL, 14, NULL, NULL),
(68012, 'Anais Ludivia Alvarez', '', NULL, '3133080758', 102, NULL, 'CC', NULL, 1, 67, '', NULL, 14, NULL, NULL),
(68013, 'Raul Antonio Zarate Montero', '', NULL, '3105778809', 71, NULL, 'CC', NULL, 2, 67, '', NULL, 14, NULL, NULL),
(68014, 'Pedro  Galindo Espejo', '', NULL, '3132017506', 102, NULL, 'CC', NULL, 2, 67, '', NULL, 14, NULL, NULL),
(68015, 'Rafael Ricardo Buitrago Rodriguez', '', NULL, '3046693246', 102, NULL, 'CC', NULL, 2, 67, '', NULL, 14, NULL, NULL),
(68016, 'Yeirson Andres Gamero Martinez', '', NULL, '3142969263', 100, NULL, 'CC', NULL, 2, 67, '', NULL, 14, NULL, NULL),
(68017, 'Jose Orlando Ruiz Triana', '', NULL, '3203593747', 65, NULL, 'CC', NULL, 2, 1, '', NULL, 14, NULL, NULL),
(68018, 'Dora Emilce Cifuentes Real', '', NULL, '3124964277', 98, NULL, 'CC', NULL, 1, 67, '', NULL, 14, NULL, NULL),
(68019, 'Claudia Patricia Fandiño Rodriguez', '', NULL, '3108139020', 102, NULL, 'CC', NULL, 1, 67, '', NULL, 14, NULL, NULL),
(68020, 'Omar  Useche Cifuentes', '', NULL, '3108139020', 102, NULL, 'CC', NULL, 2, 67, '', NULL, 14, NULL, NULL),
(68021, 'Aide  Cifuentes Ocaño', '', NULL, '3102064493', 102, NULL, 'CC', NULL, 1, 67, '', NULL, 14, NULL, NULL),
(68022, 'Maryi Fernanda Valero Pinilla', '', NULL, '3204874441', 77, NULL, 'CC', NULL, 1, 1, '', NULL, 14, NULL, NULL),
(68023, 'Diego Ferney Cancelado', '', NULL, '3114939692', 107, NULL, 'CC', NULL, 2, 1, '', NULL, 14, NULL, NULL),
(68024, 'Nevardo  Ordoñez Marroquin', '', NULL, '3117625579', 60, NULL, 'CC', NULL, 2, 1, '', NULL, 14, NULL, NULL),
(68025, 'Maria Ines Ordoñez Ordoñez', '', NULL, '3117625579', 60, NULL, 'CC', NULL, 1, 1, '', NULL, 14, NULL, NULL),
(68026, 'Jose Eusebio Real', '', NULL, '3125238467', 61, NULL, 'CC', NULL, 2, 1, '', NULL, 14, NULL, NULL),
(68027, 'Orlando  Porras Maldonado', '', NULL, '3212067738', 109, NULL, 'CC', NULL, 2, 67, '', NULL, 14, NULL, NULL),
(68028, 'Edisson Orlando Porras Puentes', '', NULL, '3142633633', 71, NULL, 'CC', NULL, 2, 67, '', NULL, 14, NULL, NULL),
(68029, 'Anadelia  Puentes Anzola', '', NULL, '3212067738', 109, NULL, 'CC', NULL, 1, 67, '', NULL, 14, NULL, NULL),
(68030, 'Miler Leovigildo Carrillo Bautista', '', NULL, '3143798598', 98, NULL, 'CC', NULL, 2, 67, '', NULL, 14, NULL, NULL),
(68031, 'Nadia Angelica Mahecha Rayo', '', NULL, '3103409269', 103, NULL, 'CC', NULL, 1, 67, '', NULL, 14, NULL, NULL),
(68032, 'Omaira  Ahumada', '', NULL, '3125757492', 98, NULL, 'CC', NULL, 1, 67, '', NULL, 14, NULL, NULL),
(68033, 'Laura Jadith Gelves Jimenez', '', NULL, '3219984317', 109, NULL, 'CC', NULL, 1, 67, '', NULL, 14, NULL, NULL),
(68034, 'Leon Ramiro Marroquin Anzola', '', NULL, '3206379009', 109, NULL, 'CC', NULL, 2, 67, '', NULL, 14, NULL, NULL),
(68035, 'Milton Adrian Salinas Marroquin', '', NULL, '3219200197', 109, NULL, 'CC', NULL, 2, 67, '', NULL, 14, NULL, NULL),
(68036, 'Astrid Yurany Moreno Galindo', '', NULL, '3144682887', 71, NULL, 'CC', NULL, 1, 67, '', NULL, 14, NULL, NULL),
(68037, 'Miguel Alfonso Carrillo Saavedra', '', NULL, '3123895498', 71, NULL, 'CC', NULL, 2, 67, '', NULL, 14, NULL, NULL),
(68038, 'Yeimy Tatiana Espejo Hernandez', '', NULL, '3208049777', 102, NULL, 'CC', NULL, 1, 67, '', NULL, 14, NULL, NULL),
(68039, 'Sandra Patricia Muñoz Fernandez', '', NULL, '3202923769', 102, NULL, 'CC', NULL, 1, 67, '', NULL, 14, NULL, NULL),
(68040, 'Juan Carlos Roa', '', NULL, '3148045838', 102, NULL, 'CC', NULL, 2, 67, '', NULL, 14, NULL, NULL),
(68041, 'Alba Alicia Aguirre Rojas', '', NULL, '3104817978', 102, NULL, 'CC', NULL, 1, 67, '', NULL, 14, NULL, NULL),
(68042, 'Nestor German Salinas Marroquin', '', NULL, '3214907868', 109, NULL, 'CC', NULL, 2, 67, '', NULL, 14, NULL, NULL),
(68043, 'Dora Emilcen Rojas Cancelado', '', NULL, '3117090380', 86, NULL, 'CC', NULL, 1, 1, '', NULL, 14, NULL, NULL),
(68044, 'Harold Andres Moreno Rojas', '', NULL, '3132942319', 106, NULL, 'CC', NULL, 2, 1, '', NULL, 14, NULL, NULL),
(68045, 'Mairon Alejandro Zarate Beltran', '', NULL, '3212473618', 102, NULL, 'CC', NULL, 2, 67, '', NULL, 14, NULL, NULL),
(68046, 'Lina Hazbleydy Vargas Beltran', '', NULL, '3213922290', 102, NULL, 'CC', NULL, 1, 67, '', NULL, 14, NULL, NULL),
(68047, 'Elkin Stic Vargas Beltran', '', NULL, '3207395299', 102, NULL, 'CC', NULL, 2, 67, '', NULL, 14, NULL, NULL),
(68048, 'Yamile  Carrillo Palacio', '', NULL, '3144475957', 106, NULL, 'CC', NULL, 1, 1, '', NULL, 14, NULL, NULL),
(68049, 'Jose Vicente Pinilla Garavito', '', NULL, '3125610615', 62, NULL, 'CC', NULL, 2, 1, '', NULL, 14, NULL, NULL),
(68050, 'Johan Alexander Galindo Hernandez', '', NULL, '3118233201', 103, NULL, 'CC', NULL, 2, 67, '', NULL, 14, NULL, NULL),
(68051, 'Dairo Ocaño', '', NULL, '3215874123', 98, NULL, 'CC', NULL, 2, 67, '', NULL, 14, NULL, NULL),
(68052, 'Edith  Triana Salinas', '', NULL, '3142057936', 103, NULL, 'CC', NULL, 1, 67, '', NULL, 14, NULL, NULL),
(68053, 'Ana Marlen Rojas Cifuentes', '', NULL, '3204913465', 102, NULL, 'CC', NULL, 1, 67, '', NULL, 14, NULL, NULL),
(68054, 'Maribel  Sarmiento Cifuentes', '', NULL, '3138722198', 102, NULL, 'CC', NULL, 1, 67, '', NULL, 14, NULL, NULL),
(68055, 'Michel Dariana Medina Valencia', '', NULL, '3213187292', 98, NULL, 'CC', NULL, 1, 67, '', NULL, 14, NULL, NULL),
(68056, 'Jeimy Carolina Martin Martinez', '', NULL, '3123895498', 71, NULL, 'CC', NULL, 1, 67, '', NULL, 14, NULL, NULL),
(68057, 'Maria Cecilia Guerrero Pineda', '', NULL, '3209894196', 71, NULL, 'CC', NULL, 1, 67, '', NULL, 14, NULL, NULL),
(68058, 'Eresminda  Galindo', '', NULL, '3103162596', 71, NULL, 'CC', NULL, 1, 67, '', NULL, 14, NULL, NULL),
(68059, 'Ferney David Buitrago Martinez', '', NULL, '3213187292', 98, NULL, 'CC', NULL, 2, 67, '', NULL, 14, NULL, NULL),
(68060, 'Juan Pablo Torres Pinilla', '', NULL, '3212390392', 109, NULL, 'CC', NULL, 2, 67, '', NULL, 14, NULL, NULL),
(68061, 'Leonardo Alfredo Cifuentes Jimenez', '', NULL, '3208114872', 98, NULL, 'CC', NULL, 2, 67, '', NULL, 14, NULL, NULL),
(68062, 'Cristian Alexis Cifuentes Jimenez', '', NULL, '3133916420', 98, NULL, 'CC', NULL, 2, 67, '', NULL, 14, NULL, NULL),
(68063, 'Jose Dario Cifuentes Jimenez', '', NULL, '3175944664', 98, NULL, 'CC', NULL, 2, 67, '', NULL, 14, NULL, NULL),
(68064, 'Karol Melisa Quevedo Velasquez', '', NULL, '3214774824', 106, NULL, 'CC', NULL, 1, 1, '', NULL, 14, NULL, NULL),
(68065, 'Olga Rosmira Guevara Puentes', '', NULL, '3212552236', 71, NULL, 'CC', NULL, 1, 67, '', NULL, 14, NULL, NULL),
(68066, 'Sebastian  Ortiz Lopez', '', NULL, '3143551044', 102, NULL, 'CC', NULL, 2, 67, '', NULL, 14, NULL, NULL),
(68067, 'Tania Yurany Hernandez Vargas', '', NULL, '3214695558', 100, NULL, 'CC', NULL, 1, 67, '', NULL, 14, NULL, NULL),
(68068, 'Oscar Gonzalo Hernandez Ordoñez', '', NULL, '3217612078', 107, NULL, 'CC', NULL, 2, 1, '', NULL, 14, NULL, NULL),
(68069, 'Wilson Eduardo Cespedes Nieves', '', NULL, '3219965006', 106, NULL, 'CC', NULL, 2, 1, '', NULL, 14, NULL, NULL),
(68070, 'Yurly Yesenia Macias Delgado', '', NULL, '3103319636', 102, NULL, 'CC', NULL, 1, 67, '', NULL, 14, NULL, NULL),
(68071, 'Jose Jobany Anzola Ordoñez', '', NULL, '3174754189', 97, NULL, 'CC', NULL, 2, 1, '', NULL, 14, NULL, NULL),
(68072, 'Marleny  Ordoñez Saavedra', '', NULL, '3133748974', 108, NULL, 'CC', NULL, 1, 1, '', NULL, 14, NULL, NULL),
(68073, 'Jessika Viviana Benitez Vargas', '', NULL, '3214954732', 71, NULL, 'CC', NULL, 1, 67, '', NULL, 14, NULL, NULL),
(68074, 'Paola Andrea Galindo Espejo', '', NULL, '3227978373', 102, NULL, 'CC', NULL, 1, 67, '', NULL, 14, NULL, NULL),
(68075, 'Anayibe  Perez Espejo', '', NULL, '3102148903', 102, NULL, 'CC', NULL, 1, 67, '', NULL, 14, NULL, NULL),
(68076, 'Lina Yiceth Anzola Perez', '', NULL, '3214062067', 102, NULL, 'CC', NULL, 1, 67, '', NULL, 14, NULL, NULL),
(68077, 'Hermelinda Delgado Briceño', '', NULL, '3212289228', 70, NULL, 'CC', NULL, 1, 1, '', NULL, 14, NULL, NULL),
(68078, 'Yordin Alfonso Delgado Briceño', '', NULL, '3115824453', 70, NULL, 'CC', NULL, 2, 1, '', NULL, 14, NULL, NULL),
(68079, 'Fredy  Delgado Briceño', '', NULL, '3228667904', 70, NULL, 'CC', NULL, 2, 1, '', NULL, 14, NULL, NULL),
(68080, 'Brigit Estefany Rodriguez Delgado', '', NULL, '3115824453', 70, NULL, 'CC', NULL, 1, 1, '', NULL, 14, NULL, NULL),
(68081, 'Gabriel Angelico Delgado', '', NULL, '3115824453', 70, NULL, 'CC', NULL, 2, 1, '', NULL, 14, NULL, NULL),
(68082, 'Maribel  Delgado Briceño', '', NULL, '3226503864', 70, NULL, 'CC', NULL, 1, 1, '', NULL, 14, NULL, NULL),
(68083, 'Brayan Ayan Fajardo Delgado', '', NULL, '3118172604', 70, NULL, 'CC', NULL, 2, 1, '', NULL, 14, NULL, NULL),
(68084, 'Jose Alirio Delgado Briseño', '', NULL, '3132306550', 70, NULL, 'CC', NULL, 2, 1, '', NULL, 14, NULL, NULL),
(68085, 'Nestor  Delgado Briceño', '', NULL, '3143984786', 70, NULL, 'CC', NULL, 2, 1, '', NULL, 14, NULL, NULL),
(68086, 'Monica Eliana Buitrago Martinez', '', NULL, '3106845661', 71, NULL, 'CC', NULL, 1, 67, '', NULL, 14, NULL, NULL),
(68087, 'Boris Adrian Buitrago Martin', '', NULL, '3125684893', 98, NULL, 'CC', NULL, 2, 67, '', NULL, 14, NULL, NULL),
(68088, 'Holman Yesid Martinez Valero', '', NULL, '3134365152', 65, NULL, 'CC', NULL, 2, 1, '', NULL, 14, NULL, NULL),
(68089, 'Alba Isabel Beltran', '', NULL, '3204453259', 102, NULL, 'CC', NULL, 1, 67, '', NULL, 14, NULL, NULL),
(68090, 'Juan Carlos Arias Martinez', '', NULL, '3123758756', 102, NULL, 'CC', NULL, 2, 67, '', NULL, 14, NULL, NULL),
(68091, 'Airon Yesid Galindo Bernal', '', NULL, '3133624421', 102, NULL, 'CC', NULL, 2, 67, '', NULL, 14, NULL, NULL),
(68092, 'Loren Michael Velasco Coronado', '', NULL, '3214820577', 102, NULL, 'CC', NULL, 1, 67, '', NULL, 14, NULL, NULL),
(68093, 'Maria Cristina Coronado Ospina', '', NULL, '3214820577', 102, NULL, 'CC', NULL, 1, 67, '', NULL, 14, NULL, NULL),
(68094, 'Deisy Paola Rodriguez Murcia', '', NULL, '3105287412', 108, NULL, 'CC', NULL, 1, 1, '', NULL, 14, NULL, NULL),
(68095, 'Yerson Ariel Anzola Lopez', '', NULL, '3214470116', 98, NULL, 'CC', NULL, 2, 67, '', NULL, 14, NULL, NULL),
(68096, 'Yeimi  Anzola Lopez', '', NULL, '3228927020', 98, NULL, 'CC', NULL, 1, 67, '', NULL, 14, NULL, NULL),
(68097, 'Francy Yulieth Anzola Lopez', '', NULL, '3224272384', 98, NULL, 'CC', NULL, 1, 67, '', NULL, 14, NULL, NULL),
(68098, 'Winder Ordoñez Ordoñez', '', NULL, '3148778892', 60, NULL, 'CC', NULL, 2, 1, '', NULL, 14, NULL, NULL),
(68099, 'Temilda  Cortes Caro', '', NULL, '3113861554', 65, NULL, 'CC', NULL, 1, 1, '', NULL, 14, NULL, NULL),
(68100, 'Pablo Cesar Martin Sanchez', '', NULL, '3132525830', 102, NULL, 'CC', NULL, 2, 67, '', NULL, 14, NULL, NULL),
(68101, 'Luis Adan Mendieta Nuñez', '', NULL, '3104815423', 98, NULL, 'CC', NULL, 2, 67, '', NULL, 14, NULL, NULL),
(68102, 'Juan Martin Ulloa Ordoñez', '', NULL, '3142524521', 102, NULL, 'CC', NULL, 2, 67, '', NULL, 14, NULL, NULL),
(68103, 'Milena Constanza Villalba Moreno', '', NULL, '3115933816', 106, NULL, 'CC', NULL, 1, 1, '', NULL, 14, NULL, NULL),
(68104, 'Rosa Helena Jimenez Galindo', '', NULL, '3114561610', 71, NULL, 'CC', NULL, 1, 67, '', NULL, 14, NULL, NULL),
(68105, 'Luz Marina Ahumada Lopez', '', NULL, '3134421672', 98, NULL, 'CC', NULL, 1, 67, '', NULL, 14, NULL, NULL),
(68106, 'Claudia Patricia Garcia Escarraga', '', NULL, '3112695943', 71, NULL, 'CC', NULL, 1, 67, '', NULL, 14, NULL, NULL),
(68107, 'Doli Yojana Rodriguez Anzola', '', NULL, '3103052607', 109, NULL, 'CC', NULL, 1, 67, '', NULL, 14, NULL, NULL),
(68108, 'Alejandro  Martinez Avila', '', NULL, '3209385007', 100, NULL, 'CC', NULL, 2, 67, '', NULL, 14, NULL, NULL),
(68109, 'Dora Lice Rojas Moreno', '', NULL, '3106982778', 102, NULL, 'CC', NULL, 1, 67, '', NULL, 14, NULL, NULL),
(68110, 'Salvador  Leon Florian', '', NULL, '3144358480', 98, NULL, 'CC', NULL, 2, 67, '', NULL, 14, NULL, NULL),
(68111, 'Delsy Ofir Ballen Marroquin', '', NULL, '3118612112', 98, NULL, 'CC', NULL, 1, 67, '', NULL, 14, NULL, NULL),
(68112, 'Disnory  Ballen Marroquin', '', NULL, '3103277450', 98, NULL, 'CC', NULL, 1, 67, '', NULL, 14, NULL, NULL),
(68113, 'Jesus Antonio Real Murcia', '', NULL, '3118896184', 91, NULL, 'CC', NULL, 2, 1, '', NULL, 14, NULL, NULL),
(68114, 'Jose Dejesus Peña Murcia', '', NULL, '3143900519', 100, NULL, 'CC', NULL, 2, 67, '', NULL, 14, NULL, NULL),
(68115, 'Maria Irene Guerrero', '', NULL, '3124095440', 102, NULL, 'CC', NULL, 1, 67, '', NULL, 14, NULL, NULL),
(68116, 'Wilder  Ortiz Mahecha', '', NULL, '3143991329', 109, NULL, 'CC', NULL, 2, 67, '', NULL, 14, NULL, NULL),
(68117, 'Flor Angela Lopez Rincon', '', NULL, '3125873429', 102, NULL, 'CC', NULL, 1, 67, '', NULL, 14, NULL, NULL),
(68118, 'Gina Paola Navarrete Zamudio', '', NULL, '3103084715', 78, NULL, 'CC', NULL, 1, 1, '', NULL, 14, NULL, NULL),
(68119, 'Amalia  Mahecha Tarazona', '', NULL, '3208749154', 71, NULL, 'CC', NULL, 1, 1, '', NULL, 14, NULL, NULL),
(68120, 'Maykel  Murcia Espejo', '', NULL, '3212380734', 64, NULL, 'CC', NULL, 2, 1, '', NULL, 14, NULL, NULL),
(68121, 'Custodia Ordoñez Anzola', '', NULL, '3223074076', 108, NULL, 'CC', NULL, 1, 1, '', NULL, 14, NULL, NULL),
(68122, 'Maria Rocio Cancelado Varela', '', NULL, '3106954101', 105, NULL, 'CC', NULL, 1, 1, '', NULL, 14, NULL, NULL),
(68123, 'Sebastian Leonardo Sanchez Moreno', '', NULL, '3123567218', 109, NULL, 'CC', NULL, 2, 67, '', NULL, 14, NULL, NULL),
(68124, 'Maria Ladidurben Saavedra Ruiz', '', NULL, '3124265088', 107, NULL, 'CC', NULL, 1, 1, '', NULL, 14, NULL, NULL),
(68125, 'Iveith Daniela Saavedra Ruiz', '', NULL, '3124265088', 107, NULL, 'CC', NULL, 1, 1, '', NULL, 14, NULL, NULL),
(68126, 'Greiss Alejandra Rojas Cancelado', '', NULL, '3138649426', 102, NULL, 'CC', NULL, 1, 67, '', NULL, 14, NULL, NULL),
(68127, 'Carlos  Moscoso Bernal', '', NULL, '3202781575', 102, NULL, 'CC', NULL, 2, 67, '', NULL, 14, NULL, NULL),
(68128, 'Maria Delrosario Tejedor Guerrero', '', NULL, '3202781575', 102, NULL, 'CC', NULL, 1, 67, '', NULL, 14, NULL, NULL),
(68129, 'Edwin David Pinzon Peña', '', NULL, '3204860287', 71, NULL, 'CC', NULL, 2, 1, '', NULL, 14, NULL, NULL),
(68131, 'Hector Julio Avila Ruiz', '', NULL, '3227634353', 102, NULL, 'CC', NULL, 2, 67, '', NULL, 14, NULL, NULL),
(68132, 'Griselda  Lopez Saavedra', '', NULL, '3115448669', 61, NULL, 'CC', NULL, 1, 1, '', NULL, 14, NULL, NULL),
(68133, 'Jaime  Anzola Tejedor', '', NULL, '3115448669', 61, NULL, 'CC', NULL, 2, 1, '', NULL, 14, NULL, NULL),
(68134, 'Carlos Hernan Montaño Rubiano', '', NULL, '3132388818', 61, NULL, 'CC', NULL, 2, 1, '', NULL, 14, NULL, NULL),
(68135, 'Andrea Katalina Aguilar Buitrago', '', NULL, '3143323653', 71, NULL, 'CC', NULL, 1, 67, '', NULL, 14, NULL, NULL),
(68136, 'Edixon Camilo Gonzalez Nieto', '', NULL, '3115117152', 109, NULL, 'CC', NULL, 2, 67, '', NULL, 14, NULL, NULL),
(68137, 'Kenyi Yuliana Gonzalez Nieto', '', NULL, '3115117152', 109, NULL, 'CC', NULL, 1, 67, '', NULL, 14, NULL, NULL),
(68138, 'Cesar Augusto Espinosa Marroquin', '', NULL, '3133257015', 71, NULL, 'CC', NULL, 2, 67, '', NULL, 14, NULL, NULL),
(68139, 'Nora Enelcy Pinto Forero', '', NULL, '3133257015', 71, NULL, 'CC', NULL, 1, 67, '', NULL, 14, NULL, NULL),
(68140, 'Pedro Luis Perez Orjuela', '', NULL, '3226026182', 98, NULL, 'CC', NULL, 2, 67, '', NULL, 14, NULL, NULL),
(68141, 'Jaime Humberto Lancheros Cañon', '', NULL, '3142331245', 102, NULL, 'CC', NULL, 2, 67, '', NULL, 14, NULL, NULL),
(68142, 'Jorge Enrique Tejedor Guerrero', '', NULL, '3136201213', 94, NULL, 'CC', NULL, 2, 1, '', NULL, 14, NULL, NULL),
(68143, 'Edgar Padilla', '', NULL, '3138772569', 98, NULL, 'CC', NULL, 2, 67, '', NULL, 14, NULL, NULL),
(68144, 'Jhon Martinez', '', NULL, '3203544364', 106, NULL, 'CC', NULL, 2, 1, '', NULL, 14, NULL, NULL),
(68145, 'Rodolfo Arevalo Rozo', '', NULL, '3114993150', 103, NULL, 'CC', NULL, 2, 67, '', NULL, 14, NULL, NULL),
(68146, 'Alberto Alirio Bernal Galindo', '', NULL, '3214105860', 102, NULL, 'CC', NULL, 2, 67, '', NULL, 14, NULL, NULL),
(68147, 'Dayro  Saavedra Rayo (martillo)', '', NULL, '3143857116', 85, NULL, 'CC', NULL, 2, 1, '', NULL, 14, NULL, NULL),
(68148, 'Pedro Anderson Pinilla Cortes', '', NULL, '3115377707', 80, NULL, 'CC', NULL, 2, 1, '', NULL, 14, NULL, NULL),
(68149, 'German  Alvarez (gema)', '', NULL, '3118114270', 65, NULL, 'CC', NULL, 2, 1, '', NULL, 14, NULL, NULL),
(68150, 'Pedro Gonzalez', '', NULL, '3143146227', 102, NULL, 'CC', NULL, 2, 67, '', NULL, 14, NULL, NULL),
(68151, 'Edgar Benitez', '', NULL, '3103139055', 68, NULL, 'CC', NULL, 2, 1, '', NULL, 14, NULL, NULL),
(68152, 'Ferney Camacho Rodriguez', '', NULL, '3213212753', 109, NULL, 'CC', NULL, 2, 67, '', NULL, 14, NULL, NULL),
(68153, 'Segundo Mardoqueo Mendieta', '', NULL, '3144883857', 70, NULL, 'CC', NULL, 2, 1, '', NULL, 14, NULL, NULL),
(68154, 'Oscar Anzola', '', NULL, '3222326430', 94, NULL, 'CC', NULL, 2, 1, '', NULL, 14, NULL, NULL),
(68155, 'Hector Arnulfo Molano Mahecha (chafio)', '', NULL, '3203801532', 77, NULL, 'CC', NULL, 2, 1, '', NULL, 14, NULL, NULL),
(68156, 'Odbal Gildardo Sanchez Orjuela (judio)', '', NULL, '3142442740', 59, NULL, 'CC', NULL, 2, 1, '', NULL, 14, NULL, NULL),
(68157, 'Ever Daniel Vargas Rodriguez', '', NULL, '3133198469', 109, NULL, 'CC', NULL, 2, 67, '', NULL, 14, NULL, NULL),
(68158, 'Rudy Edilsa Pineda Saavedra', '', NULL, '3132125022', 71, NULL, 'CC', NULL, 1, 67, '', NULL, 14, NULL, NULL),
(68159, 'Mary Luz Camacho Rodriguez', '', NULL, '3213794615', 70, NULL, 'CC', NULL, 1, 1, '', NULL, 14, NULL, NULL),
(68160, 'Nelly Cecilia Olivares', '', NULL, '3118004403', 108, NULL, 'CC', NULL, 1, 1, '', NULL, 14, NULL, NULL),
(68161, 'Alfonso  Saavedra Ruiz', '', NULL, '3125485216', 107, NULL, 'CC', NULL, 2, 1, '', NULL, 14, NULL, NULL),
(68162, 'Ana Hidover Espejo Anzola', '', NULL, '3124917102', 109, NULL, 'CC', NULL, 1, 67, '', NULL, 14, NULL, NULL),
(68163, 'Otoniel  Prada Fonseca', '', NULL, '3124605747', 71, NULL, 'CC', NULL, 2, 67, '', NULL, 14, NULL, NULL),
(68164, 'Lyndon Meyers Galindo Espejo', '', NULL, '3115983205', 71, NULL, 'CC', NULL, 2, 67, '', NULL, 14, NULL, NULL),
(68165, 'Jose Aristobulo Bohorquez Bernal', '', NULL, '3102065256', 102, NULL, 'CC', NULL, 2, 67, '', NULL, 14, NULL, NULL),
(68166, 'Victor Julio Soto Mariño', '', NULL, '3224322877', 102, NULL, 'CC', NULL, 2, 67, '', NULL, 14, NULL, NULL),
(68167, 'Luis Yair Galindo Bulla', '', NULL, '3203662457', 102, NULL, 'CC', NULL, 2, 67, '', NULL, 14, NULL, NULL),
(68168, 'Yohon Fredi Galindo Bulla', '', NULL, '3142743945', 102, NULL, 'CC', NULL, 2, 67, '', NULL, 14, NULL, NULL),
(68169, 'Jaime  Cañon Fraile', '', NULL, '3114993150', 103, NULL, 'CC', NULL, 2, 67, '', NULL, 14, NULL, NULL),
(68170, 'Isaac  Martinez Avila', '', NULL, '3223797045', 103, NULL, 'CC', NULL, 2, 67, '', NULL, 14, NULL, NULL),
(68171, 'Wilson Leonardo Padilla Forero', '', NULL, '3209333263', 102, NULL, 'CC', NULL, 2, 67, '', NULL, 14, NULL, NULL),
(68172, 'Jose Ali Bernal Bernal', '', NULL, '3115656644', 98, NULL, 'CC', NULL, 2, 67, '', NULL, 14, NULL, NULL),
(68173, 'Maria Audelina Bravo', '', NULL, '3212281520', 98, NULL, 'CC', NULL, 1, 67, '', NULL, 14, NULL, NULL),
(68174, 'Lizeth Daniela Ordoñez Triana', '', NULL, '3219678192', 60, NULL, 'CC', NULL, 1, 1, '', NULL, 14, NULL, NULL),
(68175, 'Vedi Carmenza Triana Leon', '', NULL, '3213336416', 60, NULL, 'CC', NULL, 1, 1, '', NULL, 14, NULL, NULL),
(68176, 'Consuelo  Anzola', '', NULL, '3203737474', 60, NULL, 'CC', NULL, 1, 1, '', NULL, 14, NULL, NULL),
(68177, 'Yudy Alejandra Ordoñez Triana', '', NULL, '3214792165', 60, NULL, 'CC', NULL, 1, 1, '', NULL, 14, NULL, NULL),
(68178, 'Blanca Zenaida Ordoñez Marroquin', '', NULL, '3102575169', 60, NULL, 'CC', NULL, 1, 1, '', NULL, 14, NULL, NULL),
(68179, 'Rito Hernan Ordoñez Marroquin', '', NULL, '3213336416', 60, NULL, 'CC', NULL, 2, 1, '', NULL, 14, NULL, NULL),
(68180, 'Jorge Alirio Forero Guerrero', '', NULL, '3203634408', 103, NULL, 'CC', NULL, 2, 67, '', NULL, 14, NULL, NULL),
(68181, 'Ana Celia Suarez Aguirre', '', NULL, '3144782922', 98, NULL, 'CC', NULL, 1, 67, '', NULL, 14, NULL, NULL),
(68182, 'Sandra Viviana Barragan Suarez', '', NULL, '3123412228', 99, NULL, 'CC', NULL, 1, 67, '', NULL, 14, NULL, NULL),
(68183, 'Leonel  Ordoñez Nieto', '', NULL, '3124039922', 102, NULL, 'CC', NULL, 2, 67, '', NULL, 14, NULL, NULL),
(68184, 'Nidia  Ordoñez Anzola', '', NULL, '3124039922', 102, NULL, 'CC', NULL, 1, 67, '', NULL, 14, NULL, NULL),
(68185, 'Angi Dayana Ordoñez Ordoñez', '', NULL, '3219428357', 102, NULL, 'CC', NULL, 1, 67, '', NULL, 14, NULL, NULL),
(68186, 'Elkin Alfonso Ordoñez Ordoñez', '', NULL, '3223888800', 102, NULL, 'CC', NULL, 2, 67, '', NULL, 14, NULL, NULL),
(68187, 'Sandra Patricia Duran Ramos', '', NULL, '3228721164', 106, NULL, 'CC', NULL, 1, 1, '', NULL, 14, NULL, NULL),
(68188, 'Facundo  Rojas Rodriguez', '', NULL, '3118654684', 102, NULL, 'CC', NULL, 2, 67, '', NULL, 14, NULL, NULL),
(68189, 'Dora Lilia Garcia Fajardo', '', NULL, '3118654684', 102, NULL, 'CC', NULL, 1, 67, '', NULL, 14, NULL, NULL),
(68190, 'Maria Azucena Ortiz Maldonado', '', NULL, '3124817830', 103, NULL, 'CC', NULL, 1, 67, '', NULL, 14, NULL, NULL),
(68191, 'Yeimy Alejandra Lopez Ortiz', '', NULL, '3202547907', 103, NULL, 'CC', NULL, 1, 67, '', NULL, 14, NULL, NULL),
(68192, 'Yurleth Fernanda Lopez Ortiz', '', NULL, '3202553131', 71, NULL, 'CC', NULL, 2, 67, '', NULL, 14, NULL, NULL),
(68193, 'Laura Vanessa Lopez Ortiz', '', NULL, '3124524808', 103, NULL, 'CC', NULL, 1, 67, '', NULL, 14, NULL, NULL),
(68194, 'Heidi Yohana Lopez Ortiz', '', NULL, '3124817830', 103, NULL, 'CC', NULL, 1, 67, '', NULL, 14, NULL, NULL),
(68195, 'Reyes  Lopez Obando', '', NULL, '3124817830', 103, NULL, 'CC', NULL, 2, 67, '', NULL, 14, NULL, NULL),
(68196, 'Maria Lourdes Norato Caro', '', NULL, '3114481454', 109, NULL, 'CC', NULL, 1, 67, '', NULL, 14, NULL, NULL),
(68197, 'Anselmo  Tejedor Espejo', '', NULL, '3204860211', 59, NULL, 'CC', NULL, 2, 1, '', NULL, 14, NULL, NULL),
(68198, 'Ana Cecilia Guerrero Galindo', '', NULL, '3213160836', 59, NULL, 'CC', NULL, 1, 1, '', NULL, 14, NULL, NULL),
(68199, 'Nestor Robinson Useche Guerrero', '', NULL, '3132662346', 59, NULL, 'CC', NULL, 2, 1, '', NULL, 14, NULL, NULL),
(68200, 'Luz Stella Anzola Guerrero', '', NULL, '3143510798', 59, NULL, 'CC', NULL, 1, 1, '', NULL, 14, NULL, NULL),
(68201, 'Luz Yamile Lancheros Rocha', '', NULL, '3212320267', 98, NULL, 'CC', NULL, 1, 67, '', NULL, 14, NULL, NULL),
(68202, 'Jairo Alfonso Pineda Saavedra', '', NULL, '3112494766', 71, NULL, 'CC', NULL, 2, 67, '', NULL, 14, NULL, NULL),
(68203, 'Leidy  Torres Gamboa', '', NULL, '3202468861', 108, NULL, 'CC', NULL, 1, 1, '', NULL, 14, NULL, NULL),
(68204, 'Nancy Milena Bustos Saavedra', '', NULL, '3144080029', 75, NULL, 'CC', NULL, 1, 1, '', NULL, 14, NULL, NULL),
(68205, 'Alix Johana Perez', '', NULL, '3208008046', 102, NULL, 'CC', NULL, 1, 67, '', NULL, 14, NULL, NULL),
(68206, 'Maria Fernanda Suarez Perez', '', NULL, '3208008046', 102, NULL, 'CC', NULL, 1, 67, '', NULL, 14, NULL, NULL),
(68207, 'Edwin Herrera', '', NULL, '3118164750', 102, NULL, 'CC', NULL, 2, 67, '', NULL, 14, NULL, NULL),
(68208, 'Lida Cristina Saavedra Alarcon', '', NULL, '3147059297', 98, NULL, 'CC', NULL, 1, 67, '', NULL, 14, NULL, NULL),
(68209, 'Blanca Cecilia Ocaño Martinez', '', NULL, '3213040419', 62, NULL, 'CC', NULL, 1, 1, '', NULL, 14, NULL, NULL),
(68210, 'Ana Edilma Pineda Saavedra', '', NULL, '3124605747', 71, NULL, 'CC', NULL, 1, 67, '', NULL, 14, NULL, NULL),
(68211, 'Milton Isidoro Gonzalez Galindo', '', NULL, '3103102217', 106, NULL, 'CC', NULL, 2, 1, '', NULL, 14, NULL, NULL),
(68212, 'Jose Isidoro Pinto Forero', '', NULL, '3102517601', 71, NULL, 'CC', NULL, 2, 67, '', NULL, 14, NULL, NULL),
(68213, 'Yisseth Daviana Buritica Silva', '', NULL, '3118117257', 95, NULL, 'CC', NULL, 1, 1, '', NULL, 14, NULL, NULL),
(68214, 'Juan Gabriel Anzola Gamboa', '', NULL, '3118117257', 95, NULL, 'CC', NULL, 2, 1, '', NULL, 14, NULL, NULL),
(68215, 'Luz Miriam Gamboa Peña', '', NULL, '3133647148', 95, NULL, 'CC', NULL, 1, 1, '', NULL, 14, NULL, NULL),
(68216, 'Clara Naverrete', '', NULL, '3132095475', 78, NULL, 'CC', NULL, 1, 1, '', NULL, 14, NULL, NULL),
(68217, 'Domingo  Galeano Porras', '', NULL, '3132233411', 71, NULL, 'CC', NULL, 2, 67, '', NULL, 14, NULL, NULL),
(68218, 'Claudia  Rincon', '', NULL, '3114869583', 98, NULL, 'CC', NULL, 1, 67, '', NULL, 14, NULL, NULL),
(68219, 'Lina Julieth Carrillo Pedreros', '', NULL, '3114952467', 102, NULL, 'CC', NULL, 1, 67, '', NULL, 14, NULL, NULL),
(68220, 'Luna Isabel Peña Beltran', '', NULL, '3213625045', 102, NULL, 'CC', NULL, 1, 67, '', NULL, 14, NULL, NULL),
(68221, 'Carlos Julio Ramirez Pinzon', '', NULL, '3124091545', 71, NULL, 'CC', NULL, 2, 67, '', NULL, 14, NULL, NULL),
(68222, 'Yuliana Paola Mampira Rayo', '', NULL, '3124985915', 102, NULL, 'CC', NULL, 1, 67, '', NULL, 14, NULL, NULL),
(68223, 'Dayiby Estefan Lopez Escarraga', '', NULL, '3113107236', 103, NULL, 'CC', NULL, 1, 67, '', NULL, 14, NULL, NULL),
(68224, 'Maria Cleofilde Rayo Brausin', '', NULL, '3222487328', 102, NULL, 'CC', NULL, 1, 67, '', NULL, 14, NULL, NULL),
(68225, 'Robinson  Pineda Saavedra', '', NULL, '3233006943', 71, NULL, 'CC', NULL, 2, 67, '', NULL, 14, NULL, NULL),
(68226, 'Jose Wilfran Norato Buitrago', '', NULL, '3148257838', 109, NULL, 'CC', NULL, 2, 67, '', NULL, 14, NULL, NULL),
(68227, 'Willinton  Pineda Parra', '', NULL, '3214668528', 109, NULL, 'CC', NULL, 2, 67, '', NULL, 14, NULL, NULL),
(68228, 'Marta Cecilia Pineda Parra', '', NULL, '3223067548', 93, NULL, 'CC', NULL, 1, 1, '', NULL, 14, NULL, NULL),
(68229, 'Yury Alexandra Ramirez Ospina', '', NULL, '3142257688', 106, NULL, 'CC', NULL, 1, 1, '', NULL, 14, NULL, NULL),
(68230, 'Diana Ctherine Ramirez Ospina', '', NULL, '3225596277', 102, NULL, 'CC', NULL, 1, 67, '', NULL, 14, NULL, NULL),
(68231, 'Maria Doralba Ospina Marin', '', NULL, '3208225187', 106, NULL, 'CC', NULL, 1, 1, '', NULL, 14, NULL, NULL),
(68232, 'Martha  Sanchez', '', NULL, '3143900519', 100, NULL, 'CC', NULL, 1, 67, '', NULL, 14, NULL, NULL),
(68233, 'Karen Dayana Peña Sanchez', '', NULL, '3138458014', 100, NULL, 'CC', NULL, 1, 67, '', NULL, 14, NULL, NULL),
(68234, 'Martha Nelly Rayo Mahecha', '', NULL, '3143589243', 107, NULL, 'CC', NULL, 1, 1, '', NULL, 14, NULL, NULL),
(68235, 'Loidove  Peña Lopez', '', NULL, '3207308760', 86, NULL, 'CC', NULL, 1, 1, '', NULL, 14, NULL, NULL),
(68236, 'Killian Andres Muñoz Ortiz', '', NULL, '3107683033', 77, NULL, 'CC', NULL, 2, 1, '', NULL, 14, NULL, NULL),
(68237, 'Fidel Alonso Cortes Caro', '', NULL, '3125572202', 86, NULL, 'CC', NULL, 2, 1, '', NULL, 14, NULL, NULL),
(68238, 'Otilia  Suaso Pinilla', '', NULL, '3125572202', 86, NULL, 'CC', NULL, 1, 1, '', NULL, 14, NULL, NULL),
(68239, 'Rubirene  Escarraga Tellez', '', NULL, '3214966130', 96, NULL, 'CC', NULL, 1, 1, '', NULL, 14, NULL, NULL),
(68240, 'Clara Yaneth Quintero De Gonzalez', '', NULL, '3108126776', 95, NULL, 'CC', NULL, 1, 1, '', NULL, 14, NULL, NULL),
(68241, 'Jose Leovigildo Hernandez Martinez', '', NULL, '3227178092', 72, NULL, 'CC', NULL, 2, 1, '', NULL, 14, NULL, NULL),
(68242, 'Blanca Resurreccion Ulloa Ordoñez', '', NULL, '3132419822', 71, NULL, 'CC', NULL, 1, 67, '', NULL, 14, NULL, NULL),
(68243, 'Dagoberto  Ulloa Ordoñez', '', NULL, '3208292598', 102, NULL, 'CC', NULL, 2, 67, '', NULL, 14, NULL, NULL),
(68244, 'Maria Eduvigis Ulloa Ordoñez', '', NULL, '3229060831', 103, NULL, 'CC', NULL, 1, 67, '', NULL, 14, NULL, NULL),
(68245, 'Aurora  Gonzalez Galindo', '', NULL, '3112586946', 100, NULL, 'CC', NULL, 1, 67, '', NULL, 14, NULL, NULL),
(68246, 'Alvaro Enrique Escarraga Delgado', '', NULL, '3214992480', 109, NULL, 'CC', NULL, 2, 67, '', NULL, 14, NULL, NULL),
(68247, 'Maria Doris Guerrero Galindo', '', NULL, '3123840374', 102, NULL, 'CC', NULL, 1, 67, '', NULL, 14, NULL, NULL),
(68248, 'Blanca Cecilia Saavedra Ramirez', '', NULL, '3219535109', 108, NULL, 'CC', NULL, 1, 1, '', NULL, 14, NULL, NULL),
(68249, 'Jaime Enrique Ordoñez Montoya', '', NULL, '3144938331', 108, NULL, 'CC', NULL, 2, 1, '', NULL, 14, NULL, NULL),
(68250, 'Juan Carlos Ramirez Gallego', '', NULL, '3123770638', 102, NULL, 'CC', NULL, 2, 67, '', NULL, 14, NULL, NULL),
(68251, 'Jesus Reinaldo Porras', '', NULL, '3202334983', 58, NULL, 'CC', NULL, 2, 1, '', NULL, 14, NULL, NULL),
(68252, 'Jose Antonio Real Castro', '', NULL, '3143554936', 61, NULL, 'CC', NULL, 2, 1, '', NULL, 14, NULL, NULL),
(68253, 'Lorena Delpilar Real Ocaño', '', NULL, '3107307927', 91, NULL, 'CC', NULL, 1, 1, '', NULL, 14, NULL, NULL),
(68254, 'Maricela  Ocaño Ortiz', '', NULL, '3118896184', 91, NULL, 'CC', NULL, 1, 1, '', NULL, 14, NULL, NULL),
(68255, 'Victor Julio Marroquin Garzon', '', NULL, '3118899007', 61, NULL, 'CC', NULL, 2, 1, '', NULL, 14, NULL, NULL),
(68256, 'Maria Teresa Anzola Anzola', '', NULL, '3204092350', 61, NULL, 'CC', NULL, 1, 1, '', NULL, 14, NULL, NULL),
(68257, 'Demesio  Anzola Urrea', '', NULL, '3133191493', 61, NULL, 'CC', NULL, 2, 1, '', NULL, 14, NULL, NULL),
(68258, 'Miller Mauricio Anzola Aguirre', '', NULL, '3214715085', 61, NULL, 'CC', NULL, 2, 1, '', NULL, 14, NULL, NULL),
(68259, 'Flor Herminda Anzola Real', '', NULL, '3202260807', 61, NULL, 'CC', NULL, 1, 1, '', NULL, 14, NULL, NULL),
(68260, 'Ana Isabel Anzola Carrillo', '', NULL, '3105795272', 61, NULL, 'CC', NULL, 1, 1, '', NULL, 14, NULL, NULL),
(68261, 'Hilditrudis Anaherly Martinez Tejedor', '', NULL, '3212270548', 91, NULL, 'CC', NULL, 1, 1, '', NULL, 14, NULL, NULL),
(68262, 'Patrocinio Apolinar Martinez Tejedor', '', NULL, '3125518847', 91, NULL, 'CC', NULL, 2, 1, '', NULL, 14, NULL, NULL),
(68263, 'Maria Hercilia Carrillo Anzola', '', NULL, '3217196555', 61, NULL, 'CC', NULL, 1, 1, '', NULL, 14, NULL, NULL),
(68264, 'Sonia  Real Carrillo', '', NULL, '3134195893', 61, NULL, 'CC', NULL, 1, 1, '', NULL, 14, NULL, NULL),
(68265, 'Nelly  Anzola Hernandez', '', NULL, '3107816152', 98, NULL, 'CC', NULL, 1, 67, '', NULL, 14, NULL, NULL),
(68266, 'Zenaida  Anzola Tejedor', '', NULL, '3114484040', 100, NULL, 'CC', NULL, 1, 67, '', NULL, 14, NULL, NULL),
(68267, 'Nubia Yaneth Anzola Cristancho', '', NULL, '3132012662', 102, NULL, 'CC', NULL, 1, 67, '', NULL, 14, NULL, NULL),
(68268, 'Sully Ginedth Porras Puentes', '', NULL, '3142633633', 71, NULL, 'CC', NULL, 1, 67, '', NULL, 14, NULL, NULL),
(68269, 'Libardo  Gonzalez Peña', '', NULL, '3132931514', 102, NULL, 'CC', NULL, 2, 67, '', NULL, 14, NULL, NULL),
(68270, 'Ramiro Armando Martinez Lopez', '', NULL, '3112036253', 108, NULL, 'CC', NULL, 1, 1, '', NULL, 14, NULL, NULL),
(68271, 'Juan David Barbosa', '', NULL, '3133904218', 71, NULL, 'CC', NULL, 2, 1, '', NULL, 14, NULL, NULL),
(68272, 'Karen Yuliza Triviño Mosquera', '', NULL, '3142864300', 102, NULL, 'CC', NULL, 1, 67, '', NULL, 14, NULL, NULL),
(68273, 'Juan Camilo Gonzalez Alonzo', '', NULL, '3113489970', 71, NULL, 'CC', NULL, 2, 67, '', NULL, 14, NULL, NULL),
(68274, 'Luis Miguel Galindo Saavedra', '', NULL, '3102675811', 108, NULL, 'CC', NULL, 2, 1, '', NULL, 14, NULL, NULL),
(68275, 'Cecilia  Saavedra Galindo', '', NULL, '3102675811', 108, NULL, 'CC', NULL, 1, 1, '', NULL, 14, NULL, NULL),
(68276, 'Sandy Viviana Sayo Rodriguez', '', NULL, '3224189853', 65, NULL, 'CC', NULL, 1, 1, '', NULL, 14, NULL, NULL),
(68277, 'Sharon Esmeralda Martinez Sayo', '', NULL, '3224189853', 65, NULL, 'CC', NULL, 1, 1, '', NULL, 14, NULL, NULL),
(68278, 'Henry Oswaldo Mahecha Cardenas', '', NULL, '3143528718', 105, NULL, 'CC', NULL, 2, 1, '', NULL, 14, NULL, NULL),
(68279, 'Jorge Hernando Pedreros Rubiano', '', NULL, '3144682887', 71, NULL, 'CC', NULL, 2, 67, '', NULL, 14, NULL, NULL),
(68280, 'Maria Del Mar Rojas Castro', '', NULL, '3138649079', 102, NULL, 'CC', NULL, 1, 67, '', NULL, 14, NULL, NULL),
(68281, 'Luisa Fernanda Lopez Gonzalez', '', NULL, '3112586946', 100, NULL, 'CC', NULL, 1, 67, '', NULL, 14, NULL, NULL),
(68282, 'Jonh Fredy Anzola', '', NULL, '3115258226', 106, NULL, 'CC', NULL, 2, 1, '', NULL, 14, NULL, NULL),
(68283, 'Lizeth Alexandra Benitez Triana', '', NULL, '3223168090', 102, NULL, 'CC', NULL, 1, 67, '', NULL, 14, NULL, NULL),
(68284, 'Raquelina  Castro Sanchez', '', NULL, '3112774518', 102, NULL, 'CC', NULL, 1, 67, '', NULL, 14, NULL, NULL),
(68285, 'Erika Yaneth Gonzalez Parra', '', NULL, '3214438481', 93, NULL, 'CC', NULL, 1, 1, '', NULL, 14, NULL, NULL),
(68286, 'Mario Andres Real Castro', '', NULL, '3144075403', 72, NULL, 'CC', NULL, 2, 1, '', NULL, 14, NULL, NULL),
(68287, 'Leidy Salgado', '', NULL, '3124788916', 72, NULL, 'CC', NULL, 1, 1, '', NULL, 14, NULL, NULL),
(68288, 'Yilber Leandro Caro Aguilar', '', NULL, '3123561160', 98, NULL, 'CC', NULL, 2, 67, '', NULL, 14, NULL, NULL),
(68289, 'Yurany  Caro Aguilar', '', NULL, '3208518369', 98, NULL, 'CC', NULL, 1, 67, '', NULL, 14, NULL, NULL),
(68290, 'Beissy Betty Aguilar Pinzon', '', NULL, '3102022413', 98, NULL, 'CC', NULL, 1, 67, '', NULL, 14, NULL, NULL),
(68291, 'Ciro Adelmo Pedraza Camacho', '', NULL, '3124813484', 94, NULL, 'CC', NULL, 2, 1, '', NULL, 14, NULL, NULL),
(68292, 'Miguel  Carrillo Anzola', '', NULL, '3212131108', 103, NULL, 'CC', NULL, 2, 67, '', NULL, 14, NULL, NULL),
(68293, 'Brayan Javier Norato Peña', '', NULL, '3143347891', 98, NULL, 'CC', NULL, 2, 67, '', NULL, 14, NULL, NULL),
(68294, 'Maria Rubiela Castro Hernandez', '', NULL, '3132388818', 61, NULL, 'CC', NULL, 1, 1, '', NULL, 14, NULL, NULL),
(68295, 'Oscar Javier Carrillo Melo', '', NULL, '3222655412', 71, NULL, 'CC', NULL, 2, 67, '', NULL, 14, NULL, NULL),
(68296, 'Maicol Sebastian Saavedra Bustos', '', NULL, '3123537640', 109, NULL, 'CC', NULL, 2, 67, '', NULL, 14, NULL, NULL),
(68297, 'Marisol  Navarrete Bermudez', '', NULL, '3227889137', 102, NULL, 'CC', NULL, 1, 67, '', NULL, 14, NULL, NULL),
(68298, 'Liceth Nayeli Plata Cadena', '', NULL, '3224417105', 93, NULL, 'CC', NULL, 1, 1, '', NULL, 14, NULL, NULL),
(68299, 'Dionangel  Ordoñez Ruiz', '', NULL, '3214261791', 98, NULL, 'CC', NULL, 2, 67, '', NULL, 14, NULL, NULL),
(68300, 'Auda Herli Florian Bernal', '', NULL, '3212004953', 109, NULL, 'CC', NULL, 1, 67, '', NULL, 14, NULL, NULL),
(68301, 'Yannet Rocio Gualteros Gualteros', '', NULL, '3205777184', 106, NULL, 'CC', NULL, 1, 1, '', NULL, 14, NULL, NULL),
(68302, 'Heimy Johana Vargas Zacipa', '', NULL, '3166963831', 102, NULL, 'CC', NULL, 1, 67, '', NULL, 14, NULL, NULL),
(68303, 'Luis Ferney Castro', '', NULL, '3146410393', 103, NULL, 'CC', NULL, 2, 67, '', NULL, 14, NULL, NULL),
(68304, 'Yefferson Oswaldo Avila Gonzalez', '', NULL, '3144846946', 109, NULL, 'CC', NULL, 2, 1, '', NULL, 14, NULL, NULL),
(68305, 'Devison  Velasquez Feo', '', NULL, '3144437640', 102, NULL, 'CC', NULL, 2, 67, '', NULL, 14, NULL, NULL),
(68306, 'Yency Lisbeth Escobar Gamboa', '', NULL, '3143798598', 98, NULL, 'CC', NULL, 1, 67, '', NULL, 14, NULL, NULL),
(68307, 'Milton Javier Pachon Ulloa', '', NULL, '3143769573', 103, NULL, 'CC', NULL, 2, 67, '', NULL, 14, NULL, NULL),
(68308, 'Jasmin  Ordoñez Espejo', '', NULL, '3132898247', 71, NULL, 'CC', NULL, 1, 67, '', NULL, 14, NULL, NULL),
(68309, 'Luis Neyder Galindo Moreno', '', NULL, '3132818284', 71, NULL, 'CC', NULL, 2, 67, '', NULL, 14, NULL, NULL),
(68310, 'Ana Maria Lopez Rueda', '', NULL, '3132503597', 71, NULL, 'CC', NULL, 1, 67, '', NULL, 14, NULL, NULL),
(68311, 'Nayla Milena Martinez Valero', '', NULL, '3132429755', 109, NULL, 'CC', NULL, 1, 67, '', NULL, 14, NULL, NULL),
(68312, 'Andres Camilo Montaño Castro', '', NULL, '3132388818', 61, NULL, 'CC', NULL, 2, 1, '', NULL, 14, NULL, NULL),
(68313, 'Yorman Himanol Peña Gomez', '', NULL, '3132236609', 103, NULL, 'CC', NULL, 2, 67, '', NULL, 14, NULL, NULL),
(68314, 'Yosy Briyith Anzola', '', NULL, '3128778670', 100, NULL, 'CC', NULL, 1, 67, '', NULL, 14, NULL, NULL),
(68315, 'Henry Edilson Sierra Montaño', '', NULL, '3125587837', 102, NULL, 'CC', NULL, 2, 67, '', NULL, 14, NULL, NULL),
(68316, 'Alcira  Benites Vargas', '', NULL, '3125496273', 103, NULL, 'CC', NULL, 1, 67, '', NULL, 14, NULL, NULL),
(68317, 'Alexander  Ordoñez Rayo', '', NULL, '3123891359', 107, NULL, 'CC', NULL, 2, 1, '', NULL, 14, NULL, NULL),
(68318, 'Laura Geraldinne Moreno Velasco', '', NULL, '3116465400', 71, NULL, 'CC', NULL, 1, 67, '', NULL, 14, NULL, NULL),
(68319, 'Eduar Alfonso Aguilar Nuñez', '', NULL, '3114952467', 102, NULL, 'CC', NULL, 2, 67, '', NULL, 14, NULL, NULL),
(68320, 'Ferney  Ordoñez Ordoñes', '', NULL, '3114856533', 102, NULL, 'CC', NULL, 2, 67, '', NULL, 14, NULL, NULL),
(68321, 'Alvaro Zamir Benitez Mendoza', '', NULL, '3114741583', 71, NULL, 'CC', NULL, 2, 67, '', NULL, 14, NULL, NULL),
(68322, 'Maria Luzdeny Pineda Saavedra', '', NULL, '3112782272', 103, NULL, 'CC', NULL, 1, 67, '', NULL, 14, NULL, NULL),
(68323, 'Maria Bella Saavedra Ruiz', '', NULL, '3112494766', 71, NULL, 'CC', NULL, 1, 67, '', NULL, 14, NULL, NULL),
(68324, 'Edelmira  Avila Ruiz', '', NULL, '3108446873', 103, NULL, 'CC', NULL, 1, 67, '', NULL, 14, NULL, NULL),
(68325, 'Sergio Armando Tellez Navarrete', '', NULL, '3106771971', 78, NULL, 'CC', NULL, 2, 1, '', NULL, 14, NULL, NULL),
(68326, 'Gina Paola Navarrete Zamudio', '', NULL, '3103084715', 78, NULL, 'CC', NULL, 1, 1, '', NULL, 14, NULL, NULL),
(68327, 'Omaira  Ortiz Saavedra', '', NULL, '3102823398', 97, NULL, 'CC', NULL, 1, 1, '', NULL, 14, NULL, NULL),
(68328, 'Yulieth  Ocaño Ordoñez', '', NULL, '3208710993', 71, NULL, 'CC', NULL, 1, 67, '', NULL, 14, NULL, NULL),
(68329, 'Geovanny Smith Muñoz Lara', '', NULL, '3113861554', 99, NULL, 'CC', NULL, 2, 67, '', NULL, 14, NULL, NULL),
(68330, 'Silenia  Espejo Delgado', '', NULL, '3144367017', 102, NULL, 'CC', NULL, 1, 67, '', NULL, 14, NULL, NULL),
(68331, 'Joan Sebastian Parra Saavedra', '', NULL, '3134726396', 71, NULL, 'CC', NULL, 2, 67, '', NULL, 14, NULL, NULL),
(68332, 'Duvan Santiago Moreno Velasco', '', NULL, '3208530024', 71, NULL, 'CC', NULL, 2, 67, '', NULL, 14, NULL, NULL),
(68333, 'Leidy Marcela Salgado Gomez', '', NULL, '3125817032', 61, NULL, 'CC', NULL, 1, 1, '', NULL, 14, NULL, NULL),
(68334, 'Andres Felipe Moreno Velasco', '', NULL, '3115141179', 71, NULL, 'CC', NULL, 2, 67, '', NULL, 14, NULL, NULL),
(68335, 'Noraldy  Fajardo Marroquin', '', NULL, '3118227046', 98, NULL, 'CC', NULL, 1, 67, '', NULL, 14, NULL, NULL),
(68336, 'Laura Sofia Calixto Gonzalez', '', NULL, '3132525830', 102, NULL, 'CC', NULL, 1, 67, '', NULL, 14, NULL, NULL),
(68337, 'Edilma  Moreno Rojas', '', NULL, '3166465036', 109, NULL, 'CC', NULL, 1, 67, '', NULL, 14, NULL, NULL),
(68338, 'Mercedes  Delgado Espejo', '', NULL, '3144461649', 102, NULL, 'CC', NULL, 1, 67, '', NULL, 14, NULL, NULL),
(68339, 'Marlen  Tejedor Ordoñez', '', NULL, '3102268570', 60, NULL, 'CC', NULL, 1, 1, '', NULL, 14, NULL, NULL),
(68340, 'Leidy Asucena Peña Suarez', '', NULL, '3125769118', 98, NULL, 'CC', NULL, 1, 67, '', NULL, 14, NULL, NULL),
(68341, 'Johan Leandro Solano Olarte', '', NULL, '3133887118', 100, NULL, 'CC', NULL, 2, 67, '', NULL, 14, NULL, NULL),
(68342, 'Maria Stella Olarte Pinzon', '', NULL, '3108559695', 100, NULL, 'CC', NULL, 1, 67, '', NULL, 14, NULL, NULL),
(68343, 'Marcela Navarrete', '', NULL, '3102737389', 98, NULL, 'CC', NULL, 1, 67, '', NULL, 14, NULL, NULL),
(68344, 'Shirley Yohana Umaña Ovalle', '', NULL, '3134688778', 65, NULL, 'CC', NULL, 1, 1, '', NULL, 14, NULL, NULL),
(68345, 'Alejandra Paez Puentes', '', NULL, '3223075440', 109, NULL, 'CC', NULL, 1, 67, '', NULL, 14, NULL, NULL),
(68346, 'Marleny Puentes', '', NULL, '3214427405', 109, NULL, 'CC', NULL, 1, 67, '', NULL, 14, NULL, NULL),
(68347, 'Wilfran Jose Romero Perez', '', NULL, '3222208887', 102, NULL, 'CC', NULL, 2, 67, '', NULL, 14, NULL, NULL),
(68348, 'Casta Susana Bernal Savedra', '', NULL, '3143597465', 102, NULL, 'CC', NULL, 1, 67, '', NULL, 14, NULL, NULL),
(68349, 'Yilber Yecid Forero', '', NULL, '3005994967', 109, NULL, 'CC', NULL, 2, 67, '', NULL, 14, NULL, NULL),
(68350, 'Ivon Camila Peña Olarte', '', NULL, '3108559695', 100, NULL, 'CC', NULL, 1, 67, '', NULL, 14, NULL, NULL),
(68351, 'Luis Giovanni Ariza Pinzon', '', NULL, '3123397785', 100, NULL, 'CC', NULL, 2, 67, '', NULL, 14, NULL, NULL),
(68352, 'Maria Idalid Nieto Galindo', '', NULL, '3225547579', 109, NULL, 'CC', NULL, 1, 67, '', NULL, 14, NULL, NULL),
(68353, 'Guillermo  Gonzalez Peña', '', NULL, '3115961653', 68, NULL, 'CC', NULL, 2, 1, '', NULL, 14, NULL, NULL),
(68354, 'Carmen Cecilia Cortes Porras', '', NULL, '3112465902', 105, NULL, 'CC', NULL, 1, 1, '', NULL, 14, NULL, NULL);
INSERT INTO "ShipmentOrders" ("Id", "FirstName", "LastName", "Email", "Phone", "HouseId", "BirthDate", "DocumentType", "DocumentId", "SexId", "ServicesId", "Sidewalk", "Need", "ModifyUserId", "EconomicActivity", "ServiceActivityId") VALUES
(68355, 'Sergio Humberto Puentes Fuentes', '', NULL, '3203124422', 105, NULL, 'CC', NULL, 2, 1, '', NULL, 14, NULL, NULL),
(68356, 'Maria Herlinda', '', NULL, '3122046847', 109, NULL, 'CC', NULL, 1, 67, '', NULL, 14, NULL, NULL),
(68357, 'Adela Puentes', '', NULL, '3152093776', 109, NULL, 'CC', NULL, 1, 67, '', NULL, 14, NULL, NULL),
(68358, 'Maicol Puentes', '', NULL, '3203861886', 109, NULL, 'CC', NULL, 2, 67, '', NULL, 14, NULL, NULL),
(68359, 'Javier  Ortiz Buitrago', '', NULL, '3228014305', 109, NULL, 'CC', NULL, 2, 67, '', NULL, 14, NULL, NULL),
(68360, 'Cristian Delgado', '', NULL, '3143436904', 70, NULL, 'CC', NULL, 2, 1, '', NULL, 14, NULL, NULL),
(68361, 'Yulian Delgado', '', NULL, '3202293973', 109, NULL, 'CC', NULL, 2, 67, '', NULL, 14, NULL, NULL),
(68362, 'Blanca Rodriguez', '', NULL, '3212611250', 109, NULL, 'CC', NULL, 1, 67, '', NULL, 14, NULL, NULL),
(68363, 'Sandra Maryury Gonzalez Gamboa', '', NULL, '3142839190', 95, NULL, 'CC', NULL, 1, 1, '', NULL, 14, NULL, NULL),
(68364, 'Luis Cortes', '', NULL, '3104806591', 109, NULL, 'CC', NULL, 2, 67, '', NULL, 14, NULL, NULL),
(68365, 'Edier Hernandez', '', NULL, '3206371091', 109, NULL, 'CC', NULL, 2, 67, '', NULL, 14, NULL, NULL),
(68366, 'Miguel Pinto', '', NULL, '3147345074', 109, NULL, 'CC', NULL, 2, 67, '', NULL, 14, NULL, NULL),
(68367, 'Margarita  Ibañez Cañon', '', NULL, '3162746432', 65, NULL, 'CC', NULL, 1, 1, '', NULL, 14, NULL, NULL),
(68368, 'Anderson  Pineda', '', NULL, '3134822440', 109, NULL, 'CC', NULL, 2, 67, '', NULL, 14, NULL, NULL),
(68369, 'Nuvia Mireya Cardenas Martinez', '', NULL, '3212956601', 102, NULL, 'CC', NULL, 1, 67, '', NULL, 14, NULL, NULL),
(68370, 'Maria Libia Saavedra Anzola', '', NULL, '3203311602', 71, NULL, 'CC', NULL, 1, 67, '', NULL, 14, NULL, NULL),
(68371, 'Miriam Cardenas Martines', '', NULL, '3234969169', 102, NULL, 'CC', NULL, 1, 67, '', NULL, 14, NULL, NULL),
(68372, 'Jose Ordoñes', '', NULL, '3118789866', 109, NULL, 'CC', NULL, 2, 67, '', NULL, 14, NULL, NULL),
(68373, 'Valentina  Lopez Galindo', '', NULL, '3223084968', 71, NULL, 'CC', NULL, 1, 67, '', NULL, 14, NULL, NULL),
(68374, 'Karen Eliana Sanabria Bustos', '', NULL, '3106933849', 58, NULL, 'CC', NULL, 1, 1, '', NULL, 14, NULL, NULL),
(68375, 'Tatiana', '', NULL, '3208837619', 109, NULL, 'CC', NULL, 1, 1, '', NULL, 14, NULL, NULL),
(68376, 'Marcela', '', NULL, '3209844921', 109, NULL, 'CC', NULL, 1, 1, '', NULL, 14, NULL, NULL),
(68377, 'Maria  Torres Salinas', '', NULL, '3124813484', 94, NULL, 'CC', NULL, 1, 1, '', NULL, 14, NULL, NULL),
(68378, 'Carlos Alirio Cepeda Aguirre', '', NULL, '3213040419', 62, NULL, 'CC', NULL, 2, 1, '', NULL, 14, NULL, NULL),
(68379, 'Alvaro  Hernan Pardo Arias  \"nacho\"', '', NULL, '3212617697', 102, NULL, 'CC', NULL, 2, 67, '', NULL, 14, NULL, NULL),
(68380, 'Anderzon Anzola', '', NULL, '3135802698', 109, NULL, 'CC', NULL, 3, 67, '', NULL, 14, NULL, NULL),
(68381, 'Duver Useche', '', NULL, '3229019366', 109, NULL, 'CC', NULL, 3, 67, '', NULL, 14, NULL, NULL),
(68382, 'Felipe Pinzon', '', NULL, '3214300631', 109, NULL, 'CC', NULL, 3, 67, '', NULL, 14, NULL, NULL),
(68383, 'Diego Marroquín', '', NULL, '3135526900', 109, NULL, 'CC', NULL, 3, 67, '', NULL, 14, NULL, NULL),
(68384, 'Cristian Murcia', '', NULL, '3108775928', 109, NULL, 'CC', NULL, 3, 67, '', NULL, 14, NULL, NULL),
(68385, 'Nelson Calvo', '', NULL, '3103663180', 109, NULL, 'CC', NULL, 3, 67, '', NULL, 14, NULL, NULL),
(68386, 'Darwin Pat.i Plano', '', NULL, '3213334004', 109, NULL, 'CC', NULL, 3, 67, '', NULL, 14, NULL, NULL),
(68387, 'Porras Puentes', '', NULL, '3212386596', 109, NULL, 'CC', NULL, 3, 67, '', NULL, 14, NULL, NULL),
(68388, 'Andrés Ramírez Sebastián Ortiz', '', NULL, '3102064493', 109, NULL, 'CC', NULL, 3, 67, '', NULL, 14, NULL, NULL),
(68389, 'Johan Tejedor', '', NULL, '3142115270', 109, NULL, 'CC', NULL, 3, 67, '', NULL, 14, NULL, NULL),
(68390, 'Juana Ramírez', '', NULL, '3212743432', 109, NULL, 'CC', NULL, 3, 67, '', NULL, 14, NULL, NULL),
(68391, 'Antony Gualteros', '', NULL, '3118560668', 109, NULL, 'CC', NULL, 3, 67, '', NULL, 14, NULL, NULL),
(68392, 'Dayana Álvarez', '', NULL, '3205421604', 109, NULL, 'CC', NULL, 3, 67, '', NULL, 14, NULL, NULL),
(68393, 'Daniela López', '', NULL, '3124358354', 109, NULL, 'CC', NULL, 3, 67, '', NULL, 14, NULL, NULL),
(68394, 'Camilo Moreno', '', NULL, '3144601868', 109, NULL, 'CC', NULL, 3, 67, '', NULL, 14, NULL, NULL),
(68395, 'Kevin Moreno', '', NULL, '3114986884', 109, NULL, 'CC', NULL, 3, 67, '', NULL, 14, NULL, NULL),
(68396, 'Diego García', '', NULL, '3118759216', 109, NULL, 'CC', NULL, 3, 67, '', NULL, 14, NULL, NULL),
(68397, 'Lucas Moreno', '', NULL, '3205757231', 109, NULL, 'CC', NULL, 3, 67, '', NULL, 14, NULL, NULL),
(68398, 'Caranton', '', NULL, '3123767461', 109, NULL, 'CC', NULL, 3, 67, '', NULL, 14, NULL, NULL),
(68399, 'Luis Casas', '', NULL, '3112410945', 109, NULL, 'CC', NULL, 3, 67, '', NULL, 14, NULL, NULL),
(68400, 'Dario Gonzalez Peña', '', NULL, '3023012396', 109, NULL, 'CC', NULL, 3, 67, '', NULL, 14, NULL, NULL),
(68401, 'Orlando Caicedo', '', NULL, '3112482552', 109, NULL, 'CC', NULL, 3, 67, '', NULL, 14, NULL, NULL),
(68402, 'Fernando Camacho', '', NULL, '3107822288', 109, NULL, 'CC', NULL, 3, 67, '', NULL, 14, NULL, NULL),
(68403, 'Jose Israel Bernal Galindo', '', NULL, '3213111484', 109, NULL, 'CC', NULL, 3, 67, '', NULL, 14, NULL, NULL),
(68404, 'Israel Camacho', '', NULL, '3143817860', 105, NULL, 'CC', NULL, 3, 1, '', NULL, 14, NULL, NULL),
(68405, 'Fredy Urbina', '', NULL, '3143564293', 105, NULL, 'CC', NULL, 3, 1, '', NULL, 14, NULL, NULL),
(68406, 'Gabriel Soto', '', NULL, '3122389783', 109, NULL, 'CC', NULL, 3, 1, '', NULL, 14, NULL, NULL),
(68407, 'Jose Jairo Delgado Tejedor', '', NULL, '3102325259', 109, NULL, 'CC', NULL, 3, 1, '', NULL, 14, NULL, NULL),
(68408, 'Leonardo Lopez', '', NULL, '3105764067', 60, NULL, 'CC', NULL, 3, 1, '', NULL, 14, NULL, NULL),
(68409, 'Nacho', '', NULL, '3202317397', 109, NULL, 'CC', NULL, 3, 67, '', NULL, 14, NULL, NULL),
(68410, 'Carlos Garcia (pescadero)', '', NULL, '3214576886', 105, NULL, 'CC', NULL, 3, 1, '', NULL, 14, NULL, NULL),
(68411, 'Flor Alba Romero', '', NULL, '3123086313', 103, NULL, 'CC', NULL, 3, 67, '', NULL, 14, NULL, NULL),
(68412, 'Cecilia Olivares', '', NULL, '3222870372', 109, NULL, 'CC', NULL, 3, 67, '', NULL, 14, NULL, NULL),
(68413, 'Gabriel Vargas', '', NULL, '3118163577', 109, NULL, 'CC', NULL, 3, 67, '', NULL, 14, NULL, NULL),
(68414, 'Shayra  Morales Perez', '', NULL, '3128338812', 102, NULL, 'CC', NULL, 1, 67, '', NULL, 14, NULL, NULL),
(68415, 'Avelino Cruz Galindo', '', NULL, '3142974006', 109, NULL, 'CC', NULL, 3, 1, '', NULL, 14, NULL, 7),
(68416, 'Hernan Mendieta Matallana', '', NULL, '3204684808', 109, NULL, 'CC', NULL, 3, 1, '', NULL, 14, NULL, 7),
(68417, 'Luis Angel Carillo', '', NULL, '3112870801', 59, NULL, 'CC', NULL, 3, 1, '', NULL, 14, NULL, 7),
(68418, 'Vedi Carmenza Triana Leon', '', NULL, '3213336416', 60, NULL, 'CC', NULL, 3, 1, '', NULL, 14, NULL, 7),
(68419, 'Gabriel Alveiro Gonzalez Quintero', '', NULL, '3123220055', 61, NULL, 'CC', NULL, 3, 1, '', NULL, 14, NULL, 7),
(68420, 'Jose Vicente Pinilla Garavito', '', NULL, '3125610615', 62, NULL, 'CC', NULL, 3, 1, '', NULL, 14, NULL, 7),
(68421, 'Ana Yudith Damian Fajardo', '', NULL, '3217845893', 63, NULL, 'CC', NULL, 3, 1, '', NULL, 14, NULL, 7),
(68422, 'Maikel Murcia Espejo', '', NULL, '3212380734', 64, NULL, 'CC', NULL, 3, 1, '', NULL, 14, NULL, 7),
(68423, 'Luis Hernando Dominguez Ruiz', '', NULL, '3118953649', 109, NULL, 'CC', NULL, 3, 1, '', NULL, 14, NULL, 7),
(68424, 'Dario Oberto Galindo Triana', '', NULL, '3204083913', 109, NULL, 'CC', NULL, 3, 67, '', NULL, 14, NULL, 7),
(68425, 'Dioselin Sanchez Peña', '', NULL, '3144852678', 109, NULL, 'CC', NULL, 3, 1, '', NULL, 14, NULL, 7),
(68426, 'Jorge Humberto Parra Ortiz', '', NULL, '3134743615', 109, NULL, 'CC', NULL, 3, 1, '', NULL, 14, NULL, 7),
(68427, 'Jorge Hernan Lesmes Umbacia', '', NULL, '3208078716', 109, NULL, 'CC', NULL, 3, 67, '', NULL, 14, NULL, 7),
(68428, 'Ana Leidy Mahecha Cardenas', '', NULL, '3102641072', 71, NULL, 'CC', NULL, 3, 1, '', NULL, 14, NULL, 7),
(68429, 'Jose Leovigildo Hernandez Martinez', '', NULL, '3227178092', 72, NULL, 'CC', NULL, 3, 1, '', NULL, 14, NULL, 7),
(68430, 'Miguel Arcangel Montaño Rubiano', '', NULL, '3132237711', 109, NULL, 'CC', NULL, 3, 1, '', NULL, 14, NULL, 7),
(68431, 'Guillermo Emiro Salamanca Moreno', '', NULL, '3203076755', 75, NULL, 'CC', NULL, 3, 1, '', NULL, 14, NULL, 7),
(68432, 'Alba Rocio Martinez Martinez', '', NULL, '3117838115', 109, NULL, 'CC', NULL, 3, 67, '', NULL, 14, NULL, 7),
(68433, 'Luis Santiago Villamil Aldana', '', NULL, '3104773039', 109, NULL, 'CC', NULL, 3, 1, '', NULL, 14, NULL, 7),
(68434, 'Jose Marceliano Moreno Useche', '', NULL, '3125328337', 109, NULL, 'CC', NULL, 3, 1, '', NULL, 14, NULL, 7),
(68435, 'Jose Geovanny Hernandez Basallo', '', NULL, '3204937955', 77, NULL, 'CC', NULL, 3, 1, '', NULL, 14, NULL, 7),
(68436, 'Sergio Armando Tellez Navarrete', '', NULL, '3106771971', 78, NULL, 'CC', NULL, 3, 1, '', NULL, 14, NULL, 7),
(68437, 'Maria Luz Doris Daza Mahecha', '', NULL, '3203823856', 70, NULL, 'CC', NULL, 3, 1, '', NULL, 14, NULL, 7),
(68438, 'Jose Ricardo Hueso Escarraga', '', NULL, '3125501737', 109, NULL, 'CC', NULL, 3, 1, '', NULL, 14, NULL, 7),
(68439, 'Alirio Paez Tellez', '', NULL, '3133167059', 109, NULL, 'CC', NULL, 3, 67, '', NULL, 14, NULL, 7),
(68440, 'Oscar Tejedor Guerrero', '', NULL, '3124405205', 80, NULL, 'CC', NULL, 3, 1, '', NULL, 14, NULL, 7),
(68441, 'Salomon Martinez Avila', '', NULL, '3208637873', 81, NULL, 'CC', NULL, 3, 1, '', NULL, 14, NULL, 7),
(68442, 'William Ordoñez Espejo', '', NULL, '3214938970', 109, NULL, 'CC', NULL, 3, 1, '', NULL, 14, NULL, 7),
(68443, 'Javier Hernandez Arias', '', NULL, '3108816708', 83, NULL, 'CC', NULL, 3, 1, '', NULL, 14, NULL, 7),
(68444, 'Roger Michael Valero Buitrago', '', NULL, '3105715614', 109, NULL, 'CC', NULL, 3, 1, '', NULL, 14, NULL, 7),
(68445, 'Neila Mercedes Saavedra Alarcon', '', NULL, '3123928058', 68, NULL, 'CC', NULL, 3, 1, '', NULL, 14, NULL, 7),
(68446, 'Luz Heidy Mesa Taicus', '', NULL, '3209334517', 86, NULL, 'CC', NULL, 3, 1, '', NULL, 14, NULL, 7),
(68447, 'Jose Leonel Triana Leon', '', NULL, '3134289567', 109, NULL, 'CC', NULL, 3, 1, '', NULL, 14, NULL, 7),
(68448, 'Tania Lisbeth Blandon Espejo', '', NULL, '3214463889', 107, NULL, 'CC', NULL, 3, 1, '', NULL, 14, NULL, 7),
(68449, 'Marcedonio Useche Congo', '', NULL, '3138052535', 109, NULL, 'CC', NULL, 3, 1, '', NULL, 14, NULL, 7),
(68450, 'Custodia Ordoñez Anzola', '', NULL, '3223074076', 108, NULL, 'CC', NULL, 3, 1, '', NULL, 14, NULL, 7),
(68451, 'Jose Rubiel Saavedra Galindo', '', NULL, '3136258060', 109, NULL, 'CC', NULL, 3, 1, '', NULL, 14, NULL, 7),
(68452, 'Leovigildo Gonzalez Ordoñez', '', NULL, '3102087545', 95, NULL, 'CC', NULL, 3, 1, '', NULL, 14, NULL, 7),
(68453, 'Carlos Andres Cruz Garcia', '', NULL, '3153394034', 91, NULL, 'CC', NULL, 3, 1, '', NULL, 14, NULL, 7),
(68454, 'Oner Edilson Ocaña Espejo', '', NULL, '3214924455', 109, NULL, 'CC', NULL, 3, 1, '', NULL, 14, NULL, 7),
(68455, 'Victor Manuel Ovalle Medina', '', NULL, '3112421280', 109, NULL, 'CC', NULL, 3, 67, '', NULL, 14, NULL, 7),
(68456, 'Liceth Nayeli Plata Cadena', '', NULL, '3224417105', 93, NULL, 'CC', NULL, 3, 1, '', NULL, 14, NULL, 7),
(68457, 'William Cifuentes Saavedra', '', NULL, '3138856433', 85, NULL, 'CC', NULL, 3, 1, '', NULL, 14, NULL, 7),
(68458, 'Nelly Paola Orjuela Navarrete', '', NULL, '3214041789', 96, NULL, 'CC', NULL, 3, 1, '', NULL, 14, NULL, 7),
(68459, 'Edilson Bolaños Rojas', '', NULL, '3103399432', 97, NULL, 'CC', NULL, 3, 1, '', NULL, 14, NULL, 7),
(68460, 'Jhan Marco Gomez Cortes', '', NULL, '3219582530', 98, NULL, 'CC', NULL, 3, 67, '', NULL, 14, NULL, 7),
(68461, 'Ghelen Andrea Castro Velasco', '', NULL, '3214305348', 102, NULL, 'CC', NULL, 3, 67, '', NULL, 14, NULL, 7),
(68462, 'Marleny Galindo Rocha', '', NULL, '3213476992', 100, NULL, 'CC', NULL, 3, 67, '', NULL, 14, NULL, 7),
(68463, 'Jose Gildardo Escarraga Saavedra', '', NULL, '3102104605', 71, NULL, 'CC', NULL, 3, 67, '', NULL, 14, NULL, 7),
(68464, 'Milena Constanza Villada Moreno', '', NULL, '3115933816', 106, NULL, 'CC', NULL, 3, 67, '', NULL, 14, NULL, 7),
(68465, 'German Eduardo Gamboa Gamboa', '', NULL, '3208718598', 103, NULL, 'CC', NULL, 3, 67, '', NULL, 14, NULL, 7),
(68466, 'Judith', 'Molano', NULL, '3132069129', 83, NULL, 'CC', NULL, 1, 1, '', NULL, 14, NULL, 5),
(68467, 'Jairo', 'Pineda', 'mail@mail.com', '3117798045', NULL, '2222-02-12 00:00:00', 'CC', NULL, 2, 71, '', NULL, 28, NULL, NULL),
(68468, 'David', 'Ciro', 'inforfercho@gmail.com', '3184666618', NULL, NULL, 'CC', NULL, 2, 71, '', NULL, 28, NULL, NULL),
(68933, 'Luis alfonso duque', '', 'mailmail@gmail.com', '3136166240', NULL, '1222-02-12 00:00:00', 'CC', NULL, 2, 9, '', NULL, 15, NULL, NULL),
(68934, 'Lucila duque', '', 'mailmail@gmail.com', '3213555949', NULL, '1222-02-12 00:00:00', 'CC', NULL, 2, 9, '', NULL, 15, NULL, NULL),
(68935, 'Oscar chaverra', '', 'mailmail@gmail.com', '3137808716', NULL, '1222-02-12 00:00:00', 'CC', NULL, 2, 9, '', NULL, 15, NULL, NULL),
(68936, 'Viviana quin tero ', '', 'mailmail@gmail.com', '3146937703', NULL, '1222-02-12 00:00:00', 'CC', NULL, 2, 9, '', NULL, 15, NULL, NULL),
(68937, 'Gonzalo hernandes', '', 'mailmail@gmail.com', '314875298', NULL, '1222-02-12 00:00:00', 'CC', NULL, 2, 9, '', NULL, 15, NULL, NULL),
(68938, 'Elver Alberto Valderrama', '', 'mailmail@gmail.com', '3196787135', NULL, '1222-02-12 00:00:00', 'CC', NULL, 2, 9, '', NULL, 15, NULL, NULL),
(68939, 'Fabio Londoño Mejia', '', 'mailmail@gmail.com', '3125038565', NULL, '1222-02-12 00:00:00', 'CC', NULL, 2, 9, '', NULL, 15, NULL, NULL),
(68940, 'Alberto Giraldo ', '', 'mailmail@gmail.com', '3206664186', NULL, '1222-02-12 00:00:00', 'CC', NULL, 2, 9, '', NULL, 15, NULL, NULL),
(68941, 'Edwar Rodriguez', '', 'mailmail@gmail.com', '3114278673', NULL, '1222-02-12 00:00:00', 'CC', NULL, 2, 9, '', NULL, 15, NULL, NULL),
(68942, 'Luis Fernando Agudelo ', '', 'mailmail@gmail.com', '3154544514', NULL, '1222-02-12 00:00:00', 'CC', NULL, 2, 9, '', NULL, 15, NULL, NULL),
(68943, 'Jose Manuel Franco', '', 'mailmail@gmail.com', '3175400538', NULL, '1222-02-12 00:00:00', 'CC', NULL, 2, 9, '', NULL, 15, NULL, NULL),
(68944, 'Leidy Quiceno', '', 'mailmail@gmail.com', '3225822961', NULL, '1222-02-12 00:00:00', 'CC', NULL, 2, 9, '', NULL, 15, NULL, NULL),
(68945, 'Lina Maria Quiceno', '', 'mailmail@gmail.com', '3243069360', NULL, '1222-02-12 00:00:00', 'CC', NULL, 2, 9, '', NULL, 15, NULL, NULL),
(68946, 'Bertulfo Garces', '', 'mailmail@gmail.com', '3006916394', NULL, '1222-02-12 00:00:00', 'CC', NULL, 2, 9, '', NULL, 15, NULL, NULL),
(68947, 'Orfid Marquez', '', 'mailmail@gmail.com', '3172599351', NULL, '1222-02-12 00:00:00', 'CC', NULL, 2, 9, '', NULL, 15, NULL, NULL),
(68948, 'Neida Marquez', '', 'mailmail@gmail.com', '3234515937', NULL, '1222-02-12 00:00:00', 'CC', NULL, 2, 9, '', NULL, 15, NULL, NULL),
(68949, 'Jaime Alberto Gomez', '', 'mailmail@gmail.com', '3216324536', NULL, '1222-02-12 00:00:00', 'CC', NULL, 2, 9, '', NULL, 15, NULL, NULL),
(68950, 'Edwin Orozco ', '', 'mailmail@gmail.com', '3195758796', NULL, '1222-02-12 00:00:00', 'CC', NULL, 2, 9, '', NULL, 15, NULL, NULL),
(68951, 'Edgar Marquez ', '', 'mailmail@gmail.com', '3195630905', NULL, '1222-02-12 00:00:00', 'CC', NULL, 2, 9, '', NULL, 15, NULL, NULL),
(68952, 'Adriana Mejia', '', 'mailmail@gmail.com', '3122403743', NULL, '1222-02-12 00:00:00', 'CC', NULL, 2, 9, '', NULL, 15, NULL, NULL),
(68953, 'Jorge Luis Agudelo', '', 'mailmail@gmail.com', '3192953947', NULL, '1222-02-12 00:00:00', 'CC', NULL, 2, 9, '', NULL, 15, NULL, NULL),
(68954, 'Gilma Ines Franco ', '', 'mailmail@gmail.com', '3206624814', NULL, '1222-02-12 00:00:00', 'CC', NULL, 2, 9, '', NULL, 15, NULL, NULL),
(68955, 'Luz Dari Franco', '', 'mailmail@gmail.com', '3128159956', NULL, '1222-02-12 00:00:00', 'CC', NULL, 2, 9, '', NULL, 15, NULL, NULL),
(68956, 'Claudia Cecilia Franco', '', 'mailmail@gmail.com', '3216224458', NULL, '1222-02-12 00:00:00', 'CC', NULL, 2, 9, '', NULL, 15, NULL, NULL),
(68957, 'Luz Edilia Agudelo', '', 'mailmail@gmail.com', '3197334497', NULL, '1222-02-12 00:00:00', 'CC', NULL, 2, 9, '', NULL, 15, NULL, NULL),
(68958, 'Olga cecilia Franco ', '', 'mailmail@gmail.com', '3168692712', NULL, '1222-02-12 00:00:00', 'CC', NULL, 2, 9, '', NULL, 15, NULL, NULL),
(68959, 'Hernan Dario Muñeton ', '', 'mailmail@gmail.com', '3195042514', NULL, '1222-02-12 00:00:00', 'CC', NULL, 2, 9, '', NULL, 15, NULL, NULL),
(68960, 'Jhon Jairo Muñeton ', '', 'mailmail@gmail.com', '3137675409', NULL, '1222-02-12 00:00:00', 'CC', NULL, 2, 9, '', NULL, 15, NULL, NULL),
(68961, 'Yuliet Lopez', '', 'mailmail@gmail.com', '3108446339', NULL, '1222-02-12 00:00:00', 'CC', NULL, 2, 9, '', NULL, 15, NULL, NULL),
(68962, 'Alejandro Muñeton ', '', 'mailmail@gmail.com', '3217470530', NULL, '1222-02-12 00:00:00', 'CC', NULL, 2, 9, '', NULL, 15, NULL, NULL),
(68963, 'Ricardo Franco ', '', 'mailmail@gmail.com', '3197709692', NULL, '1222-02-12 00:00:00', 'CC', NULL, 2, 9, '', NULL, 15, NULL, NULL),
(68964, 'Liney Liliana Gaviria ', '', 'mailmail@gmail.com', '3173389155', NULL, '1222-02-12 00:00:00', 'CC', NULL, 2, 9, '', NULL, 15, NULL, NULL),
(68965, 'Manuela Martinez', '', 'mailmail@gmail.com', '3126982715', NULL, '1222-02-12 00:00:00', 'CC', NULL, 2, 9, '', NULL, 15, NULL, NULL),
(68966, 'Julian Emilio Osorio Castaño', '', 'mailmail@gmail.com', '3116419430', NULL, '1222-02-12 00:00:00', 'CC', NULL, 2, 9, '', NULL, 15, NULL, NULL),
(68967, 'Mery Castaño', '', 'mailmail@gmail.com', '3126734598', NULL, '1222-02-12 00:00:00', 'CC', NULL, 2, 9, '', NULL, 15, NULL, NULL),
(68968, 'Omaira Patricia Gallego ', '', 'mailmail@gmail.com', '3506497075', NULL, '1222-02-12 00:00:00', 'CC', NULL, 2, 9, '', NULL, 15, NULL, NULL),
(68969, 'juan pablo agudelo ', '', 'mailmail@gmail.com', '3164176057', NULL, '1222-02-12 00:00:00', 'CC', NULL, 2, 9, '', NULL, 15, NULL, NULL),
(68970, 'Luis alberto giraldo ', '', 'mailmail@gmail.com', '3206664186', NULL, '1222-02-12 00:00:00', 'CC', NULL, 2, 9, '', NULL, 15, NULL, NULL),
(68971, 'Hector muñeton', '', 'mailmail@gmail.com', '3215504239', NULL, '1222-02-12 00:00:00', 'CC', NULL, 2, 9, '', NULL, 15, NULL, NULL),
(68972, 'Cesar franco', '', 'mailmail@gmail.com', '3164223578', NULL, '1222-02-12 00:00:00', 'CC', NULL, 2, 9, '', NULL, 15, NULL, NULL),
(68973, 'Abel ramirez', '', 'mailmail@gmail.com', '3222884326', NULL, '1222-02-12 00:00:00', 'CC', NULL, 2, 9, '', NULL, 15, NULL, NULL),
(68974, 'Eduar rodriguez', '', 'mailmail@gmail.com', '3114278673', NULL, '1222-02-12 00:00:00', 'CC', NULL, 2, 9, '', NULL, 15, NULL, NULL),
(68975, 'Eddier pareja', '', 'mailmail@gmail.com', '3173102611', NULL, '1222-02-12 00:00:00', 'CC', NULL, 2, 9, '', NULL, 15, NULL, NULL),
(68976, 'Vicley andrea tirada', '', 'mailmail@gmail.com', '3045533796', NULL, '1222-02-12 00:00:00', 'CC', NULL, 2, 9, '', NULL, 15, NULL, NULL),
(68977, 'Luz eneira mejia', '', 'mailmail@gmail.com', '3116335920', NULL, '1222-02-12 00:00:00', 'CC', NULL, 2, 9, '', NULL, 15, NULL, NULL),
(68978, 'Monica yulieth velilla', '', 'mailmail@gmail.com', '3146520067', NULL, '1222-02-12 00:00:00', 'CC', NULL, 2, 9, '', NULL, 15, NULL, NULL),
(68979, 'Elvia ines vallejo ', '', 'mailmail@gmail.com', '3128018504', NULL, '1222-02-12 00:00:00', 'CC', NULL, 2, 9, '', NULL, 15, NULL, NULL),
(68980, 'Edier ', '', 'mailmail@gmail.com', '3173702611', NULL, '1222-02-12 00:00:00', 'CC', NULL, 2, 9, '', NULL, 15, NULL, NULL),
(68981, 'Jose Vicente valencia', '', 'mailmail@gmail.com', '3137205346', NULL, '1222-02-12 00:00:00', 'CC', NULL, 2, 9, '', NULL, 15, NULL, NULL),
(68982, 'Luis Octavio castro', '', 'mailmail@gmail.com', '3117485072', NULL, '1222-02-12 00:00:00', 'CC', NULL, 2, 9, '', NULL, 15, NULL, NULL),
(68983, 'Luz dary molina', '', 'mailmail@gmail.com', '3146831039', NULL, '1222-02-12 00:00:00', 'CC', NULL, 2, 9, '', NULL, 15, NULL, NULL),
(68984, 'Libardo Marin ', '', 'mailmail@gmail.com', '3023631555', NULL, '1222-02-12 00:00:00', 'CC', NULL, 2, 9, '', NULL, 15, NULL, NULL),
(68985, 'Natalalia Valencia', '', 'mailmail@gmail.com', '3104626743', NULL, '1222-02-12 00:00:00', 'CC', NULL, 2, 9, '', NULL, 15, NULL, NULL),
(68986, 'Ana jaramillo', '', 'mailmail@gmail.com', '3235323453', NULL, '1222-02-12 00:00:00', 'CC', NULL, 2, 9, '', NULL, 15, NULL, NULL),
(68987, 'Tatiana Jaramillo', '', 'mailmail@gmail.com', '3235323453', NULL, '1222-02-12 00:00:00', 'CC', NULL, 2, 9, '', NULL, 15, NULL, NULL),
(68988, 'Jose franco', '', 'mailmail@gmail.com', '3196729026', NULL, '1222-02-12 00:00:00', 'CC', NULL, 2, 9, '', NULL, 15, NULL, NULL),
(68989, 'Alba Lucia Hincapie', '', 'mailmail@gmail.com', '3196729026', NULL, '1222-02-12 00:00:00', 'CC', NULL, 2, 9, '', NULL, 15, NULL, NULL),
(68990, 'Laura franco', '', 'mailmail@gmail.com', '301479890', NULL, '1222-02-12 00:00:00', 'CC', NULL, 2, 9, '', NULL, 15, NULL, NULL),
(68991, 'Sandra marin ', '', 'mailmail@gmail.com', '3012992750', NULL, '1222-02-12 00:00:00', 'CC', NULL, 2, 9, '', NULL, 15, NULL, NULL),
(68992, 'Cristian valencia', '', 'mailmail@gmail.com', '3146267443', NULL, '1222-02-12 00:00:00', 'CC', NULL, 2, 9, '', NULL, 15, NULL, NULL),
(68993, 'Aleida Gallego ', '', 'mailmail@gmail.com', '3137386553', NULL, '1222-02-12 00:00:00', 'CC', NULL, 2, 9, '', NULL, 15, NULL, NULL),
(68994, 'Doralba Gallego ', '', 'mailmail@gmail.com', '3133653348', NULL, '1222-02-12 00:00:00', 'CC', NULL, 2, 9, '', NULL, 15, NULL, NULL),
(68995, 'Ramon Lpoez', '', 'mailmail@gmail.com', '3193037915', NULL, '1222-02-12 00:00:00', 'CC', NULL, 2, 9, '', NULL, 15, NULL, NULL),
(68996, 'Octavio daza', '', 'mailmail@gmail.com', '3117414686', NULL, '1222-02-12 00:00:00', 'CC', NULL, 2, 9, '', NULL, 15, NULL, NULL),
(68997, 'Libia Tobon ', '', 'mailmail@gmail.com', '3137038073', NULL, '1222-02-12 00:00:00', 'CC', NULL, 2, 9, '', NULL, 15, NULL, NULL),
(68998, 'Jhon jairo martines', '', 'mailmail@gmail.com', '3117954406', NULL, '1222-02-12 00:00:00', 'CC', NULL, 2, 9, '', NULL, 15, NULL, NULL),
(68999, 'Ligia Gallego ', '', 'mailmail@gmail.com', '3196501728', NULL, '1222-02-12 00:00:00', 'CC', NULL, 2, 9, '', NULL, 15, NULL, NULL),
(69000, 'Vanesa Tobon ', '', 'mailmail@gmail.com', '3215984040', NULL, '1222-02-12 00:00:00', 'CC', NULL, 2, 9, '', NULL, 15, NULL, NULL),
(69001, 'Jesus Castro', '', 'mailmail@gmail.com', '3043554636', NULL, '1222-02-12 00:00:00', 'CC', NULL, 2, 9, '', NULL, 15, NULL, NULL),
(69002, 'Luis Leonardo Tobon ', '', 'mailmail@gmail.com', '3014179814', NULL, '1222-02-12 00:00:00', 'CC', NULL, 2, 9, '', NULL, 15, NULL, NULL),
(69003, 'Alejandra tobon ', '', 'mailmail@gmail.com', '3014178914', NULL, '1222-02-12 00:00:00', 'CC', NULL, 2, 9, '', NULL, 15, NULL, NULL),
(69004, 'Julio Franco', '', 'mailmail@gmail.com', '3043416264', NULL, '1222-02-12 00:00:00', 'CC', NULL, 2, 9, '', NULL, 15, NULL, NULL),
(69005, 'Wilson Lopez', '', 'mailmail@gmail.com', '3144670188', NULL, '1222-02-12 00:00:00', 'CC', NULL, 2, 9, '', NULL, 15, NULL, NULL),
(69006, 'Deisy Johana Hernandez', '', 'mailmail@gmail.com', '3146024405', NULL, '1222-02-12 00:00:00', 'CC', NULL, 2, 9, '', NULL, 15, NULL, NULL),
(69007, 'Estiven Agudelo ', '', 'mailmail@gmail.com', '3203804279', NULL, '1222-02-12 00:00:00', 'CC', NULL, 2, 9, '', NULL, 15, NULL, NULL),
(69008, 'Marcela Sanchez', '', 'mailmail@gmail.com', '3116212478', NULL, '1222-02-12 00:00:00', 'CC', NULL, 2, 9, '', NULL, 15, NULL, NULL),
(69009, 'Leonel morales', '', 'mailmail@gmail.com', '3126317884', NULL, '1222-02-12 00:00:00', 'CC', NULL, 2, 9, '', NULL, 15, NULL, NULL),
(69010, 'Raamiro servantes ', '', 'mailmail@gmail.com', '3116432504', NULL, '1222-02-12 00:00:00', 'CC', NULL, 2, 9, '', NULL, 15, NULL, NULL),
(69011, 'Alejandro tamallo', '', 'mailmail@gmail.com', '3136931382', NULL, '1222-02-12 00:00:00', 'CC', NULL, 2, 9, '', NULL, 15, NULL, NULL),
(69012, 'Daniela uribe', '', 'mailmail@gmail.com', '3207483068', NULL, '1222-02-12 00:00:00', 'CC', NULL, 2, 9, '', NULL, 15, NULL, NULL),
(69013, 'Jorge martinez', '', 'mailmail@gmail.com', '3109248532', NULL, '1222-02-12 00:00:00', 'CC', NULL, 2, 9, '', NULL, 15, NULL, NULL),
(69014, 'Karen martinez', '', 'mailmail@gmail.com', '3235984305', NULL, '1222-02-12 00:00:00', 'CC', NULL, 2, 9, '', NULL, 15, NULL, NULL),
(69015, 'Viviana lopez', '', 'mailmail@gmail.com', '3127850138', NULL, '1222-02-12 00:00:00', 'CC', NULL, 2, 9, '', NULL, 15, NULL, NULL),
(69016, 'Yeison martinez', '', 'mailmail@gmail.com', '3243210200', NULL, '1222-02-12 00:00:00', 'CC', NULL, 2, 9, '', NULL, 15, NULL, NULL),
(69017, 'Ruben molina', '', 'mailmail@gmail.com', '3207834715', NULL, '1222-02-12 00:00:00', 'CC', NULL, 2, 9, '', NULL, 15, NULL, NULL),
(69018, 'Erica hincapie', '', 'mailmail@gmail.com', '3105253010', NULL, '1222-02-12 00:00:00', 'CC', NULL, 2, 9, '', NULL, 15, NULL, NULL),
(69019, 'Marina Lopez', '', 'mailmail@gmail.com', '3104264175', NULL, '1222-02-12 00:00:00', 'CC', NULL, 2, 9, '', NULL, 15, NULL, NULL),
(69020, 'Dora restrepo ', '', 'mailmail@gmail.com', '3183624838', NULL, '1222-02-12 00:00:00', 'CC', NULL, 2, 9, '', NULL, 15, NULL, NULL),
(69021, 'Romelia Restrepo ', '', 'mailmail@gmail.com', '3127070127', NULL, '1222-02-12 00:00:00', 'CC', NULL, 2, 9, '', NULL, 15, NULL, NULL),
(69022, 'Maria eucaris Zapata', '', 'mailmail@gmail.com', '3142033605', NULL, '1222-02-12 00:00:00', 'CC', NULL, 2, 9, '', NULL, 15, NULL, NULL),
(69023, 'Sandra chaverra', '', 'mailmail@gmail.com', '3186831520', NULL, '1222-02-12 00:00:00', 'CC', NULL, 2, 9, '', NULL, 15, NULL, NULL),
(69024, 'Nancy Castro ', '', 'mailmail@gmail.com', '3216255447', NULL, '1222-02-12 00:00:00', 'CC', NULL, 2, 9, '', NULL, 15, NULL, NULL),
(69025, 'Paula  duque', '', 'mailmail@gmail.com', '3206480097', NULL, '1222-02-12 00:00:00', 'CC', NULL, 2, 9, '', NULL, 15, NULL, NULL),
(69026, 'Janeth Gutierrez', '', 'mailmail@gmail.com', '3136053950', NULL, '1222-02-12 00:00:00', 'CC', NULL, 2, 9, '', NULL, 15, NULL, NULL),
(69027, 'Tatian Alzate', '', 'mailmail@gmail.com', '3137551980', NULL, '1222-02-12 00:00:00', 'CC', NULL, 2, 9, '', NULL, 15, NULL, NULL),
(69028, 'Cristinaa Cardona', '', 'mailmail@gmail.com', '3102255714', NULL, '1222-02-12 00:00:00', 'CC', NULL, 2, 9, '', NULL, 15, NULL, NULL),
(69029, 'Natalia Rivera', '', 'mailmail@gmail.com', '3233583263', NULL, '1222-02-12 00:00:00', 'CC', NULL, 2, 9, '', NULL, 15, NULL, NULL),
(69030, 'Maria Rojo ', '', 'mailmail@gmail.com', '3216629151', NULL, '1222-02-12 00:00:00', 'CC', NULL, 2, 9, '', NULL, 15, NULL, NULL),
(69031, 'Yeni tamayo ', '', 'mailmail@gmail.com', '3213961412', NULL, '1222-02-12 00:00:00', 'CC', NULL, 2, 9, '', NULL, 15, NULL, NULL),
(69032, 'Mariana Echeverry ', '', 'mailmail@gmail.com', '3017076377', NULL, '1222-02-12 00:00:00', 'CC', NULL, 2, 9, '', NULL, 15, NULL, NULL),
(69033, 'Girlesa Gomez', '', 'mailmail@gmail.com', '3196861041', NULL, '1222-02-12 00:00:00', 'CC', NULL, 2, 9, '', NULL, 15, NULL, NULL),
(69034, 'Dani Alvarez', '', 'mailmail@gmail.com', '3217218397', NULL, '1222-02-12 00:00:00', 'CC', NULL, 2, 9, '', NULL, 15, NULL, NULL),
(69035, 'Darcely Palacio ', '', 'mailmail@gmail.com', '3148084437', NULL, '1222-02-12 00:00:00', 'CC', NULL, 2, 9, '', NULL, 15, NULL, NULL),
(69036, 'Alba vanegas', '', 'mailmail@gmail.com', '3042928514', NULL, '1222-02-12 00:00:00', 'CC', NULL, 2, 9, '', NULL, 15, NULL, NULL),
(69037, 'Lorena Vera', '', 'mailmail@gmail.com', '3505302041', NULL, '1222-02-12 00:00:00', 'CC', NULL, 2, 9, '', NULL, 15, NULL, NULL),
(69038, 'Karla montoya', '', 'mailmail@gmail.com', '3127856344', NULL, '1222-02-12 00:00:00', 'CC', NULL, 2, 9, '', NULL, 15, NULL, NULL),
(69039, 'Marian Giraldo ', '', 'mailmail@gmail.com', '3206221356', NULL, '1222-02-12 00:00:00', 'CC', NULL, 2, 9, '', NULL, 15, NULL, NULL),
(69040, 'Valeria Gaviria', '', 'mailmail@gmail.com', '3118250789', NULL, '1222-02-12 00:00:00', 'CC', NULL, 2, 9, '', NULL, 15, NULL, NULL),
(69041, 'Maria Rodriguez', '', 'mailmail@gmail.com', '3135542917', NULL, '1222-02-12 00:00:00', 'CC', NULL, 2, 9, '', NULL, 15, NULL, NULL),
(69042, 'Sormelida Agudelo ', '', 'mailmail@gmail.com', '3233547092', NULL, '1222-02-12 00:00:00', 'CC', NULL, 2, 9, '', NULL, 15, NULL, NULL),
(69043, 'Paola agudelo ', '', 'mailmail@gmail.com', '3108318075', NULL, '1222-02-12 00:00:00', 'CC', NULL, 2, 9, '', NULL, 15, NULL, NULL),
(69044, 'Dabiela Isaza', '', 'mailmail@gmail.com', '3127113062', NULL, '1222-02-12 00:00:00', 'CC', NULL, 2, 9, '', NULL, 15, NULL, NULL),
(69045, 'Tatiana espinosa', '', 'mailmail@gmail.com', '3116378805', NULL, '1222-02-12 00:00:00', 'CC', NULL, 2, 9, '', NULL, 15, NULL, NULL),
(69046, 'Sindy cataño', '', 'mailmail@gmail.com', '3015941576', NULL, '1222-02-12 00:00:00', 'CC', NULL, 2, 9, '', NULL, 15, NULL, NULL),
(69047, 'Patricia Muñoz', '', 'mailmail@gmail.com', '3137016514', NULL, '1222-02-12 00:00:00', 'CC', NULL, 2, 9, '', NULL, 15, NULL, NULL),
(69048, 'Osmen Gutierrez', '', 'mailmail@gmail.com', '3146268091', NULL, '1222-02-12 00:00:00', 'CC', NULL, 2, 9, '', NULL, 15, NULL, NULL),
(69049, 'Carolina Varela', '', 'mailmail@gmail.com', '3106362071', NULL, '1222-02-12 00:00:00', 'CC', NULL, 2, 9, '', NULL, 15, NULL, NULL),
(69050, 'Daniela Rivillas ', '', 'mailmail@gmail.com', '3207150958', NULL, '1222-02-12 00:00:00', 'CC', NULL, 2, 9, '', NULL, 15, NULL, NULL),
(69051, 'Liset Milena', '', 'mailmail@gmail.com', '3148662668', NULL, '1222-02-12 00:00:00', 'CC', NULL, 2, 9, '', NULL, 15, NULL, NULL),
(69052, 'Rosario Yuliet', '', 'mailmail@gmail.com', '3044799661', NULL, '1222-02-12 00:00:00', 'CC', NULL, 2, 9, '', NULL, 15, NULL, NULL),
(69053, 'Luisa atehortua', '', 'mailmail@gmail.com', '3232771958', NULL, '1222-02-12 00:00:00', 'CC', NULL, 2, 9, '', NULL, 15, NULL, NULL),
(69054, 'Karla serna', '', 'mailmail@gmail.com', '3206400116', NULL, '1222-02-12 00:00:00', 'CC', NULL, 2, 9, '', NULL, 15, NULL, NULL),
(69055, 'Claudia restrepo', '', 'mailmail@gmail.com', '3117941383', NULL, '1222-02-12 00:00:00', 'CC', NULL, 2, 9, '', NULL, 15, NULL, NULL),
(69056, 'Natalia Olivero ', '', 'mailmail@gmail.com', '3118168707', NULL, '1222-02-12 00:00:00', 'CC', NULL, 2, 9, '', NULL, 15, NULL, NULL),
(69057, 'Viviana posada', '', 'mailmail@gmail.com', '3104599892', NULL, '1222-02-12 00:00:00', 'CC', NULL, 2, 9, '', NULL, 15, NULL, NULL),
(69058, 'Rosalba olivero', '', 'mailmail@gmail.com', '2306478985', NULL, '1222-02-12 00:00:00', 'CC', NULL, 2, 9, '', NULL, 15, NULL, NULL),
(69059, 'Angela Sepulveda', '', 'mailmail@gmail.com', '3004406690', NULL, '1222-02-12 00:00:00', 'CC', NULL, 2, 9, '', NULL, 15, NULL, NULL),
(69060, 'Luz dary cataño ', '', 'mailmail@gmail.com', '3105040274', NULL, '1222-02-12 00:00:00', 'CC', NULL, 2, 9, '', NULL, 15, NULL, NULL),
(69061, 'Yenifer Lopez', '', 'mailmail@gmail.com', '3107383764', NULL, '1222-02-12 00:00:00', 'CC', NULL, 2, 9, '', NULL, 15, NULL, NULL),
(69062, 'Erica Marin ', '', 'mailmail@gmail.com', '3206308630', NULL, '1222-02-12 00:00:00', 'CC', NULL, 2, 9, '', NULL, 15, NULL, NULL),
(69063, 'Vanesa Velasquez', '', 'mailmail@gmail.com', '3202669349', NULL, '1222-02-12 00:00:00', 'CC', NULL, 2, 9, '', NULL, 15, NULL, NULL),
(69064, 'Katerine Galvis', '', 'mailmail@gmail.com', '3148736270', NULL, '1222-02-12 00:00:00', 'CC', NULL, 2, 9, '', NULL, 15, NULL, NULL),
(69065, 'Maria Isabel Jimenez', '', 'mailmail@gmail.com', '3113967284', NULL, '1222-02-12 00:00:00', 'CC', NULL, 2, 9, '', NULL, 15, NULL, NULL),
(69066, 'Maribel  Izasa', '', 'mailmail@gmail.com', '317687377', NULL, '1222-02-12 00:00:00', 'CC', NULL, 2, 9, '', NULL, 15, NULL, NULL),
(69067, 'Yuri Andrea Isaza', '', 'mailmail@gmail.com', '3147653356', NULL, '1222-02-12 00:00:00', 'CC', NULL, 2, 9, '', NULL, 15, NULL, NULL),
(69068, 'Karen marquez', '', 'mailmail@gmail.com', '3176946453', NULL, '1222-02-12 00:00:00', 'CC', NULL, 2, 9, '', NULL, 15, NULL, NULL),
(69069, 'Aira Arango ', '', 'mailmail@gmail.com', '3217264503', NULL, '1222-02-12 00:00:00', 'CC', NULL, 2, 9, '', NULL, 15, NULL, NULL),
(69070, 'Liliana Tamayo', '', 'mailmail@gmail.com', '3135818287', NULL, '1222-02-12 00:00:00', 'CC', NULL, 2, 9, '', NULL, 15, NULL, NULL),
(69071, 'Emma franco', '', 'mailmail@gmail.com', '3113680576', NULL, '1222-02-12 00:00:00', 'CC', NULL, 2, 9, '', NULL, 15, NULL, NULL),
(69072, 'Adriana Molina', '', 'mailmail@gmail.com', '3108266135', NULL, '1222-02-12 00:00:00', 'CC', NULL, 2, 9, '', NULL, 15, NULL, NULL),
(69073, 'Paula Rivas ', '', 'mailmail@gmail.com', '3187427324', NULL, '1222-02-12 00:00:00', 'CC', NULL, 2, 9, '', NULL, 15, NULL, NULL),
(69074, 'Yessica Gutierrez', '', 'mailmail@gmail.com', '3147854090', NULL, '1222-02-12 00:00:00', 'CC', NULL, 2, 9, '', NULL, 15, NULL, NULL),
(69075, 'Yesica piedraita', '', 'mailmail@gmail.com', '3136895366', NULL, '1222-02-12 00:00:00', 'CC', NULL, 2, 9, '', NULL, 15, NULL, NULL),
(69076, 'Katerine otalvaro', '', 'mailmail@gmail.com', '3235273055', NULL, '1222-02-12 00:00:00', 'CC', NULL, 2, 9, '', NULL, 15, NULL, NULL),
(69077, 'Carmen zapata', '', 'mailmail@gmail.com', '3235273655', NULL, '1222-02-12 00:00:00', 'CC', NULL, 2, 9, '', NULL, 15, NULL, NULL),
(69078, 'Luica Montoya', '', 'mailmail@gmail.com', '3103862372', NULL, '1222-02-12 00:00:00', 'CC', NULL, 2, 9, '', NULL, 15, NULL, NULL),
(69079, 'Maria lopez', '', 'mailmail@gmail.com', '3146078138', NULL, '1222-02-12 00:00:00', 'CC', NULL, 2, 9, '', NULL, 15, NULL, NULL),
(69080, 'Tatiana vargas ', '', 'mailmail@gmail.com', '3122744681', NULL, '1222-02-12 00:00:00', 'CC', NULL, 2, 9, '', NULL, 15, NULL, NULL),
(69081, 'Amapro gaviria', '', 'mailmail@gmail.com', '3128843355', NULL, '1222-02-12 00:00:00', 'CC', NULL, 2, 9, '', NULL, 15, NULL, NULL),
(69082, 'Consuelo hernandez', '', 'mailmail@gmail.com', '3147246688', NULL, '1222-02-12 00:00:00', 'CC', NULL, 2, 9, '', NULL, 15, NULL, NULL),
(69083, 'Rosa Cataño ', '', 'mailmail@gmail.com', '3117306769', NULL, '1222-02-12 00:00:00', 'CC', NULL, 2, 9, '', NULL, 15, NULL, NULL),
(69084, 'Emanuel Rodriguez', '', 'mailmail@gmail.com', '3128868139', NULL, '1222-02-12 00:00:00', 'CC', NULL, 2, 9, '', NULL, 15, NULL, NULL),
(69085, 'Yenifer marin ', '', 'mailmail@gmail.com', '3106102541', NULL, '1222-02-12 00:00:00', 'CC', NULL, 2, 9, '', NULL, 15, NULL, NULL),
(69086, 'Nancy Camacho', '', 'mailmail@gmail.com', '3207355825', NULL, '1222-02-12 00:00:00', 'CC', NULL, 2, 9, '', NULL, 15, NULL, NULL),
(69087, 'Monica torres', '', 'mailmail@gmail.com', '31226460232', NULL, '1222-02-12 00:00:00', 'CC', NULL, 2, 9, '', NULL, 15, NULL, NULL),
(69088, 'Andrea Cadavid', '', 'mailmail@gmail.com', '3122806059', NULL, '1222-02-12 00:00:00', 'CC', NULL, 2, 9, '', NULL, 15, NULL, NULL),
(69089, 'Noemy ceballos ', '', 'mailmail@gmail.com', '3207065615', NULL, '1222-02-12 00:00:00', 'CC', NULL, 2, 9, '', NULL, 15, NULL, NULL),
(69090, 'Maria quiñonez', '', 'mailmail@gmail.com', '3155030710', NULL, '1222-02-12 00:00:00', 'CC', NULL, 2, 9, '', NULL, 15, NULL, NULL),
(69091, 'Fabiola Carmona', '', 'mailmail@gmail.com', '3145424239', NULL, '1222-02-12 00:00:00', 'CC', NULL, 2, 9, '', NULL, 15, NULL, NULL),
(69092, 'Luz Gil', '', 'mailmail@gmail.com', '3113111541', NULL, '1222-02-12 00:00:00', 'CC', NULL, 2, 9, '', NULL, 15, NULL, NULL),
(69093, 'Liciria Castrillon', '', 'mailmail@gmail.com', '3136811469', NULL, '1222-02-12 00:00:00', 'CC', NULL, 2, 9, '', NULL, 15, NULL, NULL),
(69094, 'Camila Gil', '', 'mailmail@gmail.com', '3223236936', NULL, '1222-02-12 00:00:00', 'CC', NULL, 2, 9, '', NULL, 15, NULL, NULL),
(69095, 'Yuri Duque ', '', 'mailmail@gmail.com', '3125419584', NULL, '1222-02-12 00:00:00', 'CC', NULL, 2, 9, '', NULL, 15, NULL, NULL),
(69096, 'Emilse Herrera', '', 'mailmail@gmail.com', '3113833964', NULL, '1222-02-12 00:00:00', 'CC', NULL, 2, 9, '', NULL, 15, NULL, NULL),
(69097, 'Alejandra vasquez', '', 'mailmail@gmail.com', '3214828473', NULL, '1222-02-12 00:00:00', 'CC', NULL, 2, 9, '', NULL, 15, NULL, NULL),
(69098, 'Gilma franco', '', 'mailmail@gmail.com', '3113032509', NULL, '1222-02-12 00:00:00', 'CC', NULL, 2, 9, '', NULL, 15, NULL, NULL),
(69099, 'Marcela franco', '', 'mailmail@gmail.com', '3154790148', NULL, '1222-02-12 00:00:00', 'CC', NULL, 2, 9, '', NULL, 15, NULL, NULL),
(69100, 'Vanesa Lopez', '', 'mailmail@gmail.com', '3042723621', NULL, '1222-02-12 00:00:00', 'CC', NULL, 2, 9, '', NULL, 15, NULL, NULL),
(69101, 'Sara ochoa ', '', 'mailmail@gmail.com', '3016889009', NULL, '1222-02-12 00:00:00', 'CC', NULL, 2, 9, '', NULL, 15, NULL, NULL),
(69102, 'Paola Pineda', '', 'mailmail@gmail.com', '3046376886', NULL, '1222-02-12 00:00:00', 'CC', NULL, 2, 9, '', NULL, 15, NULL, NULL),
(69103, 'LiLiana Sosa', '', 'mailmail@gmail.com', '3046376886', NULL, '1222-02-12 00:00:00', 'CC', NULL, 2, 9, '', NULL, 15, NULL, NULL),
(69104, 'Marleny Builes', '', 'mailmail@gmail.com', '3146755200', NULL, '1222-02-12 00:00:00', 'CC', NULL, 2, 9, '', NULL, 15, NULL, NULL),
(69105, 'Leydi Marion ', '', 'mailmail@gmail.com', '3217692516', NULL, '1222-02-12 00:00:00', 'CC', NULL, 2, 9, '', NULL, 15, NULL, NULL),
(69106, 'Juliana Castro ', '', 'mailmail@gmail.com', '3206587338', NULL, '1222-02-12 00:00:00', 'CC', NULL, 2, 9, '', NULL, 15, NULL, NULL),
(69107, 'Gloria castaño', '', 'mailmail@gmail.com', '3215979600', NULL, '1222-02-12 00:00:00', 'CC', NULL, 2, 9, '', NULL, 15, NULL, NULL),
(69108, 'Claudia Roja', '', 'mailmail@gmail.com', '3122816015', NULL, '1222-02-12 00:00:00', 'CC', NULL, 2, 9, '', NULL, 15, NULL, NULL),
(69109, 'Juliet Arroyave ', '', 'mailmail@gmail.com', '3164408127', NULL, '1222-02-12 00:00:00', 'CC', NULL, 2, 9, '', NULL, 15, NULL, NULL),
(69110, 'Sandra osorno', '', 'mailmail@gmail.com', '3246762198', NULL, '1222-02-12 00:00:00', 'CC', NULL, 2, 9, '', NULL, 15, NULL, NULL),
(69111, 'Selene Castrillon', '', 'mailmail@gmail.com', '3004886559', NULL, '1222-02-12 00:00:00', 'CC', NULL, 2, 9, '', NULL, 15, NULL, NULL),
(69112, 'Liliana andrea Giraldo ', '', 'mailmail@gmail.com', '3015243775', NULL, '1222-02-12 00:00:00', 'CC', NULL, 2, 9, '', NULL, 15, NULL, NULL),
(69113, 'Claudia Suarez', '', 'mailmail@gmail.com', '3005092395', NULL, '1222-02-12 00:00:00', 'CC', NULL, 2, 9, '', NULL, 15, NULL, NULL),
(69114, 'Natalia Vallejo ', '', 'mailmail@gmail.com', '3216831213', NULL, '1222-02-12 00:00:00', 'CC', NULL, 2, 9, '', NULL, 15, NULL, NULL),
(69115, 'Milena castillo', '', 'mailmail@gmail.com', '3117359500', NULL, '1222-02-12 00:00:00', 'CC', NULL, 2, 9, '', NULL, 15, NULL, NULL),
(69116, 'Dayana osorio', '', 'mailmail@gmail.com', '3242892554', NULL, '1222-02-12 00:00:00', 'CC', NULL, 2, 9, '', NULL, 15, NULL, NULL),
(69117, 'Marisol Angel ', '', 'mailmail@gmail.com', '3114390891', NULL, '1222-02-12 00:00:00', 'CC', NULL, 2, 9, '', NULL, 15, NULL, NULL),
(69118, 'Ligia jimenez', '', 'mailmail@gmail.com', '3135933460', NULL, '1222-02-12 00:00:00', 'CC', NULL, 2, 9, '', NULL, 15, NULL, NULL),
(69119, 'Manuela molina', '', 'mailmail@gmail.com', '3136837933', NULL, '1222-02-12 00:00:00', 'CC', NULL, 2, 9, '', NULL, 15, NULL, NULL),
(69120, 'Mariana castrillon', '', 'mailmail@gmail.com', '3216831177', NULL, '1222-02-12 00:00:00', 'CC', NULL, 2, 9, '', NULL, 15, NULL, NULL),
(69121, 'David barreneche', '', 'mailmail@gmail.com', '3173424656', NULL, '1222-02-12 00:00:00', 'CC', NULL, 2, 9, '', NULL, 15, NULL, NULL),
(69122, 'Dorey lopez', '', 'mailmail@gmail.com', '3113988646', NULL, '1222-02-12 00:00:00', 'CC', NULL, 2, 9, '', NULL, 15, NULL, NULL),
(69123, 'Alejandra Atehortua', '', 'mailmail@gmail.com', '3205494812', NULL, '1222-02-12 00:00:00', 'CC', NULL, 2, 9, '', NULL, 15, NULL, NULL),
(69124, 'Marco echeverry ', '', 'mailmail@gmail.com', '3147548555', NULL, '1222-02-12 00:00:00', 'CC', NULL, 2, 9, '', NULL, 15, NULL, NULL),
(69125, 'Lorena moreno', '', 'mailmail@gmail.com', '3128482483', NULL, '1222-02-12 00:00:00', 'CC', NULL, 2, 9, '', NULL, 15, NULL, NULL),
(69126, 'Gobany monsalve', '', 'mailmail@gmail.com', '3148220906', NULL, '1222-02-12 00:00:00', 'CC', NULL, 2, 9, '', NULL, 15, NULL, NULL),
(69127, 'Ana maria Ibarra', '', 'mailmail@gmail.com', '3137953191', NULL, '1222-02-12 00:00:00', 'CC', NULL, 2, 9, '', NULL, 15, NULL, NULL),
(69128, 'Gloria elena diosa', '', 'mailmail@gmail.com', '3122203255', NULL, '1222-02-12 00:00:00', 'CC', NULL, 2, 9, '', NULL, 15, NULL, NULL),
(69129, 'Maria Elvia echeverry ', '', 'mailmail@gmail.com', '3122203255', NULL, '1222-02-12 00:00:00', 'CC', NULL, 2, 9, '', NULL, 15, NULL, NULL),
(69130, 'Yesica sanchez', '', 'mailmail@gmail.com', '3217613831', NULL, '1222-02-12 00:00:00', 'CC', NULL, 2, 9, '', NULL, 15, NULL, NULL),
(69131, 'Pedro jaramillo', '', 'mailmail@gmail.com', '3132648402', NULL, '1222-02-12 00:00:00', 'CC', NULL, 2, 9, '', NULL, 15, NULL, NULL),
(69132, 'Diego Agudelo', '', 'mailmail@gmail.com', '3126599621', NULL, '1222-02-12 00:00:00', 'CC', NULL, 2, 9, '', NULL, 15, NULL, NULL),
(69133, 'Ovidio monsalve', '', 'mailmail@gmail.com', '3183948720', NULL, '1222-02-12 00:00:00', 'CC', NULL, 2, 9, '', NULL, 15, NULL, NULL),
(69134, 'conrado monsalve', '', 'mailmail@gmail.com', '3136101996', NULL, '1222-02-12 00:00:00', 'CC', NULL, 2, 9, '', NULL, 15, NULL, NULL),
(69135, 'Mariela de jesus cardona', '', 'mailmail@gmail.com', '313610996', NULL, '1222-02-12 00:00:00', 'CC', NULL, 2, 9, '', NULL, 15, NULL, NULL),
(69136, 'yoerly ochoa', '', 'mailmail@gmail.com', '3172527044', NULL, '1222-02-12 00:00:00', 'CC', NULL, 2, 9, '', NULL, 15, NULL, NULL),
(69137, 'Luciela sanchez', '', 'mailmail@gmail.com', '3216223784', NULL, '1222-02-12 00:00:00', 'CC', NULL, 2, 9, '', NULL, 15, NULL, NULL),
(69138, 'Noelia muñoz', '', 'mailmail@gmail.com', '3206586132', NULL, '1222-02-12 00:00:00', 'CC', NULL, 2, 9, '', NULL, 15, NULL, NULL),
(69139, 'Faber lopez', '', 'mailmail@gmail.com', '3207709519', NULL, '1222-02-12 00:00:00', 'CC', NULL, 2, 9, '', NULL, 15, NULL, NULL),
(69140, 'Gilberto sanches', '', 'mailmail@gmail.com', '3136168450', NULL, '1222-02-12 00:00:00', 'CC', NULL, 2, 9, '', NULL, 15, NULL, NULL),
(69141, 'Mari luz montoya', '', 'mailmail@gmail.com', '3122849836', NULL, '1222-02-12 00:00:00', 'CC', NULL, 2, 9, '', NULL, 15, NULL, NULL),
(69142, 'eugenia chaverra', '', 'mailmail@gmail.com', '3215983348', NULL, '1222-02-12 00:00:00', 'CC', NULL, 2, 9, '', NULL, 15, NULL, NULL),
(69143, 'Martha ochoa', '', 'mailmail@gmail.com', '3207337285', NULL, '1222-02-12 00:00:00', 'CC', NULL, 2, 9, '', NULL, 15, NULL, NULL),
(69144, 'Gloria Gaviria', '', 'mailmail@gmail.com', '3162402929', NULL, '1222-02-12 00:00:00', 'CC', NULL, 2, 9, '', NULL, 15, NULL, NULL),
(69145, 'Gloria cortes', '', 'mailmail@gmail.com', '312249026', NULL, '1222-02-12 00:00:00', 'CC', NULL, 2, 9, '', NULL, 15, NULL, NULL),
(69146, 'Albeiro gallego ', '', 'mailmail@gmail.com', '3122498026', NULL, '1222-02-12 00:00:00', 'CC', NULL, 2, 9, '', NULL, 15, NULL, NULL),
(69147, 'Maryori Velilla', '', 'mailmail@gmail.com', '3195017967', NULL, '1222-02-12 00:00:00', 'CC', NULL, 2, 9, '', NULL, 15, NULL, NULL),
(69148, 'Nora elena david', '', 'mailmail@gmail.com', '3205766164', NULL, '1222-02-12 00:00:00', 'CC', NULL, 2, 9, '', NULL, 15, NULL, NULL),
(69149, 'Monica Alvares', '', 'mailmail@gmail.com', '3134723353', NULL, '1222-02-12 00:00:00', 'CC', NULL, 2, 9, '', NULL, 15, NULL, NULL),
(69150, 'Sorelly Sanchez', '', 'mailmail@gmail.com', '3206971083', NULL, '1222-02-12 00:00:00', 'CC', NULL, 2, 9, '', NULL, 15, NULL, NULL),
(69151, 'Alvaro Muñoz', '', 'mailmail@gmail.com', '313658417', NULL, '1222-02-12 00:00:00', 'CC', NULL, 2, 9, '', NULL, 15, NULL, NULL),
(69152, 'Consuelo Siro', '', 'mailmail@gmail.com', '3136587417', NULL, '1222-02-12 00:00:00', 'CC', NULL, 2, 9, '', NULL, 15, NULL, NULL),
(69153, 'Otoniel Muñoz', '', 'mailmail@gmail.com', '3147217248', NULL, '1222-02-12 00:00:00', 'CC', NULL, 2, 9, '', NULL, 15, NULL, NULL),
(69154, 'Gladis Gallego ', '', 'mailmail@gmail.com', '3145936076', NULL, '1222-02-12 00:00:00', 'CC', NULL, 2, 9, '', NULL, 15, NULL, NULL),
(69155, 'Dioneison Sanchez', '', 'mailmail@gmail.com', '3124124841', NULL, '1222-02-12 00:00:00', 'CC', NULL, 2, 9, '', NULL, 15, NULL, NULL),
(69156, 'Orlando zuluaga', '', 'mailmail@gmail.com', '3183072429', NULL, '1222-02-12 00:00:00', 'CC', NULL, 2, 9, '', NULL, 15, NULL, NULL),
(69157, 'Cristian muñoz', '', 'mailmail@gmail.com', '3155169026', NULL, '1222-02-12 00:00:00', 'CC', NULL, 2, 9, '', NULL, 15, NULL, NULL),
(69158, 'Deisy gallego ', '', 'mailmail@gmail.com', '3147278274', NULL, '1222-02-12 00:00:00', 'CC', NULL, 2, 9, '', NULL, 15, NULL, NULL),
(69159, 'Durlenis chavarria', '', 'mailmail@gmail.com', '3147122672', NULL, '1222-02-12 00:00:00', 'CC', NULL, 2, 9, '', NULL, 15, NULL, NULL),
(69160, 'Fernando Gallego ', '', 'mailmail@gmail.com', '3235005791', NULL, '1222-02-12 00:00:00', 'CC', NULL, 2, 9, '', NULL, 15, NULL, NULL),
(69161, 'Viviana chavarriaa', '', 'mailmail@gmail.com', '3217148081', NULL, '1222-02-12 00:00:00', 'CC', NULL, 2, 9, '', NULL, 15, NULL, NULL),
(69162, 'Piter cordoba', '', 'mailmail@gmail.com', '3127765707', NULL, '1222-02-12 00:00:00', 'CC', NULL, 2, 9, '', NULL, 15, NULL, NULL),
(69163, 'Carlos arismendi', '', 'mailmail@gmail.com', '3137350549', NULL, '1222-02-12 00:00:00', 'CC', NULL, 2, 9, '', NULL, 15, NULL, NULL),
(69164, 'Luis eduardo ochoa', '', 'mailmail@gmail.com', '3104103818', NULL, '1222-02-12 00:00:00', 'CC', NULL, 2, 9, '', NULL, 15, NULL, NULL),
(69165, 'Flor Angela estrada', '', 'mailmail@gmail.com', '3148448933', NULL, '1222-02-12 00:00:00', 'CC', NULL, 2, 9, '', NULL, 15, NULL, NULL),
(69166, 'Elene Berrio', '', 'mailmail@gmail.com', '3184766146', NULL, '1222-02-12 00:00:00', 'CC', NULL, 2, 9, '', NULL, 15, NULL, NULL),
(69167, 'Adriana gallego ', '', 'mailmail@gmail.com', '3206397046', NULL, '1222-02-12 00:00:00', 'CC', NULL, 2, 9, '', NULL, 15, NULL, NULL),
(69168, 'Rogelio gallego ', '', 'mailmail@gmail.com', '3196861658', NULL, '1222-02-12 00:00:00', 'CC', NULL, 2, 9, '', NULL, 15, NULL, NULL),
(69169, 'Gladis gallego ', '', 'mailmail@gmail.com', '3145936076', NULL, '1222-02-12 00:00:00', 'CC', NULL, 2, 9, '', NULL, 15, NULL, NULL),
(69170, 'Gabriela clavijo ', '', 'mailmail@gmail.com', '3103926335', NULL, '1222-02-12 00:00:00', 'CC', NULL, 2, 9, '', NULL, 15, NULL, NULL),
(69171, 'Gusto Ruis', '', 'mailmail@gmail.com', '3206688480', NULL, '1222-02-12 00:00:00', 'CC', NULL, 2, 9, '', NULL, 15, NULL, NULL),
(69172, 'Maria suarez', '', 'mailmail@gmail.com', '3227359076', NULL, '1222-02-12 00:00:00', 'CC', NULL, 2, 9, '', NULL, 15, NULL, NULL),
(69173, 'Duban Marin ', '', 'mailmail@gmail.com', '3146262315', NULL, '1222-02-12 00:00:00', 'CC', NULL, 2, 9, '', NULL, 15, NULL, NULL),
(69174, 'Gladis Marin ', '', 'mailmail@gmail.com', '3207400286', NULL, '1222-02-12 00:00:00', 'CC', NULL, 2, 9, '', NULL, 15, NULL, NULL),
(69175, 'Lucelly Chaverra', '', 'mailmail@gmail.com', '3246727887', NULL, '1222-02-12 00:00:00', 'CC', NULL, 2, 9, '', NULL, 15, NULL, NULL),
(69176, 'Edilma Marin ', '', 'mailmail@gmail.com', '3110805838', NULL, '1222-02-12 00:00:00', 'CC', NULL, 2, 9, '', NULL, 15, NULL, NULL),
(69177, 'lusmila Marin ', '', 'mailmail@gmail.com', '3116229389', NULL, '1222-02-12 00:00:00', 'CC', NULL, 2, 9, '', NULL, 15, NULL, NULL),
(69178, 'vanesa  callejas ', '', 'mailmail@gmail.com', '3173407038', NULL, '1222-02-12 00:00:00', 'CC', NULL, 2, 9, '', NULL, 15, NULL, NULL),
(69179, 'Amanda velez', '', 'mailmail@gmail.com', '3175094294', NULL, '1222-02-12 00:00:00', 'CC', NULL, 2, 9, '', NULL, 15, NULL, NULL),
(69180, 'Ana Isabel ', '', 'mailmail@gmail.com', '3243333378', NULL, '1222-02-12 00:00:00', 'CC', NULL, 2, 9, '', NULL, 15, NULL, NULL),
(69181, 'Gloria Vasquez', '', 'mailmail@gmail.com', '3024280214', NULL, '1222-02-12 00:00:00', 'CC', NULL, 2, 9, '', NULL, 15, NULL, NULL),
(69182, 'Ofelia del socorro A', '', 'mailmail@gmail.com', '3135858433', NULL, '1222-02-12 00:00:00', 'CC', NULL, 2, 9, '', NULL, 15, NULL, NULL),
(69183, 'Octavio Montoya', '', 'mailmail@gmail.com', '3008500354', NULL, '1222-02-12 00:00:00', 'CC', NULL, 2, 9, '', NULL, 15, NULL, NULL),
(69184, 'Marina callejas', '', 'mailmail@gmail.com', '3117722377', NULL, '1222-02-12 00:00:00', 'CC', NULL, 2, 9, '', NULL, 15, NULL, NULL),
(69185, 'Maria elena chaverrra', '', 'mailmail@gmail.com', '3044304098', NULL, '1222-02-12 00:00:00', 'CC', NULL, 2, 9, '', NULL, 15, NULL, NULL),
(69186, 'Fabiola Sanchez', '', 'mailmail@gmail.com', '3117296624', NULL, '1222-02-12 00:00:00', 'CC', NULL, 2, 9, '', NULL, 15, NULL, NULL),
(69187, 'Omaira hernandez', '', 'mailmail@gmail.com', '3127122642', NULL, '1222-02-12 00:00:00', 'CC', NULL, 2, 9, '', NULL, 15, NULL, NULL),
(69188, 'Beatriz Castrillon', '', 'mailmail@gmail.com', '3207969629', NULL, '1222-02-12 00:00:00', 'CC', NULL, 2, 9, '', NULL, 15, NULL, NULL),
(69189, 'Gonzalo Hernandez', '', 'mailmail@gmail.com', '3148752918', NULL, '1222-02-12 00:00:00', 'CC', NULL, 2, 9, '', NULL, 15, NULL, NULL),
(69190, 'Arnoldo Gutierrez', '', 'mailmail@gmail.com', '3127452110', NULL, '1222-02-12 00:00:00', 'CC', NULL, 2, 9, '', NULL, 15, NULL, NULL),
(69191, 'Daniel Jose Silva', '', 'mailmail@gmail.com', '3137789836', NULL, '1222-02-12 00:00:00', 'CC', NULL, 2, 9, '', NULL, 15, NULL, NULL),
(69192, 'Martha Livia Marin ', '', 'mailmail@gmail.com', '3196572246', NULL, '1222-02-12 00:00:00', 'CC', NULL, 2, 9, '', NULL, 15, NULL, NULL),
(69193, 'Leydi Torres', '', 'mailmail@gmail.com', '3195183487', NULL, '1222-02-12 00:00:00', 'CC', NULL, 2, 9, '', NULL, 15, NULL, NULL),
(69194, 'Jose Mesa', '', 'mailmail@gmail.com', '3219324684', NULL, '1222-02-12 00:00:00', 'CC', NULL, 2, 9, '', NULL, 15, NULL, NULL),
(69195, 'Walter Arango', '', 'mailmail@gmail.com', '3225368301', NULL, '1222-02-12 00:00:00', 'CC', NULL, 2, 9, '', NULL, 15, NULL, NULL),
(69196, 'Alirio Lopez', '', 'mailmail@gmail.com', '3127265517', NULL, '1222-02-12 00:00:00', 'CC', NULL, 2, 9, '', NULL, 15, NULL, NULL),
(69197, 'Oscar polo', '', 'mailmail@gmail.com', '3114344795', NULL, '1222-02-12 00:00:00', 'CC', NULL, 2, 9, '', NULL, 15, NULL, NULL),
(69198, 'Diomer Callejas ', '', 'mailmail@gmail.com', '3104740963', NULL, '1222-02-12 00:00:00', 'CC', NULL, 2, 9, '', NULL, 15, NULL, NULL),
(69199, 'Alexander Henao', '', 'mailmail@gmail.com', '3217935341', NULL, '1222-02-12 00:00:00', 'CC', NULL, 2, 9, '', NULL, 15, NULL, NULL);
INSERT INTO "ShipmentOrders" ("Id", "FirstName", "LastName", "Email", "Phone", "HouseId", "BirthDate", "DocumentType", "DocumentId", "SexId", "ServicesId", "Sidewalk", "Need", "ModifyUserId", "EconomicActivity", "ServiceActivityId") VALUES
(69200, 'Rosa Nelly Marin ', '', 'mailmail@gmail.com', '3148407237', NULL, '1222-02-12 00:00:00', 'CC', NULL, 2, 9, '', NULL, 15, NULL, NULL),
(69201, 'Alba mery Marin ', '', 'mailmail@gmail.com', '3136936774', NULL, '1222-02-12 00:00:00', 'CC', NULL, 2, 9, '', NULL, 15, NULL, NULL),
(69202, 'Jorge hernan Marin ', '', 'mailmail@gmail.com', '3126936771', NULL, '1222-02-12 00:00:00', 'CC', NULL, 2, 9, '', NULL, 15, NULL, NULL),
(69203, 'Diana Arango', '', 'mailmail@gmail.com', '3114054226', NULL, '1222-02-12 00:00:00', 'CC', NULL, 2, 9, '', NULL, 15, NULL, NULL),
(69204, 'Yeimy Arango ', '', 'mailmail@gmail.com', '3147102507', NULL, '1222-02-12 00:00:00', 'CC', NULL, 2, 9, '', NULL, 15, NULL, NULL),
(69205, 'Maria Calderon ', '', 'mailmail@gmail.com', '3133198373', NULL, '1222-02-12 00:00:00', 'CC', NULL, 2, 9, '', NULL, 15, NULL, NULL),
(69206, 'Evilian Uribe', '', 'mailmail@gmail.com', '3134786141', NULL, '1222-02-12 00:00:00', 'CC', NULL, 2, 9, '', NULL, 15, NULL, NULL),
(69207, 'Maria  Elena Gomez', '', 'mailmail@gmail.com', '3113416918', NULL, '1222-02-12 00:00:00', 'CC', NULL, 2, 9, '', NULL, 15, NULL, NULL),
(69208, 'Carlos hernando Villa ', '', 'mailmail@gmail.com', '3104678094', NULL, '1222-02-12 00:00:00', 'CC', NULL, 2, 9, '', NULL, 15, NULL, NULL),
(69209, 'Alfredo Callejas', '', 'mailmail@gmail.com', '3146560207', NULL, '1222-02-12 00:00:00', 'CC', NULL, 2, 9, '', NULL, 15, NULL, NULL),
(69210, 'Lina Vanesa gil ', '', 'mailmail@gmail.com', '3173407038', NULL, '1222-02-12 00:00:00', 'CC', NULL, 2, 9, '', NULL, 15, NULL, NULL),
(69211, 'Katerina Callejas ', '', 'mailmail@gmail.com', '3146277559', NULL, '1222-02-12 00:00:00', 'CC', NULL, 2, 9, '', NULL, 15, NULL, NULL),
(69212, 'Luz Mery Callejas ', '', 'mailmail@gmail.com', '3184379584', NULL, '1222-02-12 00:00:00', 'CC', NULL, 2, 9, '', NULL, 15, NULL, NULL),
(69213, 'Martha Liliana Lopez', '', 'mailmail@gmail.com', '3215799408', NULL, '1222-02-12 00:00:00', 'CC', NULL, 2, 9, '', NULL, 15, NULL, NULL),
(69214, 'Carlos Alberto Vlez', '', 'mailmail@gmail.com', '3188968772', NULL, '1222-02-12 00:00:00', 'CC', NULL, 2, 9, '', NULL, 15, NULL, NULL),
(69215, 'William Vallejo ', '', 'mailmail@gmail.com', '3135006152', NULL, '1222-02-12 00:00:00', 'CC', NULL, 2, 9, '', NULL, 15, NULL, NULL),
(69216, 'Jhoan Salazar ', '', 'mailmail@gmail.com', '3213449091', NULL, '1222-02-12 00:00:00', 'CC', NULL, 2, 9, '', NULL, 15, NULL, NULL),
(69217, 'Rigoberto Osorio ', '', 'mailmail@gmail.com', '3206706556', NULL, '1222-02-12 00:00:00', 'CC', NULL, 2, 9, '', NULL, 15, NULL, NULL),
(69218, 'Fernanado Osorio ', '', 'mailmail@gmail.com', '3207948032', NULL, '1222-02-12 00:00:00', 'CC', NULL, 2, 9, '', NULL, 15, NULL, NULL),
(69219, 'Jose Ramiro Loaiza', '', 'mailmail@gmail.com', '3117299464', NULL, '1222-02-12 00:00:00', 'CC', NULL, 2, 9, '', NULL, 15, NULL, NULL),
(69220, 'Eucaris Montoya', '', 'mailmail@gmail.com', '3136873326', NULL, '1222-02-12 00:00:00', 'CC', NULL, 2, 9, '', NULL, 15, NULL, NULL),
(69221, 'Luz  amelia Salazar', '', 'mailmail@gmail.com', '3226890466', NULL, '1222-02-12 00:00:00', 'CC', NULL, 2, 9, '', NULL, 15, NULL, NULL),
(69222, 'Viviana Cristina Rua', '', 'mailmail@gmail.com', '3207963626', NULL, '1222-02-12 00:00:00', 'CC', NULL, 2, 9, '', NULL, 15, NULL, NULL),
(69223, 'Omar Dario Galvis', '', 'mailmail@gmail.com', '3116399159', NULL, '1222-02-12 00:00:00', 'CC', NULL, 2, 9, '', NULL, 15, NULL, NULL),
(69224, 'Jesus osorno ', '', 'mailmail@gmail.com', '3126517469', NULL, '1222-02-12 00:00:00', 'CC', NULL, 2, 9, '', NULL, 15, NULL, NULL),
(69225, 'Julio Cesar Vanegas ', '', 'mailmail@gmail.com', '3128280178', NULL, '1222-02-12 00:00:00', 'CC', NULL, 2, 9, '', NULL, 15, NULL, NULL),
(69226, 'Gladis Guerra', '', 'mailmail@gmail.com', '3042896583', NULL, '1222-02-12 00:00:00', 'CC', NULL, 2, 9, '', NULL, 15, NULL, NULL),
(69227, 'Maria Serna', '', 'mailmail@gmail.com', '3145124267', NULL, '1222-02-12 00:00:00', 'CC', NULL, 2, 9, '', NULL, 15, NULL, NULL),
(69228, 'Uber Mendoza', '', 'mailmail@gmail.com', '3164188080', NULL, '1222-02-12 00:00:00', 'CC', NULL, 2, 9, '', NULL, 15, NULL, NULL),
(69229, 'Gladis Estrada', '', 'mailmail@gmail.com', '3197427174', NULL, '1222-02-12 00:00:00', 'CC', NULL, 2, 9, '', NULL, 15, NULL, NULL),
(69230, 'Gladis Ballestero ', '', 'mailmail@gmail.com', '3233272125', NULL, '1222-02-12 00:00:00', 'CC', NULL, 2, 9, '', NULL, 15, NULL, NULL),
(69231, 'Edgar Zuluaga', '', 'mailmail@gmail.com', '3136872633', NULL, '1222-02-12 00:00:00', 'CC', NULL, 2, 9, '', NULL, 15, NULL, NULL),
(69232, 'Virgilio Osorio ', '', 'mailmail@gmail.com', '3122658865', NULL, '1222-02-12 00:00:00', 'CC', NULL, 2, 9, '', NULL, 15, NULL, NULL),
(69233, 'Luis Guillermo Bermudez', '', 'mailmail@gmail.com', '3184788396', NULL, '1222-02-12 00:00:00', 'CC', NULL, 2, 9, '', NULL, 15, NULL, NULL),
(69234, 'Jeison urrego ', '', 'mailmail@gmail.com', '3203871585', NULL, '1222-02-12 00:00:00', 'CC', NULL, 2, 9, '', NULL, 15, NULL, NULL),
(69235, 'Elkin Ivan Lopez', '', 'mailmail@gmail.com', '3508694756', NULL, '1222-02-12 00:00:00', 'CC', NULL, 2, 9, '', NULL, 15, NULL, NULL),
(69236, 'Yuli Tatian Muñoz', '', 'mailmail@gmail.com', '3218452232', NULL, '1222-02-12 00:00:00', 'CC', NULL, 2, 9, '', NULL, 15, NULL, NULL),
(69237, 'Jhon Jairo Hernandez', '', 'mailmail@gmail.com', '3196130546', NULL, '1222-02-12 00:00:00', 'CC', NULL, 2, 9, '', NULL, 15, NULL, NULL),
(69238, 'Olga Lucia Cataño', '', 'mailmail@gmail.com', '3127412165', NULL, '1222-02-12 00:00:00', 'CC', NULL, 2, 9, '', NULL, 15, NULL, NULL),
(69239, 'Doris Eugenia Carrasquilla', '', 'mailmail@gmail.com', '3107152074', NULL, '1222-02-12 00:00:00', 'CC', NULL, 2, 9, '', NULL, 15, NULL, NULL),
(69240, 'Humberto Acevedo ', '', 'mailmail@gmail.com', '3127741611', NULL, '1222-02-12 00:00:00', 'CC', NULL, 2, 9, '', NULL, 15, NULL, NULL),
(69241, 'Mariela flores', '', 'mailmail@gmail.com', '3206569353', NULL, '1222-02-12 00:00:00', 'CC', NULL, 2, 9, '', NULL, 15, NULL, NULL),
(69242, 'Jaime leon Palacio ', '', 'mailmail@gmail.com', '3136391058', NULL, '1222-02-12 00:00:00', 'CC', NULL, 2, 9, '', NULL, 15, NULL, NULL),
(69243, 'Viviana lucia suarez', '', 'mailmail@gmail.com', '3227240825', NULL, '1222-02-12 00:00:00', 'CC', NULL, 2, 9, '', NULL, 15, NULL, NULL),
(69244, 'Jesus Maria Perez', '', 'mailmail@gmail.com', '3148410830', NULL, '1222-02-12 00:00:00', 'CC', NULL, 2, 9, '', NULL, 15, NULL, NULL),
(69245, 'Cesar Antonio Barrera', '', 'mailmail@gmail.com', '3122851703', NULL, '1222-02-12 00:00:00', 'CC', NULL, 2, 9, '', NULL, 15, NULL, NULL),
(69246, 'Francisco luis Orozco ', '', 'mailmail@gmail.com', '3207705662', NULL, '1222-02-12 00:00:00', 'CC', NULL, 2, 9, '', NULL, 15, NULL, NULL),
(69247, 'Beatriz elena Misas ', '', 'mailmail@gmail.com', '3128652723', NULL, '1222-02-12 00:00:00', 'CC', NULL, 2, 9, '', NULL, 15, NULL, NULL),
(69248, 'Fredy Orrego ', '', 'mailmail@gmail.com', '3148130012', NULL, '1222-02-12 00:00:00', 'CC', NULL, 2, 9, '', NULL, 15, NULL, NULL),
(69249, 'Gloria Pareja ', '', 'mailmail@gmail.com', '3206687422', NULL, '1222-02-12 00:00:00', 'CC', NULL, 2, 9, '', NULL, 15, NULL, NULL),
(69250, 'Juan perez', '', 'mailmail@gmail.com', '3218984697', NULL, '1222-02-12 00:00:00', 'CC', NULL, 2, 9, '', NULL, 15, NULL, NULL),
(69251, 'Lisandro Duque ', '', 'mailmail@gmail.com', '3016185964', NULL, '1222-02-12 00:00:00', 'CC', NULL, 2, 9, '', NULL, 15, NULL, NULL),
(69252, 'Fabio Alberto Gallego ', '', 'mailmail@gmail.com', '3113490499', NULL, '1222-02-12 00:00:00', 'CC', NULL, 2, 9, '', NULL, 15, NULL, NULL),
(69253, 'Alonso Hernandez', '', 'mailmail@gmail.com', '3117290103', NULL, '1222-02-12 00:00:00', 'CC', NULL, 2, 9, '', NULL, 15, NULL, NULL),
(69254, 'Juan Huberto Perez', '', 'mailmail@gmail.com', '3114278738', NULL, '1222-02-12 00:00:00', 'CC', NULL, 2, 9, '', NULL, 15, NULL, NULL),
(69255, 'Horacio Sanchez', '', 'mailmail@gmail.com', '3196973178', NULL, '1222-02-12 00:00:00', 'CC', NULL, 2, 9, '', NULL, 15, NULL, NULL),
(69256, 'Argemiro Jaramillo', '', 'mailmail@gmail.com', '3148454034', NULL, '1222-02-12 00:00:00', 'CC', NULL, 2, 9, '', NULL, 15, NULL, NULL),
(69257, 'Yessica Jaramillo', '', 'mailmail@gmail.com', '3115528187', NULL, '1222-02-12 00:00:00', 'CC', NULL, 2, 9, '', NULL, 15, NULL, NULL),
(69258, 'Juan Diego Granada', '', 'mailmail@gmail.com', '3043161986', NULL, '1222-02-12 00:00:00', 'CC', NULL, 2, 9, '', NULL, 15, NULL, NULL),
(69259, 'Adrian liebano', '', 'mailmail@gmail.com', '3148332353', NULL, '1222-02-12 00:00:00', 'CC', NULL, 2, 9, '', NULL, 15, NULL, NULL),
(69260, 'Daniel Lievano', '', 'mailmail@gmail.com', '3206689914', NULL, '1222-02-12 00:00:00', 'CC', NULL, 2, 9, '', NULL, 15, NULL, NULL),
(69261, 'Luis fernando Galvis', '', 'mailmail@gmail.com', '3128984457', NULL, '1222-02-12 00:00:00', 'CC', NULL, 2, 9, '', NULL, 15, NULL, NULL),
(69262, 'Omar galvis', '', 'mailmail@gmail.com', '3116399159', NULL, '1222-02-12 00:00:00', 'CC', NULL, 2, 9, '', NULL, 15, NULL, NULL),
(69263, 'Walter Vergara', '', 'mailmail@gmail.com', '3126203518', NULL, '1222-02-12 00:00:00', 'CC', NULL, 2, 9, '', NULL, 15, NULL, NULL),
(69264, 'Harol vergara', '', 'mailmail@gmail.com', '3135728506', NULL, '1222-02-12 00:00:00', 'CC', NULL, 2, 9, '', NULL, 15, NULL, NULL),
(69265, 'Nataly taborda', '', 'mailmail@gmail.com', '3022037346', NULL, '1222-02-12 00:00:00', 'CC', NULL, 2, 9, '', NULL, 15, NULL, NULL),
(69266, 'Dadian Orozco', '', 'mailmail@gmail.com', '3128146898', NULL, '1222-02-12 00:00:00', 'CC', NULL, 2, 9, '', NULL, 15, NULL, NULL),
(69267, 'Heliberto Morales', '', 'mailmail@gmail.com', '3148270250', NULL, '1222-02-12 00:00:00', 'CC', NULL, 2, 9, '', NULL, 15, NULL, NULL),
(69268, 'Rodrigo Usuga', '', 'mailmail@gmail.com', '3005251098', NULL, '1222-02-12 00:00:00', 'CC', NULL, 2, 9, '', NULL, 15, NULL, NULL),
(69269, 'Nelson Orozco ', '', 'mailmail@gmail.com', '3139817577', NULL, '1222-02-12 00:00:00', 'CC', NULL, 2, 9, '', NULL, 15, NULL, NULL),
(69270, 'Pablo Acevedo', '', 'mailmail@gmail.com', '3105405432', NULL, '1222-02-12 00:00:00', 'CC', NULL, 2, 9, '', NULL, 15, NULL, NULL),
(69271, 'Maria teresa Aguirre ', '', 'mailmail@gmail.com', '3146468556', NULL, '1222-02-12 00:00:00', 'CC', NULL, 2, 9, '', NULL, 15, NULL, NULL),
(69272, 'Lus Silvia ', '', 'mailmail@gmail.com', '3207833461', NULL, '1222-02-12 00:00:00', 'CC', NULL, 2, 9, '', NULL, 15, NULL, NULL),
(69273, 'Ricardo Gallego', '', 'mailmail@gmail.com', '3217138296', NULL, '1222-02-12 00:00:00', 'CC', NULL, 2, 9, '', NULL, 15, NULL, NULL),
(69274, 'Sami cortes', '', 'mailmail@gmail.com', '3148778459', NULL, '1222-02-12 00:00:00', 'CC', NULL, 2, 9, '', NULL, 15, NULL, NULL),
(69275, 'Julian Andres vergara', '', 'mailmail@gmail.com', '3104049003', NULL, '1222-02-12 00:00:00', 'CC', NULL, 2, 9, '', NULL, 15, NULL, NULL),
(69276, 'Yuliana Henao ', '', 'mailmail@gmail.com', '3205104188', NULL, '1222-02-12 00:00:00', 'CC', NULL, 2, 9, '', NULL, 15, NULL, NULL),
(69277, 'Gloria Aroyave ', '', 'mailmail@gmail.com', '3106561314', NULL, '1222-02-12 00:00:00', 'CC', NULL, 2, 9, '', NULL, 15, NULL, NULL),
(69278, 'Rosalba Henao', '', 'mailmail@gmail.com', '3126234857', NULL, '1222-02-12 00:00:00', 'CC', NULL, 2, 9, '', NULL, 15, NULL, NULL),
(69279, 'shirley Montoya', '', 'mailmail@gmail.com', '3045650049', NULL, '1222-02-12 00:00:00', 'CC', NULL, 2, 9, '', NULL, 15, NULL, NULL),
(69280, 'Nicolas Vallejo', '', 'mailmail@gmail.com', '3145538276', NULL, '1222-02-12 00:00:00', 'CC', NULL, 2, 9, '', NULL, 15, NULL, NULL),
(69281, 'Gonzalo hernandez', '', 'mailmail@gmail.com', '3195310055', NULL, '1222-02-12 00:00:00', 'CC', NULL, 2, 9, '', NULL, 15, NULL, NULL),
(69282, 'Nestor valencia', '', 'mailmail@gmail.com', '3196908551', NULL, '1222-02-12 00:00:00', 'CC', NULL, 2, 9, '', NULL, 15, NULL, NULL),
(69283, 'Rosa Edilma muñoz', '', 'mailmail@gmail.com', '2306688674', NULL, '1222-02-12 00:00:00', 'CC', NULL, 2, 9, '', NULL, 15, NULL, NULL),
(69284, 'Luis edo barrera', '', 'mailmail@gmail.com', '3137036481', NULL, '1222-02-12 00:00:00', 'CC', NULL, 2, 9, '', NULL, 15, NULL, NULL),
(69285, 'Monica liliana cano', '', 'mailmail@gmail.com', '3178621559', NULL, '1222-02-12 00:00:00', 'CC', NULL, 2, 9, '', NULL, 15, NULL, NULL),
(69286, 'Diana perez', '', 'mailmail@gmail.com', '3207730597', NULL, '1222-02-12 00:00:00', 'CC', NULL, 2, 9, '', NULL, 15, NULL, NULL),
(69287, 'Gildardo muñoz', '', 'mailmail@gmail.com', '3113565632', NULL, '1222-02-12 00:00:00', 'CC', NULL, 2, 9, '', NULL, 15, NULL, NULL),
(69288, 'Dersi acevedo', '', 'mailmail@gmail.com', '3124518987', NULL, '1222-02-12 00:00:00', 'CC', NULL, 2, 9, '', NULL, 15, NULL, NULL),
(69289, 'Carme rosa palacio ', '', 'mailmail@gmail.com', '3224141965', NULL, '1222-02-12 00:00:00', 'CC', NULL, 2, 9, '', NULL, 15, NULL, NULL),
(69290, 'Alba carvajal', '', 'mailmail@gmail.com', '3113867474', NULL, '1222-02-12 00:00:00', 'CC', NULL, 2, 9, '', NULL, 15, NULL, NULL),
(69291, 'Gladis Alzate ', '', 'mailmail@gmail.com', '3177882048', NULL, '1222-02-12 00:00:00', 'CC', NULL, 2, 9, '', NULL, 15, NULL, NULL),
(69292, 'Jenny flores', '', 'mailmail@gmail.com', '3127257800', NULL, '1222-02-12 00:00:00', 'CC', NULL, 2, 9, '', NULL, 15, NULL, NULL),
(69293, 'Henry Monsalve', '', 'mailmail@gmail.com', '3147555103', NULL, '1222-02-12 00:00:00', 'CC', NULL, 2, 9, '', NULL, 15, NULL, NULL),
(69294, 'Leydi soto', '', 'mailmail@gmail.com', '3133448411', NULL, '1222-02-12 00:00:00', 'CC', NULL, 2, 9, '', NULL, 15, NULL, NULL),
(69295, 'Yamith Galvis', '', 'mailmail@gmail.com', '3202480569', NULL, '1222-02-12 00:00:00', 'CC', NULL, 2, 9, '', NULL, 15, NULL, NULL),
(69296, 'Jean carlos ', '', 'mailmail@gmail.com', '3135603673', NULL, '1222-02-12 00:00:00', 'CC', NULL, 2, 9, '', NULL, 15, NULL, NULL),
(69297, 'Luis alfonso duque', '', 'mailmail@gmail.com', '3136166240', NULL, '1222-02-12 00:00:00', 'CC', NULL, 2, 9, '', NULL, 15, NULL, NULL),
(69298, 'Lucila duque', '', 'mailmail@gmail.com', '3213555949', NULL, '1222-02-12 00:00:00', 'CC', NULL, 2, 9, '', NULL, 15, NULL, NULL),
(69299, 'Oscar chaverra', '', 'mailmail@gmail.com', '3137808716', NULL, '1222-02-12 00:00:00', 'CC', NULL, 2, 9, '', NULL, 15, NULL, NULL),
(69300, 'Viviana quin tero ', '', 'mailmail@gmail.com', '3146937703', NULL, '1222-02-12 00:00:00', 'CC', NULL, 2, 9, '', NULL, 15, NULL, NULL),
(69301, 'David', 'Ciro', 'diegozulu77@gmail.com', '3184666618', NULL, '8788-08-07 00:00:00', 'CC', NULL, 2, 9, '', NULL, 15, NULL, NULL),
(69302, 'Felipe ', 'Barrientos', NULL, '3206927778', NULL, '8778-08-07 00:00:00', 'CC', NULL, 2, 9, '', NULL, 15, NULL, NULL),
(69823, 'Dario', 'Forero', NULL, '3118284967', 104, NULL, 'CC', NULL, 2, 69, '', NULL, 14, NULL, NULL),
(69824, 'Liliana', 'Calderon', NULL, '3176801392', 98, NULL, 'CC', NULL, 1, 67, '', NULL, 14, NULL, NULL),
(69825, 'Wilmer', 'Aldana', NULL, '3177006276', 104, NULL, 'CC', NULL, 2, 69, '', NULL, 14, NULL, NULL),
(69826, 'Maria Stella', 'Ortiz', NULL, '3208682573', 102, NULL, 'CC', NULL, 1, 67, '', NULL, 14, NULL, NULL),
(69827, 'Pacheco', '  ', NULL, '3133636642', 104, NULL, 'CC', NULL, 2, 69, '', NULL, 14, NULL, NULL),
(69828, 'Raul', 'Zarate', NULL, '3175052423', 104, NULL, 'CC', NULL, 2, 69, '', NULL, 14, NULL, NULL),
(69829, 'Jhon', 'Gonzalez', NULL, '3164452820', 99, NULL, 'CC', NULL, 2, 67, '', NULL, 14, NULL, NULL),
(69830, 'Luz Mila', 'Garcia', NULL, '3112397724', 99, NULL, 'CC', NULL, 1, 67, '', NULL, 14, NULL, NULL),
(69831, 'Luis', 'Bautista', NULL, '3125743351', 99, NULL, 'CC', NULL, 2, 67, '', NULL, 14, NULL, NULL),
(69832, 'Salomon', 'Diaz', NULL, '3107863232', 99, NULL, 'CC', NULL, 2, 67, '', NULL, 14, NULL, NULL),
(69833, 'Solanyi', 'Poveda', NULL, '3143337310', 99, NULL, 'CC', NULL, 1, 67, '', NULL, 14, NULL, NULL),
(69834, 'Victoria', 'Martinez', NULL, '3134942550', 78, NULL, 'CC', NULL, 1, 1, '', NULL, 14, NULL, 8),
(69835, 'Marina', 'Martinez', NULL, '3138241097', 102, NULL, 'CC', NULL, 1, 67, '', NULL, 14, NULL, NULL),
(69836, 'Gloria', 'Ruiz', NULL, '3124803114', 99, NULL, 'CC', NULL, 1, 67, '', NULL, 14, NULL, NULL),
(69837, 'Jhon', '  ', NULL, '3208914480', 98, NULL, 'CC', NULL, 2, 67, '', NULL, 14, NULL, NULL),
(69838, 'Doña', 'Marlen', NULL, '3146602679', 108, NULL, 'CC', NULL, 1, 1, '', NULL, 14, NULL, NULL),
(69839, 'Rafael Dario', 'Peñaranda', NULL, '3162254344', 98, NULL, 'CC', NULL, 2, 67, '', NULL, 14, NULL, NULL),
(69840, 'Jesús', 'Olaya', NULL, '3134940243', 98, NULL, 'CC', NULL, 2, 67, '', NULL, 14, NULL, NULL),
(69841, 'Marisol', ' ', NULL, '3227829897', 99, NULL, 'CC', NULL, 1, 67, '', NULL, 14, NULL, NULL),
(69842, 'Maryi', 'Valero', NULL, '3204874441', 77, NULL, 'CC', NULL, 1, 1, '', NULL, 14, NULL, NULL),
(69843, 'Jose', 'Garcia', NULL, '3202589443', 101, NULL, 'CC', NULL, 2, 67, '', NULL, 14, NULL, NULL),
(69844, 'Luz Mila', 'Chacon', NULL, '3132278939', 101, NULL, 'CC', NULL, 1, 67, '', NULL, 14, NULL, NULL),
(69845, 'EMMA', 'ZAPATA', 'mailmail@gmail,com', '3113941841', NULL, '1222-02-12 00:00:00', 'CC', NULL, 2, 64, '', NULL, 19, NULL, NULL),
(69846, 'MAYRA', 'CHAVARRÍA ZAPATA', 'mailmail@gmail,com', '3043995453', NULL, '1222-02-12 00:00:00', 'CC', NULL, 2, 64, '', NULL, 19, NULL, NULL),
(69847, 'JUAN MANUEL', 'LÓPEZ V', 'mailmail@gmail,com', '3209927025', NULL, '1222-02-12 00:00:00', 'CC', NULL, 2, 64, '', NULL, 19, NULL, NULL),
(69848, 'ALICIA', 'PIEDRAHITA', 'mailmail@gmail,com', '3003755722', NULL, '1222-02-12 00:00:00', 'CC', NULL, 2, 64, '', NULL, 19, NULL, NULL),
(69849, 'BRAYAN', 'POSSO HENAO', 'mailmail@gmail,com', '3045369919', NULL, '1222-02-12 00:00:00', 'CC', NULL, 2, 64, '', NULL, 19, NULL, NULL),
(69850, 'JOSÉ', 'PIEDRAHITA', 'mailmail@gmail,com', '3103837732', NULL, '1222-02-12 00:00:00', 'CC', NULL, 2, 64, '', NULL, 19, NULL, NULL),
(69851, 'MARINA', 'HERNÁNDEZ', 'mailmail@gmail,com', '3126375734', NULL, '1222-02-12 00:00:00', 'CC', NULL, 2, 64, '', NULL, 19, NULL, NULL),
(69852, 'DELIO', 'ALBERTO RIVERA', 'mailmail@gmail,com', '3126375734', NULL, '1222-02-12 00:00:00', 'CC', NULL, 2, 64, '', NULL, 19, NULL, NULL),
(69853, 'GILBERTO', 'HERNÁNDEZ', 'mailmail@gmail,com', '3206691060', NULL, '1222-02-12 00:00:00', 'CC', NULL, 2, 64, '', NULL, 19, NULL, NULL),
(69854, 'LIBIADA', 'AGUDELO', 'mailmail@gmail,com', '3137527582', NULL, '1222-02-12 00:00:00', 'CC', NULL, 2, 64, '', NULL, 19, NULL, NULL),
(69855, 'MARÍA LUCILA', 'HERNÁNDEZ', 'mailmail@gmail,com', '3128571228', NULL, '1222-02-12 00:00:00', 'CC', NULL, 2, 64, '', NULL, 19, NULL, NULL),
(69856, 'DARIO', 'PATIÑO', 'mailmail@gmail,com', '3128182213', NULL, '1222-02-12 00:00:00', 'CC', NULL, 2, 64, '', NULL, 19, NULL, NULL),
(69857, 'LEIDY YULIANA', 'HERNÁNDEZ', 'mailmail@gmail,com', '3206508459', NULL, '1222-02-12 00:00:00', 'CC', NULL, 2, 64, '', NULL, 19, NULL, NULL),
(69858, 'JORGE IVÁN', 'ZAPATA', 'mailmail@gmail,com', '3105254654', NULL, '1222-02-12 00:00:00', 'CC', NULL, 2, 64, '', NULL, 19, NULL, NULL),
(69859, 'TERESA', 'HENÁNDEZ', 'mailmail@gmail,com', '3112672737', NULL, '1222-02-12 00:00:00', 'CC', NULL, 2, 64, '', NULL, 19, NULL, NULL),
(69860, 'DUVAN', 'VILLEGAS JARAMILLO', 'mailmail@gmail,com', '3112672737', NULL, '1222-02-12 00:00:00', 'CC', NULL, 2, 64, '', NULL, 19, NULL, NULL),
(69861, 'ESTIVEN', 'BOLÍVAR', 'mailmail@gmail,com', '3103784987', NULL, '1222-02-12 00:00:00', 'CC', NULL, 2, 64, '', NULL, 19, NULL, NULL),
(69862, 'DIEGO ALEJANDRO', 'ARDILA CHAVERRA', 'mailmail@gmail,com', '3046307450', NULL, '1222-02-12 00:00:00', 'CC', NULL, 2, 64, '', NULL, 19, NULL, NULL),
(69863, 'GLORIA CECILIA', 'CHAVERRA', 'mailmail@gmail,com', '3046307450', NULL, '1222-02-12 00:00:00', 'CC', NULL, 2, 64, '', NULL, 19, NULL, NULL),
(69864, 'GLORIA ISAVEL', 'MESA', 'mailmail@gmail,com', '3133097902', NULL, '1222-02-12 00:00:00', 'CC', NULL, 2, 64, '', NULL, 19, NULL, NULL),
(69865, 'PATRICIA', 'MESA', 'mailmail@gmail,com', '3024683161', NULL, '1222-02-12 00:00:00', 'CC', NULL, 2, 64, '', NULL, 19, NULL, NULL),
(69866, 'WILFER ADRIAN', 'VALENCIA', 'mailmail@gmail,com', '3235293786', NULL, '1222-02-12 00:00:00', 'CC', NULL, 2, 64, '', NULL, 19, NULL, NULL),
(69867, 'SEBASTIÁN', 'MEDINA', 'mailmail@gmail,com', '3008480224', NULL, '1222-02-12 00:00:00', 'CC', NULL, 2, 64, '', NULL, 19, NULL, NULL),
(69868, 'SANDRA', 'VARGAS', 'mailmail@gmail,com', '3113281507', NULL, '1222-02-12 00:00:00', 'CC', NULL, 2, 64, '', NULL, 19, NULL, NULL),
(69869, 'CECILIA', 'LÓPEZ', 'mailmail@gmail,com', '3116089139', NULL, '1222-02-12 00:00:00', 'CC', NULL, 2, 64, '', NULL, 19, NULL, NULL),
(69870, 'NELLY', 'PATIÑO', 'mailmail@gmail,com', '3116089139', NULL, '1222-02-12 00:00:00', 'CC', NULL, 2, 64, '', NULL, 19, NULL, NULL),
(69871, 'CARMEN', 'CEBALLOS', 'mailmail@gmail,com', '3215945012', NULL, '1222-02-12 00:00:00', 'CC', NULL, 2, 64, '', NULL, 19, NULL, NULL),
(69872, 'BERTA', 'CORREA', 'mailmail@gmail,com', '3203998655', NULL, '1222-02-12 00:00:00', 'CC', NULL, 2, 64, '', NULL, 19, NULL, NULL),
(69873, 'CELINA', 'CORREA', 'mailmail@gmail,com', '3104304420', NULL, '1222-02-12 00:00:00', 'CC', NULL, 2, 64, '', NULL, 19, NULL, NULL),
(69874, 'CRISTINA', 'PIEDRAHITA', 'mailmail@gmail,com', '3127012717', NULL, '1222-02-12 00:00:00', 'CC', NULL, 2, 64, '', NULL, 19, NULL, NULL),
(69875, 'MARÍA HELENA', 'VÁSQUEZ', 'mailmail@gmail,com', '3209036505', NULL, '1222-02-12 00:00:00', 'CC', NULL, 2, 64, '', NULL, 19, NULL, NULL),
(69876, 'ELIANA CRISTINA', 'CHAVARRÍA', 'mailmail@gmail,com', '3197248195', NULL, '1222-02-12 00:00:00', 'CC', NULL, 2, 64, '', NULL, 19, NULL, NULL),
(69877, 'SERGIO ANDRÉS', 'VÁSQUEZ', 'mailmail@gmail,com', '3504236799', NULL, '1222-02-12 00:00:00', 'CC', NULL, 2, 64, '', NULL, 19, NULL, NULL),
(69878, 'LUZ ADRIANA', 'VÁSQUEZ', 'mailmail@gmail,com', '3148112186', NULL, '1222-02-12 00:00:00', 'CC', NULL, 2, 64, '', NULL, 19, NULL, NULL),
(69879, 'LUZ HELENA', 'GARCÍA', 'mailmail@gmail,com', '3122025401', NULL, '1222-02-12 00:00:00', 'CC', NULL, 2, 64, '', NULL, 19, NULL, NULL),
(69880, 'JESÚS', 'HENAO', 'mailmail@gmail,com', '3122025401', NULL, '1222-02-12 00:00:00', 'CC', NULL, 2, 64, '', NULL, 19, NULL, NULL),
(69881, 'VICENTE', 'PARRA', 'mailmail@gmail,com', '3122025402', NULL, '1222-02-12 00:00:00', 'CC', NULL, 2, 64, '', NULL, 19, NULL, NULL),
(69882, 'JUAN JOSÉ', 'HERNÁNDEZ', 'mailmail@gmail,com', '3023400695', NULL, '1222-02-12 00:00:00', 'CC', NULL, 2, 64, '', NULL, 19, NULL, NULL),
(69883, 'JUAN ESTEBAN', 'CHAVARRÍA', 'mailmail@gmail,com', '3043768804', NULL, '1222-02-12 00:00:00', 'CC', NULL, 2, 64, '', NULL, 19, NULL, NULL),
(69884, 'MILA', 'URANGO', 'mailmail@gmail,com', '3506820513', NULL, '1222-02-12 00:00:00', 'CC', NULL, 2, 64, '', NULL, 19, NULL, NULL),
(69885, 'EDWAR', 'RIVERA', 'mailmail@gmail,com', '3207262072', NULL, '1222-02-12 00:00:00', 'CC', NULL, 2, 64, '', NULL, 19, NULL, NULL),
(69886, 'MIGUEL ÁNGEL', 'GARCÍA', 'mailmail@gmail,com', '3134607686', NULL, '1222-02-12 00:00:00', 'CC', NULL, 2, 64, '', NULL, 19, NULL, NULL),
(69887, 'DANIRA', 'ECHAVARRIA', 'mailmail@gmail,com', '3127970501', NULL, '1222-02-12 00:00:00', 'CC', NULL, 2, 64, '', NULL, 19, NULL, NULL),
(69888, 'CECILIA', 'ECHAVARRÍA', 'mailmail@gmail,com', '3206106970', NULL, '1222-02-12 00:00:00', 'CC', NULL, 2, 64, '', NULL, 19, NULL, NULL),
(69889, 'YURLEY', 'VÁSQUEZ', 'mailmail@gmail,com', '3145318562', NULL, '1222-02-12 00:00:00', 'CC', NULL, 2, 64, '', NULL, 19, NULL, NULL),
(69890, 'LILIANA', 'AGUDELO', 'mailmail@gmail,com', '3117515770', NULL, '1222-02-12 00:00:00', 'CC', NULL, 2, 64, '', NULL, 19, NULL, NULL),
(69891, 'VIVIANA', 'CUARTAS', 'mailmail@gmail,com', '3127911109', NULL, '1222-02-12 00:00:00', 'CC', NULL, 2, 64, '', NULL, 19, NULL, NULL),
(69892, 'JUAN PABLO', 'GÓMEZ', 'mailmail@gmail,com', '3108470400', NULL, '1222-02-12 00:00:00', 'CC', NULL, 2, 64, '', NULL, 19, NULL, NULL),
(69893, 'LAURA', 'CHAVARRÍA OCHOA', 'mailmail@gmail,com', '3177589813', NULL, '1222-02-12 00:00:00', 'CC', NULL, 2, 64, '', NULL, 19, NULL, NULL),
(69894, 'GENOVEVA', 'ARISTIZABAL VARGAS', 'mailmail@gmail,com', '3137897550', NULL, '1222-02-12 00:00:00', 'CC', NULL, 2, 64, '', NULL, 19, NULL, NULL),
(69895, 'HERNÁN', 'BETANCUR LOPERA', 'mailmail@gmail,com', '3136275950', NULL, '1222-02-12 00:00:00', 'CC', NULL, 2, 64, '', NULL, 19, NULL, NULL),
(69896, 'LUZ MARINA', 'ROJAS', 'mailmail@gmail,com', '3104072105', NULL, '1222-02-12 00:00:00', 'CC', NULL, 2, 64, '', NULL, 19, NULL, NULL),
(69897, 'DORA', 'CHAVARRÍA', 'mailmail@gmail,com', '3234941804', NULL, '1222-02-12 00:00:00', 'CC', NULL, 2, 64, '', NULL, 19, NULL, NULL),
(69898, 'CAMILO', 'BETANCUR', 'mailmail@gmail,com', '3136093585', NULL, '1222-02-12 00:00:00', 'CC', NULL, 2, 64, '', NULL, 19, NULL, NULL),
(69899, 'JANETH', 'BETANCUR', 'mailmail@gmail,com', '3114109525', NULL, '1222-02-12 00:00:00', 'CC', NULL, 2, 64, '', NULL, 19, NULL, NULL),
(69900, 'LINA', 'CHAVARRIA OCHOA', 'mailmail@gmail,com', '3128653453', NULL, '1222-02-12 00:00:00', 'CC', NULL, 2, 64, '', NULL, 19, NULL, NULL),
(69901, 'VALENTINA', 'BETANCUR', 'mailmail@gmail,com', '3508513628', NULL, '1222-02-12 00:00:00', 'CC', NULL, 2, 64, '', NULL, 19, NULL, NULL),
(69902, 'DIOSA', 'ATEHORTUA', 'mailmail@gmail,com', '31482400621', NULL, '1222-02-12 00:00:00', 'CC', NULL, 2, 64, '', NULL, 19, NULL, NULL),
(69903, 'MARÍA', 'SUÁREZ', 'mailmail@gmail,com', '3108777014', NULL, '1222-02-12 00:00:00', 'CC', NULL, 2, 64, '', NULL, 19, NULL, NULL),
(69904, 'MIRIAM', 'CEBALLOS', 'mailmail@gmail,com', '3117750334', NULL, '1222-02-12 00:00:00', 'CC', NULL, 2, 64, '', NULL, 19, NULL, NULL),
(69905, 'ROSA ELISA', 'PÉREZ', 'mailmail@gmail,com', '3136400878', NULL, '1222-02-12 00:00:00', 'CC', NULL, 2, 64, '', NULL, 19, NULL, NULL),
(69906, 'YANETH', 'PÉREZ', 'mailmail@gmail,com', '3113472981', NULL, '1222-02-12 00:00:00', 'CC', NULL, 2, 64, '', NULL, 19, NULL, NULL),
(69907, 'ELDA LUCIA', 'PÉREZ', 'mailmail@gmail,com', '3104744620', NULL, '1222-02-12 00:00:00', 'CC', NULL, 2, 64, '', NULL, 19, NULL, NULL),
(69908, 'OSCAR', 'MARTÍNEZ', 'mailmail@gmail,com', '3117750334', NULL, '1222-02-12 00:00:00', 'CC', NULL, 2, 64, '', NULL, 19, NULL, NULL),
(69909, 'YESICA', 'OQUENDO', 'mailmail@gmail,com', '3205307216', NULL, '1222-02-12 00:00:00', 'CC', NULL, 2, 64, '', NULL, 19, NULL, NULL),
(69910, 'LILIANA', 'GARCÍA', 'mailmail@gmail,com', '3122832297', NULL, '1222-02-12 00:00:00', 'CC', NULL, 2, 64, '', NULL, 19, NULL, NULL),
(69911, 'ADRIANA', 'PALACIO', 'mailmail@gmail,com', '3206224067', NULL, '1222-02-12 00:00:00', 'CC', NULL, 2, 64, '', NULL, 19, NULL, NULL),
(69912, 'DAIRO DE JESÚS', 'HERNÁNDEZ', 'mailmail@gmail,com', '3137299632', NULL, '1222-02-12 00:00:00', 'CC', NULL, 2, 64, '', NULL, 19, NULL, NULL),
(69913, 'JOHANA', 'VÁSQUEZ', 'mailmail@gmail,com', '3137294632', NULL, '1222-02-12 00:00:00', 'CC', NULL, 2, 64, '', NULL, 19, NULL, NULL),
(69914, 'FREDY', 'ZABALA', 'mailmail@gmail,com', '3114163934', NULL, '1222-02-12 00:00:00', 'CC', NULL, 2, 64, '', NULL, 19, NULL, NULL),
(69915, 'MARIANO ALEJANDRO', 'LÓPEZ', 'mailmail@gmail,com', '3215744844', NULL, '1222-02-12 00:00:00', 'CC', NULL, 2, 64, '', NULL, 19, NULL, NULL),
(69916, 'ARBEY', 'MOLINA', 'mailmail@gmail,com', '3109724489', NULL, '1222-02-12 00:00:00', 'CC', NULL, 2, 64, '', NULL, 19, NULL, NULL),
(69917, 'KAREN', 'MOLINA', 'mailmail@gmail,com', '3014269807', NULL, '1222-02-12 00:00:00', 'CC', NULL, 2, 64, '', NULL, 19, NULL, NULL),
(69918, 'JUAN CAMILO', 'CORREA', 'mailmail@gmail,com', '3126254270', NULL, '1222-02-12 00:00:00', 'CC', NULL, 2, 64, '', NULL, 19, NULL, NULL),
(69919, 'GLORIA', 'AREIZA', 'mailmail@gmail,com', '3148579273', NULL, '1222-02-12 00:00:00', 'CC', NULL, 2, 64, '', NULL, 19, NULL, NULL),
(69920, 'EDISON', 'GÓNZALES', 'mailmail@gmail,com', '3104098471', NULL, '1222-02-12 00:00:00', 'CC', NULL, 2, 64, '', NULL, 19, NULL, NULL),
(69921, 'KAREN CRISTINA', 'MARÍN VARGAS', 'mailmail@gmail,com', '3226759062', NULL, '1222-02-12 00:00:00', 'CC', NULL, 2, 64, '', NULL, 19, NULL, NULL),
(69922, 'LILIAN AMALIA', 'GÓMEZ AREIZA', 'mailmail@gmail,com', '3128753854', NULL, '1222-02-12 00:00:00', 'CC', NULL, 2, 64, '', NULL, 19, NULL, NULL),
(69923, 'FRANCY LANESYS', 'GÓMEZ', 'mailmail@gmail,com', '3148079716', NULL, '1222-02-12 00:00:00', 'CC', NULL, 2, 64, '', NULL, 19, NULL, NULL),
(69924, 'LEONARDO', 'TORRES BEDOYA', 'mailmail@gmail,com', '3507959421', NULL, '1222-02-12 00:00:00', 'CC', NULL, 2, 64, '', NULL, 19, NULL, NULL),
(69925, 'OSCAR EDUARDO', 'GÓNZALES', 'mailmail@gmail,com', '3197418463', NULL, '1222-02-12 00:00:00', 'CC', NULL, 2, 64, '', NULL, 19, NULL, NULL),
(69926, 'DAIRO', 'CARVAJAL', 'mailmail@gmail,com', '3122144995', NULL, '1222-02-12 00:00:00', 'CC', NULL, 2, 64, '', NULL, 19, NULL, NULL),
(69927, 'LEIDY VIVIANA', 'CEBALLOS GÓMEZ', 'mailmail@gmail,com', '3123043619', NULL, '1222-02-12 00:00:00', 'CC', NULL, 2, 64, '', NULL, 19, NULL, NULL),
(69928, 'GUSTAVO', 'CEBALLOS OCHOA', 'mailmail@gmail,com', '3146148810', NULL, '1222-02-12 00:00:00', 'CC', NULL, 2, 64, '', NULL, 19, NULL, NULL),
(69929, 'YURANY', 'GÓMEZ', 'mailmail@gmail,com', '3226350661', NULL, '1222-02-12 00:00:00', 'CC', NULL, 2, 64, '', NULL, 19, NULL, NULL),
(69930, 'UBER', 'MACÍAS', 'mailmail@gmail,com', '3116962873', NULL, '1222-02-12 00:00:00', 'CC', NULL, 2, 64, '', NULL, 19, NULL, NULL),
(69931, 'MARTHA LETICIA', 'MORA', 'mailmail@gmail,com', '3217333651', NULL, '1222-02-12 00:00:00', 'CC', NULL, 2, 64, '', NULL, 19, NULL, NULL),
(69932, 'CARLOS MARIO', 'GÓMEZ AREIZA', 'mailmail@gmail,com', '3153973037', NULL, '1222-02-12 00:00:00', 'CC', NULL, 2, 64, '', NULL, 19, NULL, NULL),
(69933, 'LUIS ELIÉCER', 'MIRA MAZO', 'mailmail@gmail,com', '3146856119', NULL, '1222-02-12 00:00:00', 'CC', NULL, 2, 64, '', NULL, 19, NULL, NULL),
(69934, 'CECILIA AMPARO', 'CHAVARRIA', 'mailmail@gmail,com', '3127742240', NULL, '1222-02-12 00:00:00', 'CC', NULL, 2, 64, '', NULL, 19, NULL, NULL),
(69935, 'LEOCADIA', 'ZAPATA', 'mailmail@gmail,com', '3122827455', NULL, '1222-02-12 00:00:00', 'CC', NULL, 2, 64, '', NULL, 19, NULL, NULL),
(69936, 'DARIO', 'CHAVARRÍA', 'mailmail@gmail,com', '3103707608', NULL, '1222-02-12 00:00:00', 'CC', NULL, 2, 64, '', NULL, 19, NULL, NULL),
(69937, 'ERICA CECILIA', 'MIRA', 'mailmail@gmail,com', '3136753368', NULL, '1222-02-12 00:00:00', 'CC', NULL, 2, 64, '', NULL, 19, NULL, NULL),
(69938, 'PASCUAL IGNACIO', 'MORENO', 'mailmail@gmail,com', '3128757581', NULL, '1222-02-12 00:00:00', 'CC', NULL, 2, 64, '', NULL, 19, NULL, NULL),
(69939, 'ADRIANA', 'LOAIZA', 'mailmail@gmail,com', '3128175213', NULL, '1222-02-12 00:00:00', 'CC', NULL, 2, 64, '', NULL, 19, NULL, NULL),
(69940, 'ONORIO', 'GARCÍA', 'mailmail@gmail,com', '3217051724', NULL, '1222-02-12 00:00:00', 'CC', NULL, 2, 64, '', NULL, 19, NULL, NULL),
(69941, 'EDUARDO', 'CUARTAS', 'mailmail@gmail,com', '3136278414', NULL, '1222-02-12 00:00:00', 'CC', NULL, 2, 64, '', NULL, 19, NULL, NULL),
(69942, 'SANDRA', 'MEJÍA', 'mailmail@gmail,com', '3206233171', NULL, '1222-02-12 00:00:00', 'CC', NULL, 2, 64, '', NULL, 19, NULL, NULL),
(69943, 'ELIANA', 'MARTÍNEZ', 'mailmail@gmail,com', '3113982502', NULL, '1222-02-12 00:00:00', 'CC', NULL, 2, 64, '', NULL, 19, NULL, NULL),
(69944, 'LORENA', 'CHAVARRÍA', 'mailmail@gmail,com', '3206514682', NULL, '1222-02-12 00:00:00', 'CC', NULL, 2, 64, '', NULL, 19, NULL, NULL),
(69945, 'ASTRID', 'VILLA RIVERA', 'mailmail@gmail,com', '3017656885', NULL, '1222-02-12 00:00:00', 'CC', NULL, 2, 64, '', NULL, 19, NULL, NULL),
(69946, 'DANIEL', 'CUARTAS', 'mailmail@gmail,com', '3106929030', NULL, '1222-02-12 00:00:00', 'CC', NULL, 2, 64, '', NULL, 19, NULL, NULL),
(69947, 'TARCISIO', 'SERNA', 'mailmail@gmail,com', '3504513619', NULL, '1222-02-12 00:00:00', 'CC', NULL, 2, 64, '', NULL, 19, NULL, NULL),
(69948, 'DIANA', 'PATIÑO', 'mailmail@gmail,com', '3226653488', NULL, '1222-02-12 00:00:00', 'CC', NULL, 2, 64, '', NULL, 19, NULL, NULL),
(69949, 'CRISTIAN', 'CORREA P', 'mailmail@gmail,com', '3218866835', NULL, '1222-02-12 00:00:00', 'CC', NULL, 2, 64, '', NULL, 19, NULL, NULL),
(69950, 'GEORLÍN ANTONIO', 'VARELAS', 'mailmail@gmail,com', '3205421435', NULL, '1222-02-12 00:00:00', 'CC', NULL, 2, 64, '', NULL, 19, NULL, NULL),
(69951, 'CLAUDIA', 'RIVERA', 'mailmail@gmail,com', '3506976333', NULL, '1222-02-12 00:00:00', 'CC', NULL, 2, 64, '', NULL, 19, NULL, NULL),
(69952, 'OLGA', 'PATIÑO', 'mailmail@gmail,com', '3147891919', NULL, '1222-02-12 00:00:00', 'CC', NULL, 2, 64, '', NULL, 19, NULL, NULL),
(69953, 'ORLANDO', 'CORREA P', 'mailmail@gmail,com', '3017165538', NULL, '1222-02-12 00:00:00', 'CC', NULL, 2, 64, '', NULL, 19, NULL, NULL),
(69954, 'ROSA', 'VARELAS', 'mailmail@gmail,com', '3127633532', NULL, '1222-02-12 00:00:00', 'CC', NULL, 2, 64, '', NULL, 19, NULL, NULL),
(69955, 'YESSICA', 'CORREA P', 'mailmail@gmail,com', '3136092828', NULL, '1222-02-12 00:00:00', 'CC', NULL, 2, 64, '', NULL, 19, NULL, NULL),
(69956, 'GUDIELA', 'VIDAL', 'mailmail@gmail,com', '3128417798', NULL, '1222-02-12 00:00:00', 'CC', NULL, 2, 64, '', NULL, 19, NULL, NULL),
(69957, 'LUIS FERNANDO', 'ARANGO', 'mailmail@gmail,com', '3147891919', NULL, '1222-02-12 00:00:00', 'CC', NULL, 2, 64, '', NULL, 19, NULL, NULL),
(69958, 'AURA ROSA', 'HERNÁNDEZ', 'mailmail@gmail,com', '3122040811', NULL, '1222-02-12 00:00:00', 'CC', NULL, 2, 64, '', NULL, 19, NULL, NULL),
(69959, 'FLOR MARÍA', 'VÁSQUEZ', 'mailmail@gmail,com', '3127266139', NULL, '1222-02-12 00:00:00', 'CC', NULL, 2, 64, '', NULL, 19, NULL, NULL),
(69960, 'LUZ MARY', 'PIEDRAHITA', 'mailmail@gmail,com', '3506249858', NULL, '1222-02-12 00:00:00', 'CC', NULL, 2, 64, '', NULL, 19, NULL, NULL),
(69961, 'JAIR', 'DURAN BERRÍO', 'mailmail@gmail,com', '3127184190', NULL, '1222-02-12 00:00:00', 'CC', NULL, 2, 64, '', NULL, 19, NULL, NULL),
(69962, 'GILMA ROSA', 'BERRÍO', 'mailmail@gmail,com', '3122035999', NULL, '1222-02-12 00:00:00', 'CC', NULL, 2, 64, '', NULL, 19, NULL, NULL),
(69963, 'ELSI', 'YEPEZ', 'mailmail@gmail,com', '3147139896', NULL, '1222-02-12 00:00:00', 'CC', NULL, 2, 64, '', NULL, 19, NULL, NULL),
(69964, 'ANA DELFIA', 'PINEDA', 'mailmail@gmail,com', '3113296054', NULL, '1222-02-12 00:00:00', 'CC', NULL, 2, 64, '', NULL, 19, NULL, NULL),
(69965, 'YESENIA', 'MUÑOZ', 'mailmail@gmail,com', '3113344299', NULL, '1222-02-12 00:00:00', 'CC', NULL, 2, 64, '', NULL, 19, NULL, NULL),
(69966, 'ERICA LORENA', 'RODRÍGUEZ', 'mailmail@gmail,com', '3147515164', NULL, '1222-02-12 00:00:00', 'CC', NULL, 2, 64, '', NULL, 19, NULL, NULL),
(69967, 'JUAN DIEGO', 'ELORZA', 'mailmail@gmail,com', '3217883079', NULL, '1222-02-12 00:00:00', 'CC', NULL, 2, 64, '', NULL, 19, NULL, NULL),
(69968, 'DAVILSON', 'RODRÍGUEZ', 'mailmail@gmail,com', '3128378968', NULL, '1222-02-12 00:00:00', 'CC', NULL, 2, 64, '', NULL, 19, NULL, NULL),
(69969, 'GLORIA EMILCE', 'FRANCO', 'mailmail@gmail,com', '3127771965', NULL, '1222-02-12 00:00:00', 'CC', NULL, 2, 64, '', NULL, 19, NULL, NULL),
(69970, 'VALENTINA', 'RODRÍGUEZ', 'mailmail@gmail,com', '3226659630', NULL, '1222-02-12 00:00:00', 'CC', NULL, 2, 64, '', NULL, 19, NULL, NULL),
(69971, 'MARÍA EUGENIA', 'ESPINOSA', 'mailmail@gmail,com', '3207075793', NULL, '1222-02-12 00:00:00', 'CC', NULL, 2, 64, '', NULL, 19, NULL, NULL),
(69972, 'JESÚS ARLEN', 'RODRÍGUEZ', 'mailmail@gmail,com', '3126295486', NULL, '1222-02-12 00:00:00', 'CC', NULL, 2, 64, '', NULL, 19, NULL, NULL),
(69973, 'LUISA MARÍA', 'BUITRAGO', 'mailmail@gmail,com', '3137413081', NULL, '1222-02-12 00:00:00', 'CC', NULL, 2, 64, '', NULL, 19, NULL, NULL),
(69974, 'BEATRIZ ELENA', 'FRANCO', 'mailmail@gmail,com', '3225185692', NULL, '1222-02-12 00:00:00', 'CC', NULL, 2, 64, '', NULL, 19, NULL, NULL),
(69975, 'DIANA MARÍA', 'VILLA', 'mailmail@gmail,com', '3218780010', NULL, '1222-02-12 00:00:00', 'CC', NULL, 2, 64, '', NULL, 19, NULL, NULL),
(69976, 'ELIZABETH', 'FRANCO', 'mailmail@gmail,com', '3106633249', NULL, '1222-02-12 00:00:00', 'CC', NULL, 2, 64, '', NULL, 19, NULL, NULL),
(69977, 'JORGE ARTURO', 'FRANCO', 'mailmail@gmail,com', '3145040468', NULL, '1222-02-12 00:00:00', 'CC', NULL, 2, 64, '', NULL, 19, NULL, NULL),
(69978, 'ROSA EVELIA', 'CORREA', 'mailmail@gmail,com', '3145040468', NULL, '1222-02-12 00:00:00', 'CC', NULL, 2, 64, '', NULL, 19, NULL, NULL),
(69979, 'FREDY ALONSO', 'ELORZA', 'mailmail@gmail,com', '3206557360', NULL, '1222-02-12 00:00:00', 'CC', NULL, 2, 64, '', NULL, 19, NULL, NULL),
(69980, 'YULIANA', 'SOSSA', 'mailmail@gmail,com', '3206557361', NULL, '1222-02-12 00:00:00', 'CC', NULL, 2, 64, '', NULL, 19, NULL, NULL),
(69981, 'ARELLY', 'PÉREZ', 'mailmail@gmail,com', '3206557360', NULL, '1222-02-12 00:00:00', 'CC', NULL, 2, 64, '', NULL, 19, NULL, NULL),
(69982, 'FABIÁN', 'ELORZA', 'mailmail@gmail,com', '3235973439', NULL, '1222-02-12 00:00:00', 'CC', NULL, 2, 64, '', NULL, 19, NULL, NULL),
(69983, 'JAVIER', 'ELORZA', 'mailmail@gmail,com', '3116226493', NULL, '1222-02-12 00:00:00', 'CC', NULL, 2, 64, '', NULL, 19, NULL, NULL),
(69984, 'MARÍA ALEJANDRA', '', 'mailmail@gmail,com', '3106304295', NULL, '1222-02-12 00:00:00', 'CC', NULL, 2, 64, '', NULL, 19, NULL, NULL),
(69985, 'LINA MARÍA', 'GÓMEZ', 'mailmail@gmail,com', '3127764858', NULL, '1222-02-12 00:00:00', 'CC', NULL, 2, 64, '', NULL, 19, NULL, NULL),
(69986, 'NATALIA', 'PÉREZ', 'mailmail@gmail,com', '3146850335', NULL, '1222-02-12 00:00:00', 'CC', NULL, 2, 64, '', NULL, 19, NULL, NULL),
(69987, 'ELCY DEL CARMEN', 'MELENDES', 'mailmail@gmail,com', '3126777175', NULL, '1222-02-12 00:00:00', 'CC', NULL, 2, 64, '', NULL, 19, NULL, NULL),
(69988, 'EDILMA', 'LÓPEZ', 'mailmail@gmail,com', '3128394505', NULL, '1222-02-12 00:00:00', 'CC', NULL, 2, 64, '', NULL, 19, NULL, NULL),
(69989, 'NIDIA DEL SOCORRO', 'MEDINA', 'mailmail@gmail,com', '3122236244', NULL, '1222-02-12 00:00:00', 'CC', NULL, 2, 64, '', NULL, 19, NULL, NULL),
(69990, 'TERESA DE JESÚS', 'RODRÍGUEZ', 'mailmail@gmail,com', '3122236244', NULL, '1222-02-12 00:00:00', 'CC', NULL, 2, 64, '', NULL, 19, NULL, NULL),
(69991, 'OFELIA', 'MONSALVE', 'mailmail@gmail,com', '3122236245', NULL, '1222-02-12 00:00:00', 'CC', NULL, 2, 64, '', NULL, 19, NULL, NULL),
(69992, 'JUAN', 'MONSALVE', 'mailmail@gmail,com', '3122236244', NULL, '1222-02-12 00:00:00', 'CC', NULL, 2, 64, '', NULL, 19, NULL, NULL),
(69993, 'DORALIA', 'CHAVARRÍA', 'mailmail@gmail,com', '3104212469', NULL, '1222-02-12 00:00:00', 'CC', NULL, 2, 64, '', NULL, 19, NULL, NULL),
(69994, 'MIRIAN', 'URIBE', 'mailmail@gmail,com', '3217383001', NULL, '1222-02-12 00:00:00', 'CC', NULL, 2, 64, '', NULL, 19, NULL, NULL),
(69995, 'YANETH', 'GÓMEZ G', 'mailmail@gmail,com', '3105106426', NULL, '1222-02-12 00:00:00', 'CC', NULL, 2, 64, '', NULL, 19, NULL, NULL),
(69996, 'MARTA LUZ', 'MAZO', 'mailmail@gmail,com', '3122118058', NULL, '1222-02-12 00:00:00', 'CC', NULL, 2, 64, '', NULL, 19, NULL, NULL),
(69997, 'MARTHA', 'CASTAÑEDA', 'mailmail@gmail,com', '3206589775', NULL, '1222-02-12 00:00:00', 'CC', NULL, 2, 64, '', NULL, 19, NULL, NULL),
(69998, 'ALEXANDRA', 'CUARTAS CASTAÑEDA', 'mailmail@gmail,com', '3113369036', NULL, '1222-02-12 00:00:00', 'CC', NULL, 2, 64, '', NULL, 19, NULL, NULL),
(69999, 'MARÍA FERNANDA', 'GUTIÉRREZ', 'mailmail@gmail,com', '3106631901', NULL, '1222-02-12 00:00:00', 'CC', NULL, 2, 64, '', NULL, 19, NULL, NULL),
(70000, 'ELIANA MARÍA', 'ZAPATA', 'mailmail@gmail,com', '3148563291', NULL, '1222-02-12 00:00:00', 'CC', NULL, 2, 64, '', NULL, 19, NULL, NULL),
(70001, 'SANDRA MILENA', 'GEORGE', 'mailmail@gmail,com', '3209969695', NULL, '1222-02-12 00:00:00', 'CC', NULL, 2, 64, '', NULL, 19, NULL, NULL),
(70002, 'DORA INÉS', 'VELÁSQUEZ', 'mailmail@gmail,com', '3209969695', NULL, '1222-02-12 00:00:00', 'CC', NULL, 2, 64, '', NULL, 19, NULL, NULL),
(70003, 'ASTRID', 'JARAMILLO', 'mailmail@gmail,com', '3137779835', NULL, '1222-02-12 00:00:00', 'CC', NULL, 2, 64, '', NULL, 19, NULL, NULL),
(70004, 'ANA MARÍA', 'GÓMEZ', 'mailmail@gmail,com', '3234415582', NULL, '1222-02-12 00:00:00', 'CC', NULL, 2, 64, '', NULL, 19, NULL, NULL),
(70005, 'ALEJANDRA', 'LUJÁN', 'mailmail@gmail,com', '3137358029', NULL, '1222-02-12 00:00:00', 'CC', NULL, 2, 64, '', NULL, 19, NULL, NULL),
(70006, 'TANIA MARCELA', 'VALLE', 'mailmail@gmail,com', '3146880978', NULL, '1222-02-12 00:00:00', 'CC', NULL, 2, 64, '', NULL, 19, NULL, NULL),
(70007, 'VALENTINA', 'GÓMEZ', 'mailmail@gmail,com', '3147358029', NULL, '1222-02-12 00:00:00', 'CC', NULL, 2, 64, '', NULL, 19, NULL, NULL),
(70008, 'CLARIBEL', 'GUZMÁN', 'mailmail@gmail,com', '3135734528', NULL, '1222-02-12 00:00:00', 'CC', NULL, 2, 64, '', NULL, 19, NULL, NULL),
(70009, 'RUBIELA', 'TABARES', 'mailmail@gmail,com', '3146826115', NULL, '1222-02-12 00:00:00', 'CC', NULL, 2, 64, '', NULL, 19, NULL, NULL),
(70010, 'LUIS FERNANDO', 'CUARTAS', 'mailmail@gmail,com', '3127854478', NULL, '1222-02-12 00:00:00', 'CC', NULL, 2, 64, '', NULL, 19, NULL, NULL),
(70011, 'EDWIN ARTURO', 'CORREA', 'mailmail@gmail,com', '3113524897', NULL, '1222-02-12 00:00:00', 'CC', NULL, 2, 64, '', NULL, 19, NULL, NULL),
(70012, 'ALEJANDRA', 'CORREA', 'mailmail@gmail,com', '3203931004', NULL, '1222-02-12 00:00:00', 'CC', NULL, 2, 64, '', NULL, 19, NULL, NULL),
(70013, 'ANDRÉS', 'CHAVARRÍA', 'mailmail@gmail,com', '3218423083', NULL, '1222-02-12 00:00:00', 'CC', NULL, 2, 64, '', NULL, 19, NULL, NULL),
(70014, 'NORELLY JM', '', 'mailmail@gmail,com', '3113583188', NULL, '1222-02-12 00:00:00', 'CC', NULL, 2, 64, '', NULL, 19, NULL, NULL),
(70015, 'JORGE IVÁN', 'LONDOÑO', 'mailmail@gmail,com', '3136439716', NULL, '1222-02-12 00:00:00', 'CC', NULL, 2, 64, '', NULL, 19, NULL, NULL),
(70016, 'ANDREA', 'CHAVARRÍA', 'mailmail@gmail,com', '3136439716', NULL, '1222-02-12 00:00:00', 'CC', NULL, 2, 64, '', NULL, 19, NULL, NULL),
(70017, 'RUBIELA', 'GARCÍA LUJÁN', 'mailmail@gmail,com', '3147631462', NULL, '1222-02-12 00:00:00', 'CC', NULL, 2, 64, '', NULL, 19, NULL, NULL),
(70018, 'VANESSA', 'VÁSQUEZ', 'mailmail@gmail,com', '3137853176', NULL, '1222-02-12 00:00:00', 'CC', NULL, 2, 64, '', NULL, 19, NULL, NULL),
(70019, 'MARÍA MORELLIA', 'AGUDELO', 'mailmail@gmail,com', '3113633876', NULL, '1222-02-12 00:00:00', 'CC', NULL, 2, 64, '', NULL, 19, NULL, NULL),
(70020, 'CLAUDIA', 'CHAVARRÍA BALBÍN', 'mailmail@gmail,com', '3146142791', NULL, '1222-02-12 00:00:00', 'CC', NULL, 2, 64, '', NULL, 19, NULL, NULL),
(70021, 'BEATRIZ', 'AGUIRRE', 'mailmail@gmail,com', '3013773525', NULL, '1222-02-12 00:00:00', 'CC', NULL, 2, 64, '', NULL, 19, NULL, NULL),
(70022, 'CLAUDIA', 'AGUIRRE', 'mailmail@gmail,com', '3135343410', NULL, '1222-02-12 00:00:00', 'CC', NULL, 2, 64, '', NULL, 19, NULL, NULL),
(70023, 'RUBIELA', 'MESA PRESIADO', 'mailmail@gmail,com', '3136092610', NULL, '1222-02-12 00:00:00', 'CC', NULL, 2, 64, '', NULL, 19, NULL, NULL),
(70024, 'JAQUELINE', 'MAZO M', 'mailmail@gmail,com', '3505067719', NULL, '1222-02-12 00:00:00', 'CC', NULL, 2, 64, '', NULL, 19, NULL, NULL),
(70025, 'NIDIA EDILSEN', 'ZAPATA MAZO', 'mailmail@gmail,com', '3148123963', NULL, '1222-02-12 00:00:00', 'CC', NULL, 2, 64, '', NULL, 19, NULL, NULL),
(70026, 'BREINER', 'TABORDA', 'mailmail@gmail,com', '3114139604', NULL, '1222-02-12 00:00:00', 'CC', NULL, 2, 64, '', NULL, 19, NULL, NULL),
(70027, 'YUDY', 'FERNÁNDEZ', 'mailmail@gmail,com', '3147600280', NULL, '1222-02-12 00:00:00', 'CC', NULL, 2, 64, '', NULL, 19, NULL, NULL),
(70028, 'CARMEN', 'CORREA', 'mailmail@gmail,com', '3207200114', NULL, '1222-02-12 00:00:00', 'CC', NULL, 2, 64, '', NULL, 19, NULL, NULL),
(70029, 'LUISA', 'ZAPATA', 'mailmail@gmail,com', '3233265360', NULL, '1222-02-12 00:00:00', 'CC', NULL, 2, 64, '', NULL, 19, NULL, NULL),
(70030, 'LUISA', 'LÓPEZ RODRÍGUEZ', 'mailmail@gmail,com', '3127061618', NULL, '1222-02-12 00:00:00', 'CC', NULL, 2, 64, '', NULL, 19, NULL, NULL),
(70031, 'PAOLA', 'PÉREZ', 'mailmail@gmail,com', '3106754286', NULL, '1222-02-12 00:00:00', 'CC', NULL, 2, 64, '', NULL, 19, NULL, NULL),
(70032, 'LUZ MILA', 'JIMÉNEZ', 'mailmail@gmail,com', '3222078759', NULL, '1222-02-12 00:00:00', 'CC', NULL, 2, 64, '', NULL, 19, NULL, NULL),
(70033, 'LILIANA', 'PIEDRAHITA', 'mailmail@gmail,com', '3147233411', NULL, '1222-02-12 00:00:00', 'CC', NULL, 2, 64, '', NULL, 19, NULL, NULL),
(70034, 'LINA', 'LÓPEZ RODRÍGUEZ', 'mailmail@gmail,com', '3116791412', NULL, '1222-02-12 00:00:00', 'CC', NULL, 2, 64, '', NULL, 19, NULL, NULL),
(70035, 'EUGENIA', 'LÓPEZ RODRÍGUEZ', 'mailmail@gmail,com', '3022997102', NULL, '1222-02-12 00:00:00', 'CC', NULL, 2, 64, '', NULL, 19, NULL, NULL),
(70036, 'CAROLINA', 'FLORES CAICEDO', 'mailmail@gmail,com', '3148265036', NULL, '1222-02-12 00:00:00', 'CC', NULL, 2, 64, '', NULL, 19, NULL, NULL),
(70037, 'ESNEYDER', 'CASTAÑEDA', 'mailmail@gmail,com', '3127730478', NULL, '1222-02-12 00:00:00', 'CC', NULL, 2, 64, '', NULL, 19, NULL, NULL),
(70038, 'HECTOR DAVID', 'PIEDRAHITA', 'mailmail@gmail,com', '3136841578', NULL, '1222-02-12 00:00:00', 'CC', NULL, 2, 64, '', NULL, 19, NULL, NULL),
(70039, 'JHON JAIRO', 'JIMÉNEZ', 'mailmail@gmail,com', '3148703100', NULL, '1222-02-12 00:00:00', 'CC', NULL, 2, 64, '', NULL, 19, NULL, NULL),
(70040, 'ÓSCAR DANILO', 'LÓPEZ', 'mailmail@gmail,com', '3218417353', NULL, '1222-02-12 00:00:00', 'CC', NULL, 2, 64, '', NULL, 19, NULL, NULL),
(70041, 'JHONATAN', 'LONDOÑO', 'mailmail@gmail,com', '3024495637', NULL, '1222-02-12 00:00:00', 'CC', NULL, 2, 64, '', NULL, 19, NULL, NULL),
(70042, 'ANA LUISA', 'MAZO', 'mailmail@gmail,com', '3222486393', NULL, '1222-02-12 00:00:00', 'CC', NULL, 2, 64, '', NULL, 19, NULL, NULL),
(70043, 'DIANA CAROLINA', 'PÉREZ', 'mailmail@gmail,com', '3104099623', NULL, '1222-02-12 00:00:00', 'CC', NULL, 2, 64, '', NULL, 19, NULL, NULL),
(70044, 'MARTHA CECILIA', 'LÓPEZ', 'mailmail@gmail,com', '3215885372', NULL, '1222-02-12 00:00:00', 'CC', NULL, 2, 64, '', NULL, 19, NULL, NULL),
(70045, 'JUAN DANIEL', 'ZAPATA', 'mailmail@gmail,com', '3043648937', NULL, '1222-02-12 00:00:00', 'CC', NULL, 2, 64, '', NULL, 19, NULL, NULL),
(70046, 'JULIANA', 'OSORIO MAZO', 'mailmail@gmail,com', '3148469918', NULL, '1222-02-12 00:00:00', 'CC', NULL, 2, 64, '', NULL, 19, NULL, NULL),
(70047, 'JOSEFINA', '', 'mailmail@gmail,com', '3206048850', NULL, '1222-02-12 00:00:00', 'CC', NULL, 2, 64, '', NULL, 19, NULL, NULL),
(70048, 'MARÍA ROSELIA', 'ECHAVARRÍA', 'mailmail@gmail,com', '3148371559', NULL, '1222-02-12 00:00:00', 'CC', NULL, 2, 64, '', NULL, 19, NULL, NULL),
(70049, 'JUAN JOSÉ', 'HERNÁNDEZ', 'mailmail@gmail,com', '3023900645', NULL, '1222-02-12 00:00:00', 'CC', NULL, 2, 64, '', NULL, 19, NULL, NULL),
(70050, 'JUAN', 'ZAPATA', 'mailmail@gmail,com', '3206048859', NULL, '1222-02-12 00:00:00', 'CC', NULL, 2, 64, '', NULL, 19, NULL, NULL),
(70051, 'LUCELLY', 'GUTIÉRREZ', 'mailmail@gmail,com', '3217969585', NULL, '1222-02-12 00:00:00', 'CC', NULL, 2, 64, '', NULL, 19, NULL, NULL),
(70052, 'SEBASTIÁN', 'HENAO', 'mailmail@gmail,com', '3122023401', NULL, '1222-02-12 00:00:00', 'CC', NULL, 2, 64, '', NULL, 19, NULL, NULL),
(70053, 'MARÍA', 'BALVIN', 'mailmail@gmail,com', '3206168499', NULL, '1222-02-12 00:00:00', 'CC', NULL, 2, 64, '', NULL, 19, NULL, NULL),
(70054, 'MARTA', 'JANETH', 'mailmail@gmail,com', '3105941158', NULL, '1222-02-12 00:00:00', 'CC', NULL, 2, 64, '', NULL, 19, NULL, NULL),
(70055, 'FLOR MARÍA', 'HENAO', 'mailmail@gmail,com', '3147157523', NULL, '1222-02-12 00:00:00', 'CC', NULL, 2, 64, '', NULL, 19, NULL, NULL),
(70056, 'MARÍA AURORA', 'SALAZAR', 'mailmail@gmail,com', '3137002560', NULL, '1222-02-12 00:00:00', 'CC', NULL, 2, 64, '', NULL, 19, NULL, NULL),
(70057, 'DIEGO', 'JIMÉNEZ', 'mailmail@gmail,com', '3147757523', NULL, '1222-02-12 00:00:00', 'CC', NULL, 2, 64, '', NULL, 19, NULL, NULL),
(70058, 'HERIBERTO', 'HENAO', 'mailmail@gmail,com', '3137115871', NULL, '1222-02-12 00:00:00', 'CC', NULL, 2, 64, '', NULL, 19, NULL, NULL),
(70059, 'LIBARDO', 'JIMÉNEZ', 'mailmail@gmail,com', '3117115871', NULL, '1222-02-12 00:00:00', 'CC', NULL, 2, 64, '', NULL, 19, NULL, NULL),
(70060, 'LEIDY JHOANA', 'OCAMPO', 'mailmail@gmail,com', '3195781578', NULL, '1222-02-12 00:00:00', 'CC', NULL, 2, 64, '', NULL, 19, NULL, NULL),
(70061, 'NENA', 'GONZALES', 'mailmail@gmail,com', '3195781578', NULL, '1222-02-12 00:00:00', 'CC', NULL, 2, 64, '', NULL, 19, NULL, NULL),
(70062, 'JENNY', 'GUTIÉRREZ', 'mailmail@gmail,com', '3122906014', NULL, '1222-02-12 00:00:00', 'CC', NULL, 2, 64, '', NULL, 19, NULL, NULL),
(70063, 'MIRIAM', 'CUARTAS', 'mailmail@gmail,com', '3117837548', NULL, '1222-02-12 00:00:00', 'CC', NULL, 2, 64, '', NULL, 19, NULL, NULL),
(70064, 'EIMER ALCIDES', 'GÓMEZ CARVAJAL', 'mailmail@gmail,com', '3128606610', NULL, '1222-02-12 00:00:00', 'CC', NULL, 2, 64, '', NULL, 19, NULL, NULL),
(70065, 'JULIO CÉSAR', 'QUICENO', 'mailmail@gmail,com', '3146117739', NULL, '1222-02-12 00:00:00', 'CC', NULL, 2, 64, '', NULL, 19, NULL, NULL),
(70066, 'NORBEY JOHANI', 'AGUDELO', 'mailmail@gmail,com', '3128633781', NULL, '1222-02-12 00:00:00', 'CC', NULL, 2, 64, '', NULL, 19, NULL, NULL),
(70067, 'MÓNICA', 'PÉREZ', 'mailmail@gmail,com', '3117745637', NULL, '1222-02-12 00:00:00', 'CC', NULL, 2, 64, '', NULL, 19, NULL, NULL),
(70068, 'ROSA', 'PÉREZ GAVIRIA', 'mailmail@gmail,com', '3117817195', NULL, '1222-02-12 00:00:00', 'CC', NULL, 2, 64, '', NULL, 19, NULL, NULL),
(70069, 'ROSA', 'JIMÉNEZ', 'mailmail@gmail,com', '3148077778', NULL, '1222-02-12 00:00:00', 'CC', NULL, 2, 64, '', NULL, 19, NULL, NULL),
(70070, 'AIDA', 'GÓMEZ', 'mailmail@gmail,com', '3126415797', NULL, '1222-02-12 00:00:00', 'CC', NULL, 2, 64, '', NULL, 19, NULL, NULL),
(70071, 'CARLOS', 'CUADRO', 'mailmail@gmail,com', '3127418442', NULL, '1222-02-12 00:00:00', 'CC', NULL, 2, 64, '', NULL, 19, NULL, NULL),
(70072, 'NUBIA', 'PALACIO', 'mailmail@gmail,com', '3126936675', NULL, '1222-02-12 00:00:00', 'CC', NULL, 2, 64, '', NULL, 19, NULL, NULL),
(70073, 'AMADO', 'ARROYAVE', 'mailmail@gmail,com', '3136277126', NULL, '1222-02-12 00:00:00', 'CC', NULL, 2, 64, '', NULL, 19, NULL, NULL),
(70074, 'MARÍA', 'BETANCUR', 'mailmail@gmail,com', '3043897255', NULL, '1222-02-12 00:00:00', 'CC', NULL, 2, 64, '', NULL, 19, NULL, NULL),
(70075, 'BERTA', 'SERNA', 'mailmail@gmail,com', '3043897855', NULL, '1222-02-12 00:00:00', 'CC', NULL, 2, 64, '', NULL, 19, NULL, NULL),
(70076, 'MARÍA AURORA', 'CARVAJAL', 'mailmail@gmail,com', '3146111739', NULL, '1222-02-12 00:00:00', 'CC', NULL, 2, 64, '', NULL, 19, NULL, NULL),
(70077, 'JULIO', 'QUICENO', 'mailmail@gmail,com', '3146111739', NULL, '1222-02-12 00:00:00', 'CC', NULL, 2, 64, '', NULL, 19, NULL, NULL),
(70078, 'FIDEL ÁNGEL', 'GÓMEZ', 'mailmail@gmail,com', '3135886256', NULL, '1222-02-12 00:00:00', 'CC', NULL, 2, 64, '', NULL, 19, NULL, NULL);
INSERT INTO "ShipmentOrders" ("Id", "FirstName", "LastName", "Email", "Phone", "HouseId", "BirthDate", "DocumentType", "DocumentId", "SexId", "ServicesId", "Sidewalk", "Need", "ModifyUserId", "EconomicActivity", "ServiceActivityId") VALUES
(70079, 'CARLOS JAVIER', 'ZABALA', 'mailmail@gmail,com', '3146695086', NULL, '1222-02-12 00:00:00', 'CC', NULL, 2, 64, '', NULL, 19, NULL, NULL),
(70080, 'AIDE', 'AGUDELO GÓMEZ', 'mailmail@gmail,com', '3128633781', NULL, '1222-02-12 00:00:00', 'CC', NULL, 2, 64, '', NULL, 19, NULL, NULL),
(70081, 'LUZ MARIELA', 'GÓMEZ', 'mailmail@gmail,com', '3127206982', NULL, '1222-02-12 00:00:00', 'CC', NULL, 2, 64, '', NULL, 19, NULL, NULL),
(70082, 'JUAN ESTEBAN', 'GÓMEZ', 'mailmail@gmail,com', '3205345128', NULL, '1222-02-12 00:00:00', 'CC', NULL, 2, 64, '', NULL, 19, NULL, NULL),
(70083, 'MARIANO', 'AGUDELO', 'mailmail@gmail,com', '3226732943', NULL, '1222-02-12 00:00:00', 'CC', NULL, 2, 64, '', NULL, 19, NULL, NULL),
(70084, 'NORBEY', 'CARVAJAL', 'mailmail@gmail,com', '3127206982', NULL, '1222-02-12 00:00:00', 'CC', NULL, 2, 64, '', NULL, 19, NULL, NULL),
(70085, 'MARCOS', 'ZAPATA', 'mailmail@gmail,com', '3136853185', NULL, '1222-02-12 00:00:00', 'CC', NULL, 2, 64, '', NULL, 19, NULL, NULL),
(70086, 'ADÁN DE JESÚS', 'AGUDELO', 'mailmail@gmail,com', '3206153030', NULL, '1222-02-12 00:00:00', 'CC', NULL, 2, 64, '', NULL, 19, NULL, NULL),
(70087, 'EUNICE', 'VARELAS', 'mailmail@gmail,com', '3116706419', NULL, '1222-02-12 00:00:00', 'CC', NULL, 2, 64, '', NULL, 19, NULL, NULL),
(70088, 'YESSICA', 'GUERRERO', 'mailmail@gmail,com', '3218746507', NULL, '1222-02-12 00:00:00', 'CC', NULL, 2, 64, '', NULL, 19, NULL, NULL),
(70089, 'HUMBERTO', 'JIMÉNEZ', 'mailmail@gmail,com', '3225834184', NULL, '1222-02-12 00:00:00', 'CC', NULL, 2, 64, '', NULL, 19, NULL, NULL),
(70090, 'ALEIDA', 'URIBE', 'mailmail@gmail,com', '3147046237', NULL, '1222-02-12 00:00:00', 'CC', NULL, 2, 64, '', NULL, 19, NULL, NULL),
(70091, 'AMAPARO', 'PÉREZ', 'mailmail@gmail,com', '3148275716', NULL, '1222-02-12 00:00:00', 'CC', NULL, 2, 64, '', NULL, 19, NULL, NULL),
(70092, 'NICOLÁS', 'PÉREZ', 'mailmail@gmail,com', '3136516144', NULL, '1222-02-12 00:00:00', 'CC', NULL, 2, 64, '', NULL, 19, NULL, NULL),
(70093, 'FREDY', 'LÓPEZ VÁSQUEZ', 'mailmail@gmail,com', '3206494027', NULL, '1222-02-12 00:00:00', 'CC', NULL, 2, 64, '', NULL, 19, NULL, NULL),
(70094, 'DIANA', 'CÁRDENAS', 'mailmail@gmail,com', '3206494027', NULL, '1222-02-12 00:00:00', 'CC', NULL, 2, 64, '', NULL, 19, NULL, NULL),
(70095, 'MARCELA', 'VARELAS', 'mailmail@gmail,com', '3113735866', NULL, '1222-02-12 00:00:00', 'CC', NULL, 2, 64, '', NULL, 19, NULL, NULL),
(70096, 'ÁNGELA', 'LÓPEZ', 'mailmail@gmail,com', '3147260085', NULL, '1222-02-12 00:00:00', 'CC', NULL, 2, 64, '', NULL, 19, NULL, NULL),
(70097, 'LINA MARÍA', 'OSORIO', 'mailmail@gmail,com', '3202347918', NULL, '1222-02-12 00:00:00', 'CC', NULL, 2, 64, '', NULL, 19, NULL, NULL),
(70098, 'DORIS ISELA', 'BARRIENTOS', 'mailmail@gmail,com', '3127833004', NULL, '1222-02-12 00:00:00', 'CC', NULL, 2, 64, '', NULL, 19, NULL, NULL),
(70099, 'JHONATHAN', 'PATIÑO JIMÉNEZ', 'mailmail@gmail,com', '3116489851', NULL, '1222-02-12 00:00:00', 'CC', NULL, 2, 64, '', NULL, 19, NULL, NULL),
(70100, 'YESICA LILIANA', 'OSORIO', 'mailmail@gmail,com', '3205695838', NULL, '1222-02-12 00:00:00', 'CC', NULL, 2, 64, '', NULL, 19, NULL, NULL),
(70101, 'LUZ ARIELA', 'MENESES HENAO', 'mailmail@gmail,com', '3128731979', NULL, '1222-02-12 00:00:00', 'CC', NULL, 2, 64, '', NULL, 19, NULL, NULL),
(70102, 'YAIR', 'VEJARANO', 'mailmail@gmail,com', '3225343139', NULL, '1222-02-12 00:00:00', 'CC', NULL, 2, 64, '', NULL, 19, NULL, NULL),
(70103, 'GERMAN GUILLERMO', 'OSORIO', 'mailmail@gmail,com', '3117446068', NULL, '1222-02-12 00:00:00', 'CC', NULL, 2, 64, '', NULL, 19, NULL, NULL),
(70104, 'LUISA FERNANDA', 'VÁSQUEZ', 'mailmail@gmail,com', '3508760952', NULL, '1222-02-12 00:00:00', 'CC', NULL, 2, 64, '', NULL, 19, NULL, NULL),
(70105, 'HILDA LUCÍA', 'ZAPATA', 'mailmail@gmail,com', '3143218529', NULL, '1222-02-12 00:00:00', 'CC', NULL, 2, 64, '', NULL, 19, NULL, NULL),
(70106, 'MARÍA ALEJANDRA', 'LÓPEZ', 'mailmail@gmail,com', '3147140665', NULL, '1222-02-12 00:00:00', 'CC', NULL, 2, 64, '', NULL, 19, NULL, NULL),
(70107, 'DORIS TATIANA', 'HENAO', 'mailmail@gmail,com', '3188284927', NULL, '1222-02-12 00:00:00', 'CC', NULL, 2, 64, '', NULL, 19, NULL, NULL),
(70108, 'SEBASTIÁN', 'PINEDA ALZATE', 'mailmail@gmail,com', '3188283180', NULL, '1222-02-12 00:00:00', 'CC', NULL, 2, 64, '', NULL, 19, NULL, NULL),
(70109, 'CLAUDIA CECILIA', 'TABORDA', 'mailmail@gmail,com', '3104078305', NULL, '1222-02-12 00:00:00', 'CC', NULL, 2, 64, '', NULL, 19, NULL, NULL),
(70110, 'LEONARDO', 'CUARTAS ZAPATA', 'mailmail@gmail,com', '3117254749', NULL, '1222-02-12 00:00:00', 'CC', NULL, 2, 64, '', NULL, 19, NULL, NULL),
(70111, 'ROSA', 'RODRÍGUEZ', 'mailmail@gmail,com', '3127776270', NULL, '1222-02-12 00:00:00', 'CC', NULL, 2, 64, '', NULL, 19, NULL, NULL),
(70112, 'JUAN CARLOS', 'LONDOÑO ZAPATA', 'mailmail@gmail,com', '3209205533', NULL, '1222-02-12 00:00:00', 'CC', NULL, 2, 64, '', NULL, 19, NULL, NULL),
(70113, 'MARGARITA', 'HENAO ESPINAL', 'mailmail@gmail,com', '3147140665', NULL, '1222-02-12 00:00:00', 'CC', NULL, 2, 64, '', NULL, 19, NULL, NULL),
(70114, 'YEIMY LILIANA', 'PATIÑO', 'mailmail@gmail,com', '3209205533', NULL, '1222-02-12 00:00:00', 'CC', NULL, 2, 64, '', NULL, 19, NULL, NULL),
(70115, 'JAQUELINE', 'CUARTAS', 'mailmail@gmail,com', '3136390496', NULL, '1222-02-12 00:00:00', 'CC', NULL, 2, 64, '', NULL, 19, NULL, NULL),
(70116, 'JULIAN DAVID', 'MARTÍNEZ', 'mailmail@gmail,com', '3135020782', NULL, '1222-02-12 00:00:00', 'CC', NULL, 2, 64, '', NULL, 19, NULL, NULL),
(70117, 'FLOR MARÍA', 'JIMÉNEZ', 'mailmail@gmail,com', '3127266139', NULL, '1222-02-12 00:00:00', 'CC', NULL, 2, 64, '', NULL, 19, NULL, NULL),
(70118, 'MARTHA NELLY', 'PÉREZ', 'mailmail@gmail,com', '3227839650', NULL, '1222-02-12 00:00:00', 'CC', NULL, 2, 64, '', NULL, 19, NULL, NULL),
(70119, 'REINA MARÍA', 'ZABALA', 'mailmail@gmail,com', '3105421977', NULL, '1222-02-12 00:00:00', 'CC', NULL, 2, 64, '', NULL, 19, NULL, NULL),
(70120, 'GLORIA', 'ZABALA MENESES', 'mailmail@gmail,com', '3114197160', NULL, '1222-02-12 00:00:00', 'CC', NULL, 2, 64, '', NULL, 19, NULL, NULL),
(70121, 'PAULA ANDREA', 'LONDOÑO', 'mailmail@gmail,com', '3114058554', NULL, '1222-02-12 00:00:00', 'CC', NULL, 2, 64, '', NULL, 19, NULL, NULL),
(70122, 'RUBIELA', 'ZAPATA', 'mailmail@gmail,com', '3207427210', NULL, '1222-02-12 00:00:00', 'CC', NULL, 2, 64, '', NULL, 19, NULL, NULL),
(70123, 'DEISY JOHANA', 'SEPÚLVEDA', 'mailmail@gmail,com', '3137013336', NULL, '1222-02-12 00:00:00', 'CC', NULL, 2, 64, '', NULL, 19, NULL, NULL),
(70124, 'ALEX', 'RODRIGO ARANGO', 'mailmail@gmail,com', '3147311763', NULL, '1222-02-12 00:00:00', 'CC', NULL, 2, 64, '', NULL, 19, NULL, NULL),
(70125, 'GLORIA ESTELLA', 'VALLEJO', 'mailmail@gmail,com', '3137326127', NULL, '1222-02-12 00:00:00', 'CC', NULL, 2, 64, '', NULL, 19, NULL, NULL),
(70126, 'YULIETH', 'PATIÑO VALLEJO', 'mailmail@gmail,com', '3127140353', NULL, '1222-02-12 00:00:00', 'CC', NULL, 2, 64, '', NULL, 19, NULL, NULL),
(70127, 'NORBERTO', 'ARANGO', 'mailmail@gmail,com', '3024159703', NULL, '1222-02-12 00:00:00', 'CC', NULL, 2, 64, '', NULL, 19, NULL, NULL),
(70128, 'MARIBEL', 'CUARTAS', 'mailmail@gmail,com', '3122222814', NULL, '1222-02-12 00:00:00', 'CC', NULL, 2, 64, '', NULL, 19, NULL, NULL),
(70129, 'VALENTINA', 'VARGAS', 'mailmail@gmail,com', '3024159716', NULL, '1222-02-12 00:00:00', 'CC', NULL, 2, 64, '', NULL, 19, NULL, NULL),
(70130, 'KEVIN DAVID', 'ARANGO', 'mailmail@gmail,com', '3024159716', NULL, '1222-02-12 00:00:00', 'CC', NULL, 2, 64, '', NULL, 19, NULL, NULL),
(70131, 'LISBETH', 'ARANGO', 'mailmail@gmail,com', '3206235203', NULL, '1222-02-12 00:00:00', 'CC', NULL, 2, 64, '', NULL, 19, NULL, NULL),
(70132, 'MARTHA', 'ARANGO', 'mailmail@gmail,com', '3107244024', NULL, '1222-02-12 00:00:00', 'CC', NULL, 2, 64, '', NULL, 19, NULL, NULL),
(70133, 'ELIANA', 'VÁSQUEZ', 'mailmail@gmail,com', '3107244024', NULL, '1222-02-12 00:00:00', 'CC', NULL, 2, 64, '', NULL, 19, NULL, NULL),
(70134, 'DEISY', 'OSORIO', 'mailmail@gmail,com', '3505994060', NULL, '1222-02-12 00:00:00', 'CC', NULL, 2, 64, '', NULL, 19, NULL, NULL),
(70135, 'YULY ALEXANDRA', 'PORRAS', 'mailmail@gmail,com', '3147220869', NULL, '1222-02-12 00:00:00', 'CC', NULL, 2, 64, '', NULL, 19, NULL, NULL),
(70136, 'DORIS ICELA', 'BARRIENTOS', 'mailmail@gmail,com', '3127833004', NULL, '1222-02-12 00:00:00', 'CC', NULL, 2, 64, '', NULL, 19, NULL, NULL),
(70137, 'RAMÓN', 'MAZO', 'mailmail@gmail,com', '3118810975', NULL, '1222-02-12 00:00:00', 'CC', NULL, 2, 64, '', NULL, 19, NULL, NULL),
(70138, 'MARÍA ROCÍO', 'ARENAS HERNÁNDEZ', 'mailmail@gmail,com', '3216286755', NULL, '1222-02-12 00:00:00', 'CC', NULL, 2, 64, '', NULL, 19, NULL, NULL),
(70139, 'YUDY', 'GALEANO OLARTE', 'mailmail@gmail,com', '3216286755', NULL, '1222-02-12 00:00:00', 'CC', NULL, 2, 64, '', NULL, 19, NULL, NULL),
(70140, 'DEISY TATIANA', 'MAZO', 'mailmail@gmail,com', '3206559154', NULL, '1222-02-12 00:00:00', 'CC', NULL, 2, 64, '', NULL, 19, NULL, NULL),
(70141, 'ALBERTINA', 'VALLEJO', 'mailmail@gmail,com', '3146081758', NULL, '1222-02-12 00:00:00', 'CC', NULL, 2, 64, '', NULL, 19, NULL, NULL),
(70142, 'MÓNICA ANDREA', 'ARANGO', 'mailmail@gmail,com', '3126413962', NULL, '1222-02-12 00:00:00', 'CC', NULL, 2, 64, '', NULL, 19, NULL, NULL),
(70143, 'EMILSEN', 'CÁRDENAS', 'mailmail@gmail,com', '3216417130', NULL, '1222-02-12 00:00:00', 'CC', NULL, 2, 64, '', NULL, 19, NULL, NULL),
(70144, 'OLGA LUZ', 'CARDEÑO', 'mailmail@gmail,com', '3136562412', NULL, '1222-02-12 00:00:00', 'CC', NULL, 2, 64, '', NULL, 19, NULL, NULL),
(70145, 'LUIS', 'LONDOÑO', 'mailmail@gmail,com', '3145459448', NULL, '1222-02-12 00:00:00', 'CC', NULL, 2, 64, '', NULL, 19, NULL, NULL),
(70146, 'CLAUDIA ELENA', 'CEBALLOS', 'mailmail@gmail,com', '3137096498', NULL, '1222-02-12 00:00:00', 'CC', NULL, 2, 64, '', NULL, 19, NULL, NULL),
(70147, 'JUAN SEBASTIÁN', 'AGUDELO PÉREZ', 'mailmail@gmail,com', '3507597421', NULL, '1222-02-12 00:00:00', 'CC', NULL, 2, 64, '', NULL, 19, NULL, NULL),
(70148, 'CARLOS ALBERTO', 'AMADO', 'mailmail@gmail,com', '3103761245', NULL, '1222-02-12 00:00:00', 'CC', NULL, 2, 64, '', NULL, 19, NULL, NULL),
(70149, 'ARANCIBIA', 'ARDILA', 'mailmail@gmail,com', '3147361248', NULL, '1222-02-12 00:00:00', 'CC', NULL, 2, 64, '', NULL, 19, NULL, NULL),
(70150, 'ALBA', 'VÉLEZ CARDONA', 'mailmail@gmail,com', '3147471609', NULL, '1222-02-12 00:00:00', 'CC', NULL, 2, 64, '', NULL, 19, NULL, NULL),
(70151, 'MARIANO', 'CUARTAS VÉLEZ', 'mailmail@gmail,com', '3122478386', NULL, '1222-02-12 00:00:00', 'CC', NULL, 2, 64, '', NULL, 19, NULL, NULL),
(70152, 'NELLY', 'CEBALLOS', 'mailmail@gmail,com', '3165150761', NULL, '1222-02-12 00:00:00', 'CC', NULL, 2, 64, '', NULL, 19, NULL, NULL),
(70153, 'GILMA', 'GÓMEZ', 'mailmail@gmail,com', '3234672592', NULL, '1222-02-12 00:00:00', 'CC', NULL, 2, 64, '', NULL, 19, NULL, NULL),
(70154, 'SANDRA', 'LILIANA FRANCO', 'mailmail@gmail,com', '3217787452', NULL, '1222-02-12 00:00:00', 'CC', NULL, 2, 64, '', NULL, 19, NULL, NULL),
(70155, 'CLAUDIA CRISTINA', 'FRANCO', 'mailmail@gmail,com', '3217787452', NULL, '1222-02-12 00:00:00', 'CC', NULL, 2, 64, '', NULL, 19, NULL, NULL),
(70156, 'GABRIEL ALONSO', 'FRANCO', 'mailmail@gmail,com', '3217787452', NULL, '1222-02-12 00:00:00', 'CC', NULL, 2, 64, '', NULL, 19, NULL, NULL),
(70157, 'LIBIA', 'JARAMILLO FRANCO', 'mailmail@gmail,com', '3217787452', NULL, '1222-02-12 00:00:00', 'CC', NULL, 2, 64, '', NULL, 19, NULL, NULL),
(70158, 'GILBERTO', 'GARCÍA VALENCIA', 'mailmail@gmail,com', '3217787452', NULL, '1222-02-12 00:00:00', 'CC', NULL, 2, 64, '', NULL, 19, NULL, NULL),
(70159, 'MARÍA MARLENY', 'GUTIÉRREZ', 'mailmail@gmail,com', '3234755961', NULL, '1222-02-12 00:00:00', 'CC', NULL, 2, 64, '', NULL, 19, NULL, NULL),
(70160, 'SANDRA PALACIO', 'FRANCO', 'mailmail@gmail,com', '3218265885', NULL, '1222-02-12 00:00:00', 'CC', NULL, 2, 64, '', NULL, 19, NULL, NULL),
(70161, 'NUBIA FRANCO', 'JIMÉNEZ', 'mailmail@gmail,com', '3104986534', NULL, '1222-02-12 00:00:00', 'CC', NULL, 2, 64, '', NULL, 19, NULL, NULL),
(70162, 'LUZ MABEL', 'OSORIO VÁSQUEZ', 'mailmail@gmail,com', '3202044537', NULL, '1222-02-12 00:00:00', 'CC', NULL, 2, 64, '', NULL, 19, NULL, NULL),
(70163, 'LUZ MERY', 'TORRES RÍOS', 'mailmail@gmail,com', '3135979859', NULL, '1222-02-12 00:00:00', 'CC', NULL, 2, 64, '', NULL, 19, NULL, NULL),
(70164, 'IVAN OSORIO', 'ORREGO', 'mailmail@gmail,com', '3116464669', NULL, '1222-02-12 00:00:00', 'CC', NULL, 2, 64, '', NULL, 19, NULL, NULL),
(70165, 'MARÍA MABEL', 'VÁSQUEZ FERNÁNDEZ', 'mailmail@gmail,com', '3202044537', NULL, '1222-02-12 00:00:00', 'CC', NULL, 2, 64, '', NULL, 19, NULL, NULL),
(70166, 'FABIOLA', 'CASAS', 'mailmail@gmail,com', '3117325570', NULL, '1222-02-12 00:00:00', 'CC', NULL, 2, 64, '', NULL, 19, NULL, NULL),
(70167, 'LUZ MARIELA', 'MARTÍNEZ SÁNCHEZ', 'mailmail@gmail,com', '3127449551', NULL, '1222-02-12 00:00:00', 'CC', NULL, 2, 64, '', NULL, 19, NULL, NULL),
(70168, 'DIANA MILENA', 'MACÍAS', 'mailmail@gmail,com', '3116080704', NULL, '1222-02-12 00:00:00', 'CC', NULL, 2, 64, '', NULL, 19, NULL, NULL),
(70169, 'LUIS FERNANDO', 'LONDOÑO', 'mailmail@gmail,com', '3502382475', NULL, '1222-02-12 00:00:00', 'CC', NULL, 2, 64, '', NULL, 19, NULL, NULL),
(70170, 'ÁNGEL UFIMIO', 'RODRÍGUEZ', 'mailmail@gmail,com', '3207401011', NULL, '1222-02-12 00:00:00', 'CC', NULL, 2, 64, '', NULL, 19, NULL, NULL),
(70171, 'MARÍA MERCEDES', 'CHANCI', 'mailmail@gmail,com', '3207525599', NULL, '1222-02-12 00:00:00', 'CC', NULL, 2, 64, '', NULL, 19, NULL, NULL),
(70172, 'LUZ MARINA', 'VALLEJO', 'mailmail@gmail,com', '3114084351', NULL, '1222-02-12 00:00:00', 'CC', NULL, 2, 64, '', NULL, 19, NULL, NULL),
(70173, 'NORELIA', 'MUÑOZ', 'mailmail@gmail,com', '3137670052', NULL, '1222-02-12 00:00:00', 'CC', NULL, 2, 64, '', NULL, 19, NULL, NULL),
(70174, 'SANTIAGO', 'GIRALDO', 'mailmail@gmail,com', '3504340506', NULL, '1222-02-12 00:00:00', 'CC', NULL, 2, 64, '', NULL, 19, NULL, NULL),
(70175, 'ANDRÉS', 'GIRALDO', 'mailmail@gmail,com', '3226795794', NULL, '1222-02-12 00:00:00', 'CC', NULL, 2, 64, '', NULL, 19, NULL, NULL),
(70176, 'LUZ HELENA', 'HENAO', 'mailmail@gmail,com', '3135436134', NULL, '1222-02-12 00:00:00', 'CC', NULL, 2, 64, '', NULL, 19, NULL, NULL),
(70177, 'HÉCTOR', 'GIRALDO', 'mailmail@gmail,com', '3214785537', NULL, '1222-02-12 00:00:00', 'CC', NULL, 2, 64, '', NULL, 19, NULL, NULL),
(70178, 'ÁNGELA MARÍA', 'GIRALDO', 'mailmail@gmail,com', '3113471038', NULL, '1222-02-12 00:00:00', 'CC', NULL, 2, 64, '', NULL, 19, NULL, NULL),
(70179, 'JORGE LUIS', 'VALENCIA', 'mailmail@gmail,com', '3136022493', NULL, '1222-02-12 00:00:00', 'CC', NULL, 2, 64, '', NULL, 19, NULL, NULL),
(70180, 'WILMAR', 'GÓMEZ', 'mailmail@gmail,com', '3017294723', NULL, '1222-02-12 00:00:00', 'CC', NULL, 2, 64, '', NULL, 19, NULL, NULL),
(70181, 'ALEJANDRO', 'JIMÉNEZ', 'mailmail@gmail,com', '3053654368', NULL, '1222-02-12 00:00:00', 'CC', NULL, 2, 64, '', NULL, 19, NULL, NULL),
(70182, 'JUAN DAVID', 'ATEHORTÚA', 'mailmail@gmail,com', '3216931588', NULL, '1222-02-12 00:00:00', 'CC', NULL, 2, 64, '', NULL, 19, NULL, NULL),
(70183, 'AURELIANO', 'SÁNCHEZ', 'mailmail@gmail,com', '3127206554', NULL, '1222-02-12 00:00:00', 'CC', NULL, 2, 64, '', NULL, 19, NULL, NULL),
(70184, 'LUIS ALFONSO', 'TAMAYO', 'mailmail@gmail,com', '3148308121', NULL, '1222-02-12 00:00:00', 'CC', NULL, 2, 64, '', NULL, 19, NULL, NULL),
(70185, 'JENNIFER ANDREA', 'CUARTAS', 'mailmail@gmail,com', '3137301725', NULL, '1222-02-12 00:00:00', 'CC', NULL, 2, 64, '', NULL, 19, NULL, NULL),
(70186, 'ANGIE PAOLA', 'VERA', 'mailmail@gmail,com', '3125436738', NULL, '1222-02-12 00:00:00', 'CC', NULL, 2, 64, '', NULL, 19, NULL, NULL),
(70187, 'CARLOS', 'FRANCO', 'mailmail@gmail,com', '3218908213', NULL, '1222-02-12 00:00:00', 'CC', NULL, 2, 64, '', NULL, 19, NULL, NULL),
(70188, 'JONNY ALEXANDER', 'MONSALVE', 'mailmail@gmail,com', '3505183497', NULL, '1222-02-12 00:00:00', 'CC', NULL, 2, 64, '', NULL, 19, NULL, NULL),
(70189, 'SELENI', 'ARROYAVE', 'mailmail@gmail,com', '3122092387', NULL, '1222-02-12 00:00:00', 'CC', NULL, 2, 64, '', NULL, 19, NULL, NULL),
(70190, 'IRMA', 'ARROYAVE', 'mailmail@gmail,com', '3122092387', NULL, '1222-02-12 00:00:00', 'CC', NULL, 2, 64, '', NULL, 19, NULL, NULL),
(70191, 'GERMÁN', 'TORRES', 'mailmail@gmail,com', '3122092387', NULL, '1222-02-12 00:00:00', 'CC', NULL, 2, 64, '', NULL, 19, NULL, NULL),
(70192, 'LUCÍA', 'ARROYAVE', 'mailmail@gmail,com', '3122753145', NULL, '1222-02-12 00:00:00', 'CC', NULL, 2, 64, '', NULL, 19, NULL, NULL),
(70193, 'YAMILE', 'AYALA', 'mailmail@gmail,com', '3105169303', NULL, '1222-02-12 00:00:00', 'CC', NULL, 2, 64, '', NULL, 19, NULL, NULL),
(70194, 'ANDRÉS', 'CUARTAS', 'mailmail@gmail,com', '3122986554', NULL, '1222-02-12 00:00:00', 'CC', NULL, 2, 64, '', NULL, 19, NULL, NULL),
(70195, 'BEATRIZ ELENA', 'ZAPATA', 'mailmail@gmail,com', '3122116815', NULL, '1222-02-12 00:00:00', 'CC', NULL, 2, 64, '', NULL, 19, NULL, NULL),
(70196, 'PIEDAD', 'ZAPATA', 'mailmail@gmail,com', '3147632929', NULL, '1222-02-12 00:00:00', 'CC', NULL, 2, 64, '', NULL, 19, NULL, NULL),
(70197, 'YUVANA', 'CUARTAS', 'mailmail@gmail,com', '3225987086', NULL, '1222-02-12 00:00:00', 'CC', NULL, 2, 64, '', NULL, 19, NULL, NULL),
(70198, 'SANDRA', 'ZAPATA', 'mailmail@gmail,com', '3206252924', NULL, '1222-02-12 00:00:00', 'CC', NULL, 2, 64, '', NULL, 19, NULL, NULL),
(70199, 'RUBIAN', 'ZAPATA', 'mailmail@gmail,com', '3122859933', NULL, '1222-02-12 00:00:00', 'CC', NULL, 2, 64, '', NULL, 19, NULL, NULL),
(70200, 'LAURA', 'JIMÉNEZ', 'mailmail@gmail,com', '3137300937', NULL, '1222-02-12 00:00:00', 'CC', NULL, 2, 64, '', NULL, 19, NULL, NULL),
(70201, 'YURANY', 'BARRIENTOS', 'mailmail@gmail,com', '3122859933', NULL, '1222-02-12 00:00:00', 'CC', NULL, 2, 64, '', NULL, 19, NULL, NULL),
(70202, 'ANDRÉS', 'JIMÉNEZ', 'mailmail@gmail,com', '3122116815', NULL, '1222-02-12 00:00:00', 'CC', NULL, 2, 64, '', NULL, 19, NULL, NULL),
(70203, 'JUANA', 'OSORIO GÓMEZ', 'mailmail@gmail,com', '3234818565', NULL, '1222-02-12 00:00:00', 'CC', NULL, 2, 64, '', NULL, 19, NULL, NULL),
(70204, 'PEDRO', 'JIMÉNEZ', 'mailmail@gmail,com', '3122116815', NULL, '1222-02-12 00:00:00', 'CC', NULL, 2, 64, '', NULL, 19, NULL, NULL),
(70205, 'PAOLA', 'ZAPATA HENAO', 'mailmail@gmail,com', '3106170167', NULL, '1222-02-12 00:00:00', 'CC', NULL, 2, 64, '', NULL, 19, NULL, NULL),
(70206, 'MARIANA', 'HENAO', 'mailmail@gmail,com', '3106170167', NULL, '1222-02-12 00:00:00', 'CC', NULL, 2, 64, '', NULL, 19, NULL, NULL),
(70207, 'LUIS', 'ADARVE', 'mailmail@gmail,com', '3217569948', NULL, '1222-02-12 00:00:00', 'CC', NULL, 2, 64, '', NULL, 19, NULL, NULL),
(70208, 'YURLEDIS', 'ZEA', 'mailmail@gmail,com', '3122053741', NULL, '1222-02-12 00:00:00', 'CC', NULL, 2, 64, '', NULL, 19, NULL, NULL),
(70209, 'FRANCISCO JAVIER', 'ZEA', 'mailmail@gmail,com', '3106465102', NULL, '1222-02-12 00:00:00', 'CC', NULL, 2, 64, '', NULL, 19, NULL, NULL),
(70210, 'MARTHA', 'ZEA OSPINA', 'mailmail@gmail,com', '3146105248', NULL, '1222-02-12 00:00:00', 'CC', NULL, 2, 64, '', NULL, 19, NULL, NULL),
(70211, 'GUSTAVO', 'ZEA OSPINA', 'mailmail@gmail,com', '3122053741', NULL, '1222-02-12 00:00:00', 'CC', NULL, 2, 64, '', NULL, 19, NULL, NULL),
(70212, 'MARÍA EUGENIA', 'ESPINOSA', 'mailmail@gmail,com', '3147781621', NULL, '1222-02-12 00:00:00', 'CC', NULL, 2, 64, '', NULL, 19, NULL, NULL),
(70213, 'ROSA ANGÉLICA', 'AGUDELO', 'mailmail@gmail,com', '3205404392', NULL, '1222-02-12 00:00:00', 'CC', NULL, 2, 64, '', NULL, 19, NULL, NULL),
(70214, 'CARMEN ELENA', 'CEBALLOS', 'mailmail@gmail,com', '3215945012', NULL, '1222-02-12 00:00:00', 'CC', NULL, 2, 64, '', NULL, 19, NULL, NULL),
(70215, 'VIVIANA LUCÍA', 'RUÍZ', 'mailmail@gmail,com', '3172833944', NULL, '1222-02-12 00:00:00', 'CC', NULL, 2, 64, '', NULL, 19, NULL, NULL),
(70216, 'ESMIT', 'ARANGO', 'mailmail@gmail,com', '3105221367', NULL, '1222-02-12 00:00:00', 'CC', NULL, 2, 64, '', NULL, 19, NULL, NULL),
(70217, 'MERY', 'MOJICA', 'mailmail@gmail,com', '3127401274', NULL, '1222-02-12 00:00:00', 'CC', NULL, 2, 64, '', NULL, 19, NULL, NULL),
(70218, 'MARIANA', 'RÚA', 'mailmail@gmail,com', '3104019613', NULL, '1222-02-12 00:00:00', 'CC', NULL, 2, 64, '', NULL, 19, NULL, NULL),
(70219, 'LAURA', 'MAZO', 'mailmail@gmail,com', '3116276244', NULL, '1222-02-12 00:00:00', 'CC', NULL, 2, 64, '', NULL, 19, NULL, NULL),
(70220, 'ESTEFANI', 'SALAZAR', 'mailmail@gmail,com', '3508830125', NULL, '1222-02-12 00:00:00', 'CC', NULL, 2, 64, '', NULL, 19, NULL, NULL),
(70221, 'LUZ MARY', 'CALLEJAS VILLA', 'mailmail@gmail,com', '3122944763', NULL, '1222-02-12 00:00:00', 'CC', NULL, 2, 64, '', NULL, 19, NULL, NULL),
(70222, 'ESLY', 'CÁRDENAS', 'mailmail@gmail,com', '3113332555', NULL, '1222-02-12 00:00:00', 'CC', NULL, 2, 64, '', NULL, 19, NULL, NULL),
(70223, 'MARIBEL', 'PALACIO GARCÍA', 'mailmail@gmail,com', '3217501000', NULL, '1222-02-12 00:00:00', 'CC', NULL, 2, 64, '', NULL, 19, NULL, NULL),
(70224, 'ALEJANDRA', 'MONSALVE', 'mailmail@gmail,com', '3232923008', NULL, '1222-02-12 00:00:00', 'CC', NULL, 2, 64, '', NULL, 19, NULL, NULL),
(70225, 'JOHAN', 'HERRERA', 'mailmail@gmail,com', '3226674594', NULL, '1222-02-12 00:00:00', 'CC', NULL, 2, 64, '', NULL, 19, NULL, NULL),
(70226, 'LUZ ELENA', 'HERRERA', 'mailmail@gmail,com', '3226674594', NULL, '1222-02-12 00:00:00', 'CC', NULL, 2, 64, '', NULL, 19, NULL, NULL),
(70227, 'MARIANO', 'VELÁSQUEZ', 'mailmail@gmail,com', '3023325859', NULL, '1222-02-12 00:00:00', 'CC', NULL, 2, 64, '', NULL, 19, NULL, NULL),
(70228, 'David', 'Ciro', NULL, '3184666618', NULL, NULL, 'CC', NULL, 2, 64, '', NULL, 19, NULL, NULL),
(70229, 'Daryany', 'Cardenas', NULL, '3218031037', NULL, NULL, 'CC', NULL, 1, 64, '', NULL, 19, NULL, NULL),
(70230, 'Alcides', '', 'mailmail@gmail.com', '3136811743', NULL, '1222-02-12 00:00:00', 'CC', NULL, 2, 64, '', NULL, 19, NULL, NULL),
(70231, 'Ángela Afrodita ', '', 'mailmail@gmail.com', '3128314642', NULL, '1222-02-12 00:00:00', 'CC', NULL, 2, 64, '', NULL, 19, NULL, NULL),
(70232, 'Arq Juan Salinas ', '', 'mailmail@gmail.com', '3228496231', NULL, '1222-02-12 00:00:00', 'CC', NULL, 2, 64, '', NULL, 19, NULL, NULL),
(70233, 'Bibi Medina Pérez ', '', 'mailmail@gmail.com', '3235861703', NULL, '1222-02-12 00:00:00', 'CC', NULL, 2, 64, '', NULL, 19, NULL, NULL),
(70234, 'César Orrego Concejal CD 2024 ', '', 'mailmail@gmail.com', '3104424869', NULL, '1222-02-12 00:00:00', 'CC', NULL, 2, 64, '', NULL, 19, NULL, NULL),
(70235, 'COTAN Dr Tello', '', 'mailmail@gmail.com', '3128012884', NULL, '1222-02-12 00:00:00', 'CC', NULL, 2, 64, '', NULL, 19, NULL, NULL),
(70236, 'Cristian ', '', 'mailmail@gmail.com', '3145538952', NULL, '1222-02-12 00:00:00', 'CC', NULL, 2, 64, '', NULL, 19, NULL, NULL),
(70237, 'Dairo Conductor Camioneta ', '', 'mailmail@gmail.com', '3147193869', NULL, '1222-02-12 00:00:00', 'CC', NULL, 2, 64, '', NULL, 19, NULL, NULL),
(70238, 'Diana Cristina Gómez Concejo ASI ', '', 'mailmail@gmail.com', '3104720288', NULL, '1222-02-12 00:00:00', 'CC', NULL, 2, 64, '', NULL, 19, NULL, NULL),
(70239, 'Don Eloy Candidato Cd ', '', 'mailmail@gmail.com', '3234762273', NULL, '1222-02-12 00:00:00', 'CC', NULL, 2, 64, '', NULL, 19, NULL, NULL),
(70240, 'Edinson Concejo ASI ', '', 'mailmail@gmail.com', '3104992638', NULL, '1222-02-12 00:00:00', 'CC', NULL, 2, 64, '', NULL, 19, NULL, NULL),
(70241, 'Edwin Villegas', '', 'mailmail@gmail.com', '3113857329', NULL, '1222-02-12 00:00:00', 'CC', NULL, 2, 64, '', NULL, 19, NULL, NULL),
(70242, 'eliecer mira ', '', 'mailmail@gmail.com', '3146856119', NULL, '1222-02-12 00:00:00', 'CC', NULL, 2, 64, '', NULL, 19, NULL, NULL),
(70243, 'Fabián Villada ', '', 'mailmail@gmail.com', '3122587614', NULL, '1222-02-12 00:00:00', 'CC', NULL, 2, 64, '', NULL, 19, NULL, NULL),
(70244, 'Francisco Olaya ', '', 'mailmail@gmail.com', '3128966972', NULL, '1222-02-12 00:00:00', 'CC', NULL, 2, 64, '', NULL, 19, NULL, NULL),
(70245, 'Frank Mestra', '', 'mailmail@gmail.com', '3507945102', NULL, '1222-02-12 00:00:00', 'CC', NULL, 2, 64, '', NULL, 19, NULL, NULL),
(70246, 'Fredy Villegas Concejal ', '', 'mailmail@gmail.com', '3004959812', NULL, '1222-02-12 00:00:00', 'CC', NULL, 2, 64, '', NULL, 19, NULL, NULL),
(70247, 'Jefferson Roldán', '', 'mailmail@gmail.com', '3206279126', NULL, '1222-02-12 00:00:00', 'CC', NULL, 2, 64, '', NULL, 19, NULL, NULL),
(70248, 'Jhoiner', '', 'mailmail@gmail.com', '3147007258', NULL, '1222-02-12 00:00:00', 'CC', NULL, 2, 64, '', NULL, 19, NULL, NULL),
(70249, 'Jhon Fredy Giraldo ', '', 'mailmail@gmail.com', '3135283677', NULL, '1222-02-12 00:00:00', 'CC', NULL, 2, 64, '', NULL, 19, NULL, NULL),
(70250, 'Joaquin Zapata Candidato', '', 'mailmail@gmail.com', '3148119868', NULL, '1222-02-12 00:00:00', 'CC', NULL, 2, 64, '', NULL, 19, NULL, NULL),
(70251, 'Jorge Rodríguez', '', 'mailmail@gmail.com', '3113068300', NULL, '1222-02-12 00:00:00', 'CC', NULL, 2, 64, '', NULL, 19, NULL, NULL),
(70252, 'JULIAN BEDOYA ', '', 'mailmail@gmail.com', '3117913097', NULL, '1222-02-12 00:00:00', 'CC', NULL, 2, 64, '', NULL, 19, NULL, NULL),
(70253, 'Lis Daney  ', '', 'mailmail@gmail.com', '3147266762', NULL, '1222-02-12 00:00:00', 'CC', NULL, 2, 64, '', NULL, 19, NULL, NULL),
(70254, 'Loco', '', 'mailmail@gmail.com', '3147276360', NULL, '1222-02-12 00:00:00', 'CC', NULL, 2, 64, '', NULL, 19, NULL, NULL),
(70255, 'Maria Adelaida Betancur', '', 'mailmail@gmail.com', '3004529119', NULL, '1222-02-12 00:00:00', 'CC', NULL, 2, 64, '', NULL, 19, NULL, NULL),
(70256, 'Mauricio', '', 'mailmail@gmail.com', '3218867361', NULL, '1222-02-12 00:00:00', 'CC', NULL, 2, 64, '', NULL, 19, NULL, NULL),
(70257, 'Mirelia Candidato Concejo', '', 'mailmail@gmail.com', '3016372592', NULL, '1222-02-12 00:00:00', 'CC', NULL, 2, 64, '', NULL, 19, NULL, NULL),
(70258, 'Oscar Peláez', '', 'mailmail@gmail.com', '3216393045', NULL, '1222-02-12 00:00:00', 'CC', NULL, 2, 64, '', NULL, 19, NULL, NULL),
(70259, 'Profe Chucho ', '', 'mailmail@gmail.com', '3136231295', NULL, '1222-02-12 00:00:00', 'CC', NULL, 2, 64, '', NULL, 19, NULL, NULL),
(70260, 'Ramon Ceballos', '', 'mailmail@gmail.com', '3147294053', NULL, '1222-02-12 00:00:00', 'CC', NULL, 2, 64, '', NULL, 19, NULL, NULL),
(70261, 'Robinson ', '', 'mailmail@gmail.com', '3146580027', NULL, '1222-02-12 00:00:00', 'CC', NULL, 2, 64, '', NULL, 19, NULL, NULL),
(70262, 'Rubí ', '', 'mailmail@gmail.com', '3106736455', NULL, '1222-02-12 00:00:00', 'CC', NULL, 2, 64, '', NULL, 19, NULL, NULL),
(70263, 'Santiago ', '', 'mailmail@gmail.com', '3147225793', NULL, '1222-02-12 00:00:00', 'CC', NULL, 2, 64, '', NULL, 19, NULL, NULL),
(70264, 'Simón Ramírez ', '', 'mailmail@gmail.com', '3003879057', NULL, '1222-02-12 00:00:00', 'CC', NULL, 2, 64, '', NULL, 19, NULL, NULL),
(70265, 'Sindy Vasquez', '', 'mailmail@gmail.com', '3117058897', NULL, '1222-02-12 00:00:00', 'CC', NULL, 2, 64, '', NULL, 19, NULL, NULL),
(70266, 'Solbeatriz ', '', 'mailmail@gmail.com', '3117787091', NULL, '1222-02-12 00:00:00', 'CC', NULL, 2, 64, '', NULL, 19, NULL, NULL),
(70267, 'Valeria Concejo ASI ', '', 'mailmail@gmail.com', '3148342063', NULL, '1222-02-12 00:00:00', 'CC', NULL, 2, 64, '', NULL, 19, NULL, NULL),
(70268, 'Walter Dario Silva ', '', 'mailmail@gmail.com', '3113256080', NULL, '1222-02-12 00:00:00', 'CC', NULL, 2, 64, '', NULL, 19, NULL, NULL),
(70269, 'YAMELLY ', '', 'mailmail@gmail.com', '3147793016', NULL, '1222-02-12 00:00:00', 'CC', NULL, 2, 64, '', NULL, 19, NULL, NULL),
(70270, 'Yasmin Profesional ', '', 'mailmail@gmail.com', '3145266658', NULL, '1222-02-12 00:00:00', 'CC', NULL, 2, 64, '', NULL, 19, NULL, NULL),
(70271, 'Yesid Sánchez', '', 'mailmail@gmail.com', '3136164199', NULL, '1222-02-12 00:00:00', 'CC', NULL, 2, 64, '', NULL, 19, NULL, NULL),
(70272, 'Godie', '', 'mailmail@gmail.com', '3146548006', NULL, '1222-02-12 00:00:00', 'CC', NULL, 2, 64, '', NULL, 19, NULL, NULL),
(70273, 'Manuela Quintero', '', 'mailmail@gmail.com', '3204708477', NULL, '1222-02-12 00:00:00', 'CC', NULL, 2, 64, '', NULL, 19, NULL, NULL),
(70274, 'Yindy Zapata', '', 'mailmail@gmail.com', '3147284710', NULL, '1222-02-12 00:00:00', 'CC', NULL, 2, 64, '', NULL, 19, NULL, NULL),
(70275, 'Yovana Cuartas', '', 'mailmail@gmail.com', '3126407605', NULL, '1222-02-12 00:00:00', 'CC', NULL, 2, 64, '', NULL, 19, NULL, NULL),
(70276, 'Fernando', '', 'mailmail@gmail.com', '3113779862', NULL, '1222-02-12 00:00:00', 'CC', NULL, 2, 64, '', NULL, 19, NULL, NULL),
(70277, 'ferchoespinosa', '', 'mailmail@gmail.com', '3001965219', NULL, '1222-02-12 00:00:00', 'CC', NULL, 2, 64, '', NULL, 19, NULL, NULL),
(70278, 'Juan Monsalve', '', 'mailmail@gmail.com', '3113452285', NULL, '1222-02-12 00:00:00', 'CC', NULL, 2, 64, '', NULL, 19, NULL, NULL),
(70279, 'Sara Zapata', '', 'mailmail@gmail.com', '3023127617', NULL, '1222-02-12 00:00:00', 'CC', NULL, 2, 64, '', NULL, 19, NULL, NULL),
(70280, 'Mariana Mazo', '', 'mailmail@gmail.com', '3006837240', NULL, '1222-02-12 00:00:00', 'CC', NULL, 2, 64, '', NULL, 19, NULL, NULL),
(70281, 'Alejandro Espinosa', '', 'mailmail@gmail.com', '3246757490', NULL, '1222-02-12 00:00:00', 'CC', NULL, 2, 64, '', NULL, 19, NULL, NULL),
(70282, 'Yuliana Vélez', '', 'mailmail@gmail.com', '3108293237', NULL, '1222-02-12 00:00:00', 'CC', NULL, 2, 64, '', NULL, 19, NULL, NULL),
(70283, 'Valeria Olaya', '', 'mailmail@gmail.com', '3044649509', NULL, '1222-02-12 00:00:00', 'CC', NULL, 2, 64, '', NULL, 19, NULL, NULL),
(70284, 'Valentina Yepes', '', 'mailmail@gmail.com', '3146434813', NULL, '1222-02-12 00:00:00', 'CC', NULL, 2, 64, '', NULL, 19, NULL, NULL),
(70285, 'Salomé Rueda', '', 'mailmail@gmail.com', '3148384786', NULL, '1222-02-12 00:00:00', 'CC', NULL, 2, 64, '', NULL, 19, NULL, NULL),
(70286, 'Sigrid Paola', '', 'mailmail@gmail.com', '3113966684', NULL, '1222-02-12 00:00:00', 'CC', NULL, 2, 64, '', NULL, 19, NULL, NULL),
(70287, 'Daryany', '', 'mailmail@gmail.com', '‎3218031037', NULL, '1222-02-12 00:00:00', 'CC', NULL, 2, 64, '', NULL, 19, NULL, NULL),
(70288, 'Camila Duque', '', 'mailmail@gmail.com', '3106706679', NULL, '1222-02-12 00:00:00', 'CC', NULL, 2, 64, '', NULL, 19, NULL, NULL),
(70289, 'Sebastian Quintero', '', 'mailmail@gmail.com', '3173400869', NULL, '1222-02-12 00:00:00', 'CC', NULL, 2, 64, '', NULL, 19, NULL, NULL),
(70290, 'Brayan Gomez', '', 'mailmail@gmail.com', '3135860967', NULL, '1222-02-12 00:00:00', 'CC', NULL, 2, 64, '', NULL, 19, NULL, NULL),
(70291, 'Catalina Cuartas', '', 'mailmail@gmail.com', '3005309836', NULL, '1222-02-12 00:00:00', 'CC', NULL, 2, 64, '', NULL, 19, NULL, NULL),
(70292, 'David Espinoza', '', 'mailmail@gmail.com', '3238042470', NULL, '1222-02-12 00:00:00', 'CC', NULL, 2, 64, '', NULL, 19, NULL, NULL),
(70293, 'Sergio Vélez', '', 'mailmail@gmail.com', '3113136596', NULL, '1222-02-12 00:00:00', 'CC', NULL, 2, 64, '', NULL, 19, NULL, NULL),
(70294, 'Andrea', 'Eusse', NULL, '3117951014', NULL, NULL, 'CC', NULL, 1, 64, '', NULL, 19, NULL, NULL),
(70295, 'Julio', 'Yepes', NULL, '3138856056', 99, NULL, 'CC', NULL, 2, 67, '', NULL, 14, NULL, NULL),
(70296, 'Alvaro', 'Yepes', NULL, '3208317631', 99, NULL, 'CC', NULL, 2, 67, '', NULL, 14, NULL, NULL),
(70297, 'Floro', 'Yepes', NULL, '3108024769', 99, NULL, 'CC', NULL, 2, 67, '', NULL, 14, NULL, NULL),
(70298, 'Jesus', 'Yepes', NULL, '3125237001', 99, NULL, 'CC', NULL, 2, 67, '', NULL, 14, NULL, NULL),
(70299, 'Luis', 'Yepes', NULL, '3106990233', 99, NULL, 'CC', NULL, 2, 67, '', NULL, 14, NULL, NULL),
(70300, 'Marzo', 'Yepes', NULL, '3107750803', 99, NULL, 'CC', NULL, 2, 67, '', NULL, 14, NULL, NULL),
(70301, 'Luisa', 'Garcia', NULL, '3219508967', 104, NULL, 'CC', NULL, 1, 69, '', NULL, 14, NULL, NULL),
(70302, 'Jose', 'Herrera', NULL, '3044301983', 104, NULL, 'CC', NULL, 2, 69, '', NULL, 14, NULL, NULL),
(70303, 'Gabriel', 'Peralta', NULL, '3115906255', 104, NULL, 'CC', NULL, 2, 69, '', NULL, 14, NULL, NULL),
(70304, 'Edison', 'Herrera', NULL, '3022479885', 104, NULL, 'CC', NULL, 2, 69, '', NULL, 14, NULL, NULL),
(70305, 'Orfilia', ' ', NULL, '3133477507', 102, NULL, 'CC', NULL, 1, 67, '', NULL, 14, NULL, NULL),
(70306, 'Edilson', 'Yepes', NULL, '3112555783', 99, NULL, 'CC', NULL, 2, 67, '', NULL, 14, NULL, NULL),
(70307, 'Jennifer', 'Pinilla', NULL, '3212223427', 102, NULL, 'CC', NULL, 1, 67, '', NULL, 14, NULL, NULL),
(70308, 'Xiomara', 'Tellez', NULL, '3228811064', 92, NULL, 'CC', NULL, 1, 1, '', NULL, 14, NULL, NULL),
(70309, 'Lorena', 'Martinez', NULL, '3118630253', 99, NULL, 'CC', NULL, 1, 67, '', NULL, 14, NULL, NULL),
(70310, 'Pablo', 'Gordillo ', NULL, '3142248760', 69, NULL, 'CC', NULL, 2, 1, '', NULL, 14, NULL, NULL),
(70311, 'Omaira', 'Ahumada', NULL, '3208020281', 99, NULL, 'CC', NULL, 1, 67, '', NULL, 14, NULL, NULL),
(70312, 'Nelson', 'Gonzalez', NULL, '3102441715', 85, NULL, 'CC', NULL, 2, 1, '', NULL, 14, NULL, NULL),
(70313, 'Alirio', 'Gonzalez', NULL, '3115651832', 85, NULL, 'CC', NULL, 2, 1, '', NULL, 14, NULL, NULL),
(70314, 'Paola', 'Galindo', NULL, '3227978373', 102, NULL, 'CC', NULL, 1, 67, '', NULL, 14, NULL, NULL),
(70315, 'Adolfina', 'Medina', NULL, '3222262735', 92, NULL, 'CC', NULL, 1, 1, '', NULL, 14, NULL, NULL),
(70316, 'Angel', 'Murcia', NULL, '3124917102', 64, NULL, 'CC', NULL, 2, 1, '', NULL, 14, NULL, NULL),
(70317, 'Maykel', 'Murcia Espejo', NULL, '3144025759', 64, NULL, 'CC', NULL, 2, 1, '', NULL, 14, NULL, NULL),
(70318, 'Carlos', 'Castellanos', NULL, '3142253185', 109, NULL, 'CC', NULL, 2, 67, '', NULL, 14, NULL, NULL),
(70319, 'Cristian', 'Rojas', NULL, '3112902880', 102, NULL, 'CC', NULL, 2, 67, '', NULL, 14, NULL, NULL),
(70320, 'Jorgue', 'Castro', NULL, '3132422337', 102, NULL, 'CC', NULL, 2, 67, '', NULL, 14, NULL, 8),
(70321, 'Sara', 'Comunicadora', 'fernando.test@gmail.com', '3145643161', NULL, '8788-08-07 00:00:00', 'CC', NULL, 2, 64, '', NULL, 19, NULL, NULL),
(70322, 'David ', 'Ciro', 'mail@mail.com', '3184666618', NULL, '0545-05-04 00:00:00', 'CC', NULL, 2, 66, '', NULL, 25, NULL, NULL),
(70323, 'Enrique', 'Osorio', NULL, '3114641766', 88, NULL, 'CC', NULL, 2, 1, '', NULL, 14, NULL, NULL),
(70324, 'Marta ', 'Castro', NULL, '3125400690', 88, NULL, 'CC', NULL, 1, 1, '', NULL, 14, NULL, NULL),
(70325, 'Fredy', 'Urbina', NULL, '3123829783', 88, NULL, 'CC', NULL, 2, 1, '', NULL, 14, NULL, NULL),
(70326, 'Marcos', 'Osorio', NULL, '3124906693', 88, NULL, 'CC', NULL, 2, 1, '', NULL, 14, NULL, NULL),
(70327, 'Nubia', 'Osorio', NULL, '3233938297', 88, NULL, 'CC', NULL, 1, 1, '', NULL, 14, NULL, NULL),
(70328, 'Oscar', 'Hernandez', NULL, '3217612058', 88, NULL, 'CC', NULL, 2, 1, '', NULL, 14, NULL, NULL),
(70329, 'Oscar', 'Ruiz', NULL, '3222372082', 88, NULL, 'CC', NULL, 2, 1, '', NULL, 14, NULL, NULL),
(70330, 'Mayerly', 'Anzola', NULL, '3133285930', 102, NULL, 'CC', NULL, 1, 67, '', NULL, 14, NULL, NULL),
(70331, 'Albeiro', 'Muñoz', NULL, '3212281321', 102, NULL, 'CC', NULL, 2, 67, '', NULL, 14, NULL, NULL),
(70332, 'Gabriel', 'Gonzalez', NULL, '3104638173', 61, NULL, 'CC', NULL, 2, 1, '', NULL, 14, NULL, 7),
(70333, 'Javier', 'Vargas', NULL, '3204334798', 76, NULL, 'CC', NULL, 2, 1, '', NULL, 14, NULL, NULL),
(70334, 'Leonardo', 'Moreno', NULL, '3134265908', 74, NULL, 'CC', NULL, 2, 1, '', NULL, 14, NULL, NULL),
(70335, 'Maribel', 'Sarmiento', NULL, '3138722198', 102, NULL, 'CC', NULL, 1, 67, '', NULL, 14, NULL, NULL),
(70336, 'Marlen', 'Rojas', NULL, '3204913465', 102, NULL, 'CC', NULL, 1, 67, '', NULL, 14, NULL, NULL),
(70337, 'Neila', 'Rojas', NULL, '3107860646', 102, NULL, 'CC', NULL, 1, 67, '', NULL, 14, NULL, NULL),
(70338, 'Zulma', 'Velez', NULL, '3176813655', 99, NULL, 'CC', NULL, 1, 67, '', NULL, 14, NULL, NULL),
(70339, 'Yimmi', '  ', NULL, '3143794473', 99, NULL, 'CC', NULL, 2, 67, '', NULL, 14, NULL, NULL),
(70340, 'Tania ', 'Blandon', NULL, '3108370840', 88, NULL, 'CC', NULL, 1, 1, '', NULL, 14, NULL, NULL),
(70341, 'Holman', 'Martinez', NULL, '3214911879', 99, NULL, 'CC', NULL, 2, 67, '', NULL, 14, NULL, NULL),
(70342, 'Stefania', 'Nuñez', NULL, '3143823535', 98, NULL, 'CC', NULL, 1, 67, '', NULL, 14, NULL, NULL),
(70343, 'Luzdary', 'Tolosa', NULL, '3204612911', 102, NULL, 'CC', NULL, 1, 67, '', NULL, 14, NULL, NULL),
(70344, 'Naila', 'Martinez', NULL, '3132429755', 99, NULL, 'CC', NULL, 1, 67, '', NULL, 14, NULL, NULL),
(70345, 'Katalina', 'Martinez', NULL, '3204091452', 99, NULL, 'CC', NULL, 1, 67, '', NULL, 14, NULL, NULL),
(70346, 'Jose', 'Cepeda', NULL, '3102940630', 108, NULL, 'CC', NULL, 2, 1, '', NULL, 14, NULL, NULL),
(70347, 'Danilo', 'Hernández', NULL, '3118510823', 83, NULL, 'CC', NULL, 2, 1, '', NULL, 14, NULL, NULL),
(70348, 'Veronica', 'Molano', NULL, '3229419154', 83, NULL, 'CC', NULL, 1, 1, '', NULL, 14, NULL, NULL),
(70349, 'Mayerli', 'Molano', NULL, '3132052051', 83, NULL, 'CC', NULL, 1, 1, '', NULL, 14, NULL, NULL),
(70350, 'Erika', 'Benitez', NULL, '3112208974', 83, NULL, 'CC', NULL, 1, 1, '', NULL, 14, NULL, NULL),
(70351, 'Audelino', 'Hernández', NULL, '3202600991', 83, NULL, 'CC', NULL, 2, 1, '', NULL, 14, NULL, NULL),
(70352, 'Santiago', 'Molano', NULL, '3112929619', 83, NULL, 'CC', NULL, 2, 1, '', NULL, 14, NULL, NULL),
(70353, 'Hector', 'Molano', NULL, '3223794497', 83, NULL, 'CC', NULL, 2, 1, '', NULL, 14, NULL, NULL),
(70354, 'Ronel', '  ', NULL, '3118055945', 99, NULL, 'CC', NULL, 2, 67, '', NULL, 14, NULL, NULL),
(70355, 'Ronal', '  ', NULL, '3176591878', 99, NULL, 'CC', NULL, 2, 67, '', NULL, 14, NULL, NULL),
(70356, 'Alexandra', '  ', NULL, '3208129148', 99, NULL, 'CC', NULL, 1, 67, '', NULL, 14, NULL, NULL),
(70357, 'Anderson', ' ', NULL, '3118114270', 99, NULL, 'CC', NULL, 2, 67, '', NULL, 14, NULL, NULL),
(70358, 'Adrian', 'Ceballos', NULL, '3118632619', 99, NULL, 'CC', NULL, 2, 67, '', NULL, 14, NULL, NULL),
(70359, 'Antonio', 'Gualteros', NULL, '3108526054', 99, NULL, 'CC', NULL, 2, 67, '', NULL, 14, NULL, NULL),
(70360, 'Norbey', ' ', NULL, '3144441514', 99, NULL, 'CC', NULL, 2, 67, '', NULL, 14, NULL, NULL),
(70361, 'Olmedo', 'Ordóñez', NULL, '3228684824', 60, NULL, 'CC', NULL, 2, 1, '', NULL, 14, NULL, NULL),
(70362, 'Facundo', 'Rojas', NULL, '3144604921', 99, NULL, 'CC', NULL, 2, 67, '', NULL, 14, NULL, NULL),
(70363, 'Rito', 'Ordoñez', NULL, '3222100727', 60, NULL, 'CC', NULL, 2, 1, '', NULL, 14, NULL, NULL),
(70364, 'Hector', 'Avila', NULL, '3208569960', 99, NULL, 'CC', NULL, 2, 67, '', NULL, 14, NULL, NULL),
(70365, 'Amalia', 'Mahecha', NULL, '3107612104', 105, NULL, 'CC', NULL, 1, 1, '', NULL, 14, NULL, 7),
(70366, 'Oscar', 'Barrreto', NULL, '3138081441', 99, NULL, 'CC', NULL, 2, 67, '', NULL, 14, NULL, NULL),
(70367, 'María', 'Anzola', NULL, '3222376286', 105, NULL, 'CC', NULL, 1, 1, '', NULL, 14, NULL, NULL),
(70368, 'Jeimy', 'Sanchez', NULL, '3235798118', 105, NULL, 'CC', NULL, 1, 1, '', NULL, 14, NULL, NULL),
(70369, 'Manuel', 'Bustos', NULL, '3163747441', 99, NULL, 'CC', NULL, 2, 67, '', NULL, 14, NULL, NULL),
(70370, 'Mauricio', 'Campos', NULL, '3153897320', 109, NULL, 'CC', NULL, 2, 67, '', NULL, 14, NULL, NULL),
(70371, 'Hazbleidy', ' ', NULL, '3125128689', 109, NULL, 'CC', NULL, 1, 67, '', NULL, 14, NULL, NULL),
(70372, 'Ramiro', 'Cruz', NULL, '3143575469', 109, NULL, 'CC', NULL, 2, 67, '', NULL, 14, NULL, NULL),
(70373, 'Gloria', 'Saavedra', NULL, '3208314996', 109, NULL, 'CC', NULL, 1, 67, '', NULL, 14, NULL, NULL),
(70374, 'Hector', 'Gonzalez', NULL, '3103251956', 109, NULL, 'CC', NULL, 2, 67, '', NULL, 14, NULL, NULL),
(70375, 'Alex', 'Galindo', NULL, '3118175535', 109, NULL, 'CC', NULL, 2, 67, '', NULL, 14, NULL, NULL),
(70376, 'Holman', 'Martinez', NULL, '3214911879', 109, NULL, 'CC', NULL, 2, 67, '', NULL, 14, NULL, NULL),
(70377, 'Asdrual', 'Mendez', NULL, '3103240539', 109, NULL, 'CC', NULL, 2, 67, '', NULL, 14, NULL, NULL),
(70378, 'Milena', ' ', NULL, '3186523372', 109, NULL, 'CC', NULL, 1, 67, '', NULL, 14, NULL, NULL),
(70379, 'Lizeth', ' ', NULL, '3214861528', 109, NULL, 'CC', NULL, 2, 67, '', NULL, 14, NULL, NULL),
(70380, 'Albert', 'Moreno', NULL, '3112493394', 109, NULL, 'CC', NULL, 2, 67, '', NULL, 14, NULL, NULL),
(70381, 'Angelo', 'Beltran', NULL, '3222201139', 109, NULL, 'CC', NULL, 2, 67, '', NULL, 14, NULL, NULL),
(70382, 'Andres', 'Gamero', NULL, '3183831447', 109, NULL, 'CC', NULL, 2, 67, '', NULL, 14, NULL, NULL),
(70383, 'Elkin', 'Ordoñez', NULL, '3136824017', 109, NULL, 'CC', NULL, 2, 67, '', NULL, 14, NULL, NULL),
(70384, 'Ramiro', 'Ortiz', NULL, '3138919718', 109, NULL, 'CC', NULL, 2, 67, '', NULL, 14, NULL, NULL),
(70385, 'Giovany', ' ', NULL, '3173754189', 109, NULL, 'CC', NULL, 2, 67, '', NULL, 14, NULL, NULL),
(70386, 'Wilinton', 'Vargas', NULL, '3208379700', 109, NULL, 'CC', NULL, 2, 67, '', NULL, 14, NULL, 8),
(70387, 'Fabian', ' ', NULL, '3202882039', 109, NULL, 'CC', NULL, 2, 67, '', NULL, 14, NULL, NULL),
(70388, 'Javier', 'Perillla', NULL, '3213205577', 109, NULL, 'CC', NULL, 2, 67, '', NULL, 14, NULL, NULL),
(70389, 'Alexandra', 'Rojas', NULL, '3202286553', 109, NULL, 'CC', NULL, 1, 67, '', NULL, 14, NULL, NULL),
(70390, 'Janeth', ' ', NULL, '3133906771', 109, NULL, 'CC', NULL, 1, 67, '', NULL, 14, NULL, NULL),
(70391, 'Tatiana', ' ', NULL, '3203914416', 109, NULL, 'CC', NULL, 1, 67, '', NULL, 14, NULL, NULL),
(70392, 'Jhonatan', 'Sanchez', NULL, '3133489565', 109, NULL, 'CC', NULL, 2, 67, '', NULL, 14, NULL, 8),
(70393, 'Rafael', 'Sandoval', NULL, '3176681927', 109, NULL, 'CC', NULL, 2, 67, '', NULL, 14, NULL, NULL),
(70394, 'Jhon', 'Garavito', NULL, '3108825940', 109, NULL, 'CC', NULL, 2, 67, '', NULL, 14, NULL, NULL),
(70395, 'Mayerly', 'Torres', NULL, '3202221091', 109, NULL, 'CC', NULL, 1, 67, '', NULL, 14, NULL, NULL),
(70396, 'Maira', 'Carillo', NULL, '3106814741', 88, NULL, 'CC', NULL, 1, 1, '', NULL, 14, NULL, NULL),
(70397, 'Alba Lucia', 'Rojas', NULL, '3112298155', 109, NULL, 'CC', NULL, 1, 67, '', NULL, 14, NULL, 8),
(70398, 'Javier', 'Perilla', NULL, '3106112164', 109, NULL, 'CC', NULL, 2, 67, '', NULL, 14, NULL, NULL),
(70399, 'Maria', 'Eugenia', NULL, '3209785771', 58, NULL, 'CC', NULL, 1, 1, '', NULL, 14, NULL, NULL),
(70400, 'Ana', 'Alvarez', NULL, '3133080958', 102, NULL, 'CC', NULL, 1, 67, '', NULL, 14, NULL, NULL),
(70401, 'Alfredo', 'Jimenez', NULL, '3118887399', 98, NULL, 'CC', NULL, 2, 67, '', NULL, 14, NULL, NULL),
(70402, 'Leonardo', 'Cifuentes', NULL, '3103958416', 98, NULL, 'CC', NULL, 2, 67, '', NULL, 14, NULL, NULL),
(70403, 'Jhon', 'Aguilar', NULL, '3203004202', 95, NULL, 'CC', NULL, 2, 1, '', NULL, 14, NULL, NULL),
(70404, 'Jose', 'Alfredo', NULL, '3134324780', 81, NULL, 'CC', NULL, 2, 1, '', NULL, 14, NULL, NULL),
(70405, 'Jose', 'Peña', NULL, '3142867553', 99, NULL, 'CC', NULL, 2, 67, '', NULL, 14, NULL, NULL),
(70406, 'Jhon', 'Jairo', NULL, '3124456490', 109, NULL, 'CC', NULL, 2, 67, '', NULL, 14, NULL, NULL),
(70407, 'Jaqueline', 'Velasquez', NULL, '3114414803', 91, NULL, 'CC', NULL, 1, 1, '', NULL, 14, NULL, 7),
(70408, 'Jhon', 'Saavedra', NULL, '3223285245', 98, NULL, 'CC', NULL, 2, 67, '', NULL, 14, NULL, NULL),
(70409, 'Jobany', 'Pinilla', NULL, '3115424804', 99, NULL, 'CC', NULL, 2, 67, '', NULL, 14, NULL, NULL),
(70410, 'Julieth', 'Carrillo', NULL, '3133768497', 102, NULL, 'CC', NULL, 1, 67, '', NULL, 14, NULL, NULL),
(70411, 'Mary', ' ', NULL, '3208648873', 99, NULL, 'CC', NULL, 1, 67, '', NULL, 14, NULL, NULL),
(70412, 'Patricia', 'Rojas', NULL, '3219671988', 102, NULL, 'CC', NULL, 1, 67, '', NULL, 14, NULL, NULL),
(70413, 'Eduard', ' ', NULL, '3114952467', 99, NULL, 'CC', NULL, 2, 67, '', NULL, 14, NULL, NULL);

-- --------------------------------------------------------

--
-- Table structure for table "Users"
--

CREATE TABLE "Users" (
  "Id" BIGINT NOT NULL,
  "FirstName" VARCHAR NOT NULL,
  "LastName" VARCHAR NOT NULL,
  "Email" VARCHAR NOT NULL,
  "Phone" VARCHAR DEFAULT NULL,
  "DocumentType" VARCHAR DEFAULT NULL,
  "DocumentId" VARCHAR DEFAULT NULL,
  "Active" BOOLEAN NOT NULL DEFAULT TRUE,
  "PasswordHash" VARCHAR NOT NULL
) ;

--
-- Dumping data for table "Users"
--

INSERT INTO "Users" ("Id", "FirstName", "LastName", "Email", "Phone", "DocumentType", "DocumentId", "Active", "PasswordHash") VALUES
(14, 'Willian Andres', 'Ortiz Puentes', 'Otanchemitierra@gmail.com', '3133952177', 'Otanche', '1', TRUE, '$2a$10$4jkpuUnG9iLO7lZlQl68nuv6uqeZlBeAXWY5C4aTD9BijPzj4joY.'),
(15, 'Alejandro', 'Villegas', 'Alejandro.Villegas@gmail.com', '3108585801', 'San Roque', 'alcalde', TRUE, '$2a$10$v6wx7uQXcHCkBgMcW1uRH.VMC0hGWRuAJjk3ZM/kkF7a2HnKrEKXG'),
(16, 'Fernando', 'Espinosa', 'Fernando.Espinosa@gmail.com', '3108585801', 'Yarumal', 'Alcalde', TRUE, '$2a$10$8Rb4cXY2VkEKgJEtcF/QXO2hQoBWYY1mzznitZeAkhoav2t2XKkJm'),
(17, 'Alejandro', 'Villegas', 'Alejandro.test@gmail.com', '3108585801', 'San Roque', 'Alcalde', TRUE, '$2a$10$oWcVRGaIh6h7zBz3.HIn9ecjZPgiG/YADZlR3.BRrPl3qm8AYp1by'),
(18, 'Tiberio', 'Orrego', 'Tiberio.Orrego@gmail.com', '3108585801', 'Santo Domingo', 'Santo Domingo', TRUE, '$2a$10$exjIMyVu023ppU/ISPvun.hY4pc6zuqQww6fq80mWNL560qz4Nuxq'),
(19, 'Fernando', 'Espinosa', 'fernando.test@gmail.com', '3108585801', 'Yarumal', 'Alcalde', TRUE, '$2a$10$B1Ylnf9yX65oK5fTiUr6G.91i1GxYft8ClNqSfQrbvCM7DhT88VLS'),
(23, 'Hernán', 'Torres', 'hernan.torres@gmail.com', '3108585801', 'Antioquia', 'Diputado', TRUE, '$2a$10$oWcVRGaIh6h7zBz3.HIn9ecjZPgiG/YADZlR3.BRrPl3qm8AYp1by'),
(24, 'Hernán', 'Torres', 'hernan.test@gmail.com', '1234567', 'Antioquia', 'Diputado', TRUE, '$2a$10$I8a/iMhWQ68mI/0iROFb7OCihEntSsMFjwf7rT7eWjcMHiqNurity'),
(25, 'Iván', 'Laguna', 'ivan.laguna@gmail.com', '1234567', 'Puerto Berrio', 'Alcalde', TRUE, '$2a$10$271dAaFMMA8DkXMGisGqUOKidV6DaHsgJ39hfR.K7kVPjsYXl7Eey'),
(28, 'David', 'Ciro', 'david.ciro@gmail.com', '1234567', 'Medellín', 'Alcalde', TRUE, '$2a$10$jdkXtKQlln4NQwH2hG3bbO.hHijLtyXjZFu5hA4Bj8FG1l/IfCmrC');

--
-- Indexes for dumped tables
--

--
-- Indexes for table "NaturalHose"
--
ALTER TABLE "NaturalHose"
  ADD PRIMARY KEY ("Id"),
  ADD KEY "User_NatureHouseId_FK" ("ServicesId");

--
-- Indexes for table "Send"
--
ALTER TABLE "Send"
  ADD PRIMARY KEY ("Id");

--
-- Indexes for table "Services"
--
ALTER TABLE "Services"
  ADD PRIMARY KEY ("Id"),
  ADD KEY "User_ServiceId_FK" ("UserId");

--
-- Indexes for table "Sex"
--
ALTER TABLE "Sex"
  ADD PRIMARY KEY ("Id");

--
-- Indexes for table "ShipmentOrders"
--
ALTER TABLE "ShipmentOrders"
  ADD PRIMARY KEY ("Id"),
  ADD UNIQUE KEY "IX_ShipmentOrders_Id" ("Id"),
  ADD KEY "IX_ShipmentOrders_ModifyUserId" ("ModifyUserId"),
  ADD KEY "ShipmentOrders_ModifySexId_FK" ("SexId"),
  ADD KEY "ServicesId_FK" ("ServicesId"),
  ADD KEY "House_From_FK" ("HouseId"),
  ADD KEY "ShipmentOrders_ActivityEnomic_FK" ("EconomicActivity"),
  ADD KEY "ShipmentOrders_FK" ("ServiceActivityId");

--
-- Indexes for table "Users"
--
ALTER TABLE "Users"
  ADD PRIMARY KEY ("Id"),
  ADD UNIQUE KEY "IX_Users_Id" ("Id");

--
-- AUTO_INCREMENT for dumped tables
--

--
-- AUTO_INCREMENT for table "NaturalHose"
--
ALTER TABLE "NaturalHose"
  MODIFY "Id" BIGSERIAL PRIMARY KEY, AUTO_INCREMENT=110;
--
-- AUTO_INCREMENT for table "Send"
--
ALTER TABLE "Send"
  MODIFY "Id" BIGSERIAL PRIMARY KEY, AUTO_INCREMENT=72;
--
-- AUTO_INCREMENT for table "Services"
--
ALTER TABLE "Services"
  MODIFY "Id" BIGSERIAL PRIMARY KEY, AUTO_INCREMENT=72;
--
-- AUTO_INCREMENT for table "Sex"
--
ALTER TABLE "Sex"
  MODIFY "Id" BIGSERIAL PRIMARY KEY, AUTO_INCREMENT=4;
--
-- AUTO_INCREMENT for table "ShipmentOrders"
--
ALTER TABLE "ShipmentOrders"
  MODIFY "Id" BIGSERIAL PRIMARY KEY, AUTO_INCREMENT=70414;
--
-- AUTO_INCREMENT for table "Users"
--
ALTER TABLE "Users"
  MODIFY "Id" BIGSERIAL PRIMARY KEY, AUTO_INCREMENT=29;
--
-- Constraints for dumped tables
--

--
-- Constraints for table "NaturalHose"
--
ALTER TABLE "NaturalHose"
  ADD CONSTRAINT "User_NatureHouseId_FK" FOREIGN KEY ("ServicesId") REFERENCES "Services" ("Id");

--
-- Constraints for table "Services"
--
ALTER TABLE "Services"
  ADD CONSTRAINT "User_ServiceId_FK" FOREIGN KEY ("UserId") REFERENCES "Users" ("Id");

--
-- Constraints for table "ShipmentOrders"
--
ALTER TABLE "ShipmentOrders"
  ADD CONSTRAINT "House_From_FK" FOREIGN KEY ("HouseId") REFERENCES "NaturalHose" ("Id"),
  ADD CONSTRAINT "ServicesId_FK" FOREIGN KEY ("ServicesId") REFERENCES "Services" ("Id"),
  ADD CONSTRAINT "ShipmentOrders_ActivityEnomic_FK" FOREIGN KEY ("EconomicActivity") REFERENCES "NaturalHose" ("Id"),
  ADD CONSTRAINT "ShipmentOrders_FK" FOREIGN KEY ("ServiceActivityId") REFERENCES "Services" ("Id"),
  ADD CONSTRAINT "ShipmentOrders_ModifySexId_FK" FOREIGN KEY ("SexId") REFERENCES "Sex" ("Id"),
  ADD CONSTRAINT "ShipmentOrders_ModifyUserId_FK" FOREIGN KEY ("ModifyUserId") REFERENCES "Users" ("Id");
COMMIT;




